{"102-110": 3228250209.661613, "102-254": -0.02, "102-201": 98973278.369104, "102-003": 55094965.0, "102-103": 136458389.77499998, "102-101": 7137597204.768112, "102-102": 165300803.59394604, "102-113": 96065711.76, "102-010": 248216000.41, "102-006": 1729884420.4900002, "102-018": 0.0, "102-001": 7528916451.3112755}