'101KM260100133','2026-01-01 00:00:00.000','102-001',0.000000,135825948.000000,'REVISI PERPINDAHAN STOCK DARI 12V DI AKHIR TAHUN 2025  RUBAH','101KM260100133'
'101KP260100016','2026-01-01 00:00:00.000','102-001',26549048.000000,0.000000,'REVISI PERPINDAHAN STOCK DARI 12V KE 24V DI AKHIR TAHUN 2025  RUBAH STOCK','101KP260100016'
'101KM260100012','2026-01-02 00:00:00.000','102-101',0.000000,7.210000,'PT. MAHAKARISMA SV-600 24V  07.2601001','101KM260100012'
'101KM260100013','2026-01-02 00:00:00.000','102-110',0.000000,1398500.000000,'PT. KRISTAL TRANSPORTASI INDONESIA KE-4/T-1200R/CIM 1083290/HINO FL/18966  06877','101KM260100013'
'101KM260100014','2026-01-02 00:00:00.000','102-110',0.000000,1398500.000000,'PT. MODERN PRIMA TRANSPORTASI KE-6/T-1080 PRO/CIM 1086504/HINO FL/18061  06764','101KM260100014'
'10103260100003','2026-01-02 00:00:00.000','102-001',0.000000,211206845.080000,'TR-UNIT TRUCK THERMO KING','10103260100003'
'101BTB260100006','2026-01-02 00:00:00.000','102-102',14900000.000000,0.000000,'(SPARE PARTS THERMO KING LOKAL) PT. AMARI INTI ROYAL AIR926010388','101BTB260100006'
'101KM260100120','2026-01-02 00:00:00.000','102-110',0.000000,3758807.130000,'PRESS HOSE ASSY  KBS2510/0017A','101KM260100120'
'101KM260100119','2026-01-02 00:00:00.000','102-101',0.000000,789721.220000,'PERL. UNIT SV-600 24V SUMBER AIRCORINDO SEJAHTERA  KBS2512/029','101KM260100119'
'10203260100003','2026-01-02 00:00:00.000','102-020',0.000000,211206845.080000,'101251200065 PT. MODERN PRIMA TRANSPORTASI                                 UNIT KE-6','10203260100003'
'10203260100003','2026-01-02 00:00:00.000','102-001',211206845.080000,0.000000,'101251200065 PT. MODERN PRIMA TRANSPORTASI                                 UNIT KE-6','10203260100003'
'101BTB261200001','2026-01-02 00:00:00.000','102-201',132000.000000,0.000000,'(MATERIAL TAMBAHAN) H-TECH   15796','101BTB261200001'
'101BTB261200001','2026-01-02 00:00:00.000','102-110',4200000.000000,0.000000,'(LOKAL) H-TECH   15796','101BTB261200001'
'101BTB261200001','2026-01-02 00:00:00.000','102-101',4200000.000000,0.000000,'(SPARE PARTS THERMO KING) H-TECH   15796','101BTB261200001'
'101KP260100010','2026-01-02 00:00:00.000','102-110',2855230.000000,0.000000,'INTERN.   083A','101KP260100010'
'101KP260100012','2026-01-02 00:00:00.000','102-102',1100000.000000,0.000000,'TAM SURABAYA SERASI AUTO  083','101KP260100012'
'101KP260100015','2026-01-02 00:00:00.000','102-110',10.000000,0.000000,'  JAN''26','101KP260100015'
'101KP260100015','2026-01-02 00:00:00.000','102-110',20916696.000000,0.000000,'  JAN''26','101KP260100015'
'101KP260100015','2026-01-02 00:00:00.000','102-102',500000.000000,0.000000,'  JAN''26','101KP260100015'
'101KP260100015','2026-01-02 00:00:00.000','102-101',6926989.000000,0.000000,'  JAN''26','101KP260100015'
'101KM260100010','2026-01-05 00:00:00.000','102-101',0.000000,663150.360000,'PT. BAHARI TRANS LOGISTIK SV-800 24V  07.2601003','101KM260100010'
'101KM260100011','2026-01-05 00:00:00.000','102-101',0.000000,1240023.950000,'PT. WINSON SINGA T-1200  07.2601002','101KM260100011'
'101KM260100015','2026-01-05 00:00:00.000','102-110',0.000000,1028314.540000,'KREASI SEJUK SARANA KE-2/SV-400 12V/CIM 1076043/ISUZU TRAGA/J574165  06886','101KM260100015'
'101KM260100015','2026-01-05 00:00:00.000','102-102',0.000000,114504.500000,'KREASI SEJUK SARANA KE-2/SV-400 12V/CIM 1076043/ISUZU TRAGA/J574165  06886','101KM260100015'
'101KM260100016','2026-01-05 00:00:00.000','102-110',0.000000,2394445.480000,'ANUGERAH MITRA LOGISTIK/SV-600 12V/CIM 1079958/HD EURO 4/5005185  06864','101KM260100016'
'101KM260100016','2026-01-05 00:00:00.000','102-102',0.000000,137405.400000,'ANUGERAH MITRA LOGISTIK/SV-600 12V/CIM 1079958/HD EURO 4/5005185  06864','101KM260100016'
'101KM260100017','2026-01-05 00:00:00.000','102-110',0.000000,1028314.540000,'KREASI SEJUK SARANA KE-1/SV-400 12V/CIM 1076035/ISUZU TRAGA/J574164  06886','101KM260100017'
'101KM260100017','2026-01-05 00:00:00.000','102-102',0.000000,114504.500000,'KREASI SEJUK SARANA KE-1/SV-400 12V/CIM 1076035/ISUZU TRAGA/J574164  06886','101KM260100017'
'101260100004','2026-01-05 00:00:00.000','102-020',247123579.070000,0.000000,'CIM1083288 PT. SENTRAS BOX INDONESIA                - DUA PUTRA PERKASA               UNIT KE-2','101260100004'
'101260100004','2026-01-05 00:00:00.000','102-001',0.000000,247123579.070000,'CIM1083288 PT. SENTRAS BOX INDONESIA                - DUA PUTRA PERKASA               UNIT KE-2','101260100004'
'101KM260100018','2026-01-05 00:00:00.000','102-110',0.000000,1398500.000000,'PT. ANANDA SOLUSINDO KE-15/T-1200R/CIM 1083285/HINO FL/18430  06830','101KM260100018'
'101260100003','2026-01-05 00:00:00.000','102-020',247123579.070000,0.000000,'CIM1083285 PT. MANGGALA KIAT ANANDA                           UNIT KE-15','101260100003'
'101260100003','2026-01-05 00:00:00.000','102-001',0.000000,247123579.070000,'CIM1083285 PT. MANGGALA KIAT ANANDA                           UNIT KE-15','101260100003'
'101KM260100019','2026-01-05 00:00:00.000','102-110',0.000000,2444564.450000,'PT. MITRA ABADI SEJATI (MAS)/SV-600 24V/CIM 1083259/CD EURO 4/004139  06871','101KM260100019'
'101KM260100019','2026-01-05 00:00:00.000','102-102',0.000000,137405.400000,'PT. MITRA ABADI SEJATI (MAS)/SV-600 24V/CIM 1083259/CD EURO 4/004139  06871','101KM260100019'
'101KM260100024','2026-01-05 00:00:00.000','102-110',0.000000,1398500.000000,'PT. SENTRAS BOX INDONEISA KE-2/T-1200R/CIM 1083288/HINO FL/18327  06799','101KM260100024'
'101260100002','2026-01-05 00:00:00.000','102-020',39585996.540000,0.000000,'CIM1083259 CV. MITRA ABADI SEJATI                                 - NEW GALLERI AC','101260100002'
'101260100002','2026-01-05 00:00:00.000','102-001',0.000000,39585996.540000,'CIM1083259 CV. MITRA ABADI SEJATI                                 - NEW GALLERI AC','101260100002'
'101260100001','2026-01-05 00:00:00.000','102-020',34649470.030000,0.000000,'CIM1076043 CV. KREASI SEJUK SARANA                        UNIT KE-2','101260100001'
'101260100001','2026-01-05 00:00:00.000','102-001',0.000000,34649470.030000,'CIM1076043 CV. KREASI SEJUK SARANA                        UNIT KE-2','101260100001'
'10103260100001','2026-01-05 00:00:00.000','102-001',0.000000,247123579.070000,'TR-UNIT TRUCK THERMO KING','10103260100001'
'101BTB260100003','2026-01-05 00:00:00.000','102-110',4195500.000000,0.000000,'(LOKAL) ALBERT AL1490','101BTB260100003'
'10103260100002','2026-01-05 00:00:00.000','102-001',0.000000,247123579.070000,'TR-UNIT TRUCK THERMO KING','10103260100002'
'101BTB260100004','2026-01-05 00:00:00.000','102-110',4195500.000000,0.000000,'(LOKAL) ALBERT AL1327','101BTB260100004'
'101BTB260100039','2026-01-05 00:00:00.000','102-110',1110000.000000,0.000000,'(LOKAL) MULIA JAYA 9976','101BTB260100039'
'101KM260100114','2026-01-05 00:00:00.000','102-101',0.000000,961639.170000,'PERL.UNIT SV-600 12V U/ ANUGERAH MITRA  KBS2601/004','101KM260100114'
'101KM260100115','2026-01-05 00:00:00.000','102-110',0.000000,10.000000,'RUBAH PULLEY COMPR SV-400 12V KREASI SEJUK  KBS2601/003','101KM260100115'
'101KM260100116','2026-01-05 00:00:00.000','102-110',0.000000,8.340000,'PERL. UNIT SV-600 24V NEW GALLERY AC  KBS2601/002','101KM260100116'
'101KM260100116','2026-01-05 00:00:00.000','102-101',0.000000,789721.220000,'PERL. UNIT SV-600 24V NEW GALLERY AC  KBS2601/002','101KM260100116'
'101KM260100117','2026-01-05 00:00:00.000','102-101',0.000000,3694242.730000,'PERL. UNIT RV-300 12V DELIMA MANDIRI  KBS2601/001','101KM260100117'
'10203260100001','2026-01-05 00:00:00.000','102-020',0.000000,247123579.070000,'101251200064 PT. KRISTAL TRANSPORTASI INDONESIA                                  UNIT KE-4','10203260100001'
'10203260100001','2026-01-05 00:00:00.000','102-001',247123579.070000,0.000000,'101251200064 PT. KRISTAL TRANSPORTASI INDONESIA                                  UNIT KE-4','10203260100001'
'10203260100002','2026-01-05 00:00:00.000','102-020',0.000000,247123579.070000,'101251200060 PT. SENTRAS BOX INDONESIA - DUA PUTRA PERKASA                 UNIT KE-1','10203260100002'
'10203260100002','2026-01-05 00:00:00.000','102-001',247123579.070000,0.000000,'101251200060 PT. SENTRAS BOX INDONESIA - DUA PUTRA PERKASA                 UNIT KE-1','10203260100002'
'10102260100001','2026-01-05 00:00:00.000','102-110',0.000000,942540.000000,'L-LOKAL','10102260100001'
'10102260100002','2026-01-05 00:00:00.000','102-101',0.000000,3781137.320000,'TS-SPARE PARTS THERMO KING','10102260100002'
'10102260100003','2026-01-05 00:00:00.000','102-101',0.000000,806063.150000,'TS-SPARE PARTS THERMO KING','10102260100003'
'10102260100004','2026-01-05 00:00:00.000','102-110',0.000000,642285.740000,'LA-SPARE PARTS PERLENGKAPAN','10102260100004'
'101BTB260100005','2026-01-06 00:00:00.000','102-103',1500000.000000,0.000000,'(SPARE PART NORDIC) SEJUK SEJAHTERA SENTOSA 3S05.2601004','101BTB260100005'
'10103260100005','2026-01-06 00:00:00.000','102-001',0.000000,38464452.490000,'TR-UNIT TRUCK THERMO KING','10103260100005'
'10101260100001','2026-01-06 00:00:00.000','102-103',0.000000,63105.710000,'NDS-SPARE PART NORDIC','10101260100001'
'10101260100001','2026-01-06 00:00:00.000','102-102',0.000000,97152.290000,'TL-SPARE PARTS THERMO KING LOKAL','10101260100001'
'10101260100001','2026-01-06 00:00:00.000','102-101',0.000000,300547.850000,'TS-SPARE PARTS THERMO KING','10101260100001'
'10101260100001','2026-01-06 00:00:00.000','102-101',0.000000,232717.200000,'TS-SPARE PARTS THERMO KING','10101260100001'
'10101260100001','2026-01-06 00:00:00.000','102-101',0.000000,41568.840000,'TS-SPARE PARTS THERMO KING','10101260100001'
'10101260100001','2026-01-06 00:00:00.000','102-101',0.000000,63044.220000,'TS-SPARE PARTS THERMO KING','10101260100001'
'10101260100001','2026-01-06 00:00:00.000','102-101',0.000000,58070.180000,'TS-SPARE PARTS THERMO KING','10101260100001'
'10101260100001','2026-01-06 00:00:00.000','102-101',0.000000,79399.520000,'TS-SPARE PARTS THERMO KING','10101260100001'
'10101260100001','2026-01-06 00:00:00.000','102-101',0.000000,968553.090000,'TS-SPARE PARTS THERMO KING','10101260100001'
'10101260100001','2026-01-06 00:00:00.000','102-101',0.000000,910159.470000,'TS-SPARE PARTS THERMO KING','10101260100001'
'10101260100002','2026-01-06 00:00:00.000','102-110',0.000000,763815.470000,'L-LOKAL','10101260100002'
'10101260100002','2026-01-06 00:00:00.000','102-101',0.000000,172189.540000,'TS-SPARE PARTS THERMO KING','10101260100002'
'10101260100002','2026-01-06 00:00:00.000','102-101',0.000000,161212.630000,'TS-SPARE PARTS THERMO KING','10101260100002'
'10101260100004','2026-01-06 00:00:00.000','102-110',0.000000,41017.740000,'L-LOKAL','10101260100004'
'10101260100004','2026-01-06 00:00:00.000','102-110',0.000000,526682.160000,'L-LOKAL','10101260100004'
'10101260100004','2026-01-06 00:00:00.000','102-110',0.000000,167500.000000,'L-LOKAL','10101260100004'
'10101260100004','2026-01-06 00:00:00.000','102-110',0.000000,915401.510000,'L-LOKAL','10101260100004'
'10101260100004','2026-01-06 00:00:00.000','102-102',0.000000,130647.000000,'TL-SPARE PARTS THERMO KING LOKAL','10101260100004'
'10101260100004','2026-01-06 00:00:00.000','102-101',0.000000,663140.360000,'TS-SPARE PARTS THERMO KING','10101260100004'
'10101260100005','2026-01-06 00:00:00.000','102-101',0.000000,325978.300000,'TS-SPARE PARTS THERMO KING','10101260100005'
'10101260100006','2026-01-06 00:00:00.000','102-110',0.000000,763815.470000,'L-LOKAL','10101260100006'
'10101260100006','2026-01-06 00:00:00.000','102-101',0.000000,172189.540000,'TS-SPARE PARTS THERMO KING','10101260100006'
'10101260100006','2026-01-06 00:00:00.000','102-101',0.000000,161212.630000,'TS-SPARE PARTS THERMO KING','10101260100006'
'10203260100005','2026-01-06 00:00:00.000','102-020',0.000000,38464452.490000,'101251200066 ANUGERAH MITRA LOGISTIK     ','10203260100005'
'10203260100005','2026-01-06 00:00:00.000','102-001',38464452.490000,0.000000,'101251200066 ANUGERAH MITRA LOGISTIK     ','10203260100005'
'101KM260100005','2026-01-06 00:00:00.000','102-102',0.000000,753435.000000,'PT. HASIL MELIMPAH T-1200  07.2601008','101KM260100005'
'101KM260100005','2026-01-06 00:00:00.000','102-101',0.000000,902966.160000,'PT. HASIL MELIMPAH T-1200  07.2601008','101KM260100005'
'101KM260100006','2026-01-06 00:00:00.000','102-101',0.000000,7153070.910000,'KOPJAS TRANSPORTASI SV-600 24V  07.2601007','101KM260100006'
'101KM260100007','2026-01-06 00:00:00.000','102-110',0.000000,467499.890000,'PT. LINTAS BERSAMA SV-400 12V  07.2601006','101KM260100007'
'101KM260100008','2026-01-06 00:00:00.000','102-101',0.000000,1240023.950000,'PT. MANGGALA KIAT T-1200  07.2601005','101KM260100008'
'101KM260100009','2026-01-06 00:00:00.000','102-101',0.000000,4165571.220000,'PT. MANGGALA KIAT ANANDA T-1200  07.2601004','101KM260100009'
'101BTB260100001','2026-01-07 00:00:00.000','102-201',150000.000000,0.000000,'(MATERIAL TAMBAHAN) NUGROHO TEKNIK 047/I/2026/F.NT','101BTB260100001'
'101BTB260100001','2026-01-07 00:00:00.000','102-110',4425000.000000,0.000000,'(LOKAL) NUGROHO TEKNIK 047/I/2026/F.NT','101BTB260100001'
'10103260100004','2026-01-07 00:00:00.000','102-001',0.000000,247123579.070000,'TR-UNIT TRUCK THERMO KING','10103260100004'
'101BTB260100008','2026-01-07 00:00:00.000','102-110',211550.000000,0.000000,'(LOKAL) ASIAN BEARINDO (ABS260105266)','101BTB260100008'
'10101260100007','2026-01-07 00:00:00.000','102-102',0.000000,2096683.280000,'TL-SPARE PARTS THERMO KING LOKAL','10101260100007'
'101BTB260100019','2026-01-07 00:00:00.000','102-010',5336000.000000,0.000000,'(TOYO UNIT) PT. THERMO ASRI MANDIRI 006/FK-TAM/I/2026','101BTB260100019'
'10203260100004','2026-01-07 00:00:00.000','102-020',0.000000,247123579.070000,'101260100003 PT. MANGGALA KIAT ANANDA                           UNIT KE-15','10203260100004'
'10203260100004','2026-01-07 00:00:00.000','102-001',247123579.070000,0.000000,'101260100003 PT. MANGGALA KIAT ANANDA                           UNIT KE-15','10203260100004'
'10102260100005','2026-01-07 00:00:00.000','102-110',0.000000,59988.200000,'L-LOKAL','10102260100005'
'10102260100005','2026-01-07 00:00:00.000','102-110',0.000000,117931.830000,'L-LOKAL','10102260100005'
'10102260100006','2026-01-07 00:00:00.000','102-101',0.000000,1401598.310000,'TS-SPARE PARTS THERMO KING','10102260100006'
'10102260100006','2026-01-07 00:00:00.000','102-101',0.000000,1305717.980000,'TS-SPARE PARTS THERMO KING','10102260100006'
'10102260100007','2026-01-07 00:00:00.000','102-110',0.000000,915401.510000,'L-LOKAL','10102260100007'
'10102260100007','2026-01-07 00:00:00.000','102-101',0.000000,294626.210000,'TS-SPARE PARTS THERMO KING','10102260100007'
'10102260100007','2026-01-07 00:00:00.000','102-101',0.000000,1889975.190000,'TS-SPARE PARTS THERMO KING','10102260100007'
'10102260100007','2026-01-07 00:00:00.000','102-101',0.000000,3443371.540000,'TS-SPARE PARTS THERMO KING','10102260100007'
'101KM260100020','2026-01-08 00:00:00.000','102-110',0.000000,2900000.000000,'PT. TIRTAMAS COLDTRANS NUSANTARA KE-1/T-1280E/CIM 1083197/FUSO/J005881  06861','101KM260100020'
'101KM260100021','2026-01-08 00:00:00.000','102-110',0.000000,1282420.370000,'CV. DELIMA MANDIRI/RV-300 12V/CIM 1083390/TOYOTA HILUX RANGGA/0390297  06883','101KM260100021'
'101KM260100021','2026-01-08 00:00:00.000','102-102',0.000000,104095.000000,'CV. DELIMA MANDIRI/RV-300 12V/CIM 1083390/TOYOTA HILUX RANGGA/0390297  06883','101KM260100021'
'101260100005','2026-01-08 00:00:00.000','102-020',201915420.190000,0.000000,'CIM1083197 PT. TIRTAMAS COLDTRANS                             UNIT  KE-1','101260100005'
'101260100005','2026-01-08 00:00:00.000','102-001',0.000000,201915420.190000,'CIM1083197 PT. TIRTAMAS COLDTRANS                             UNIT  KE-1','101260100005'
'101KM260100022','2026-01-08 00:00:00.000','102-110',0.000000,1834116.270000,'PT. BEKERJA SEPENUH HATI/FTS-100 12V/001TAM090126/NEW CARRY/286716  06898','101KM260100022'
'101KM260100022','2026-01-08 00:00:00.000','102-102',0.000000,90467.500000,'PT. BEKERJA SEPENUH HATI/FTS-100 12V/001TAM090126/NEW CARRY/286716  06898','101KM260100022'
'101BTB260100002','2026-01-08 00:00:00.000','102-102',12000000.000000,0.000000,'(SPARE PARTS THERMO KING LOKAL) MITRA MAJU COOL 0801/MMC/I/2026','101BTB260100002'
'10103260100006','2026-01-08 00:00:00.000','102-001',0.000000,34649470.030000,'TR-UNIT TRUCK THERMO KING','10103260100006'
'10103260100007','2026-01-08 00:00:00.000','102-001',0.000000,34649470.030000,'TR-UNIT TRUCK THERMO KING','10103260100007'
'101BTB260100009','2026-01-08 00:00:00.000','102-110',8700000.000000,0.000000,'(LOKAL) ALBERT AL3847','101BTB260100009'
'10101260100008','2026-01-08 00:00:00.000','102-110',0.000000,295833.260000,'L-LOKAL','10101260100008'
'10101260100008','2026-01-08 00:00:00.000','102-110',0.000000,82721.550000,'L-LOKAL','10101260100008'
'10101260100008','2026-01-08 00:00:00.000','102-110',0.000000,381111.020000,'L-LOKAL','10101260100008'
'10101260100008','2026-01-08 00:00:00.000','102-110',0.000000,41017.740000,'L-LOKAL','10101260100008'
'10101260100008','2026-01-08 00:00:00.000','102-110',0.000000,526682.160000,'L-LOKAL','10101260100008'
'10101260100008','2026-01-08 00:00:00.000','102-102',0.000000,130647.000000,'TL-SPARE PARTS THERMO KING LOKAL','10101260100008'
'10101260100008','2026-01-08 00:00:00.000','102-101',0.000000,370141.260000,'TS-SPARE PARTS THERMO KING','10101260100008'
'10101260100008','2026-01-08 00:00:00.000','102-101',0.000000,663140.360000,'TS-SPARE PARTS THERMO KING','10101260100008'
'10101260100009','2026-01-08 00:00:00.000','102-201',0.000000,50234.490000,'MT-MATERIAL TAMBAHAN','10101260100009'
'10101260100009','2026-01-08 00:00:00.000','102-110',0.000000,351121.440000,'L-LOKAL','10101260100009'
'10101260100009','2026-01-08 00:00:00.000','102-102',0.000000,43549.000000,'TL-SPARE PARTS THERMO KING LOKAL','10101260100009'
'10101260100009','2026-01-08 00:00:00.000','102-101',0.000000,528213.030000,'TS-SPARE PARTS THERMO KING','10101260100009'
'10101260100010','2026-01-08 00:00:00.000','102-110',0.000000,295833.260000,'L-LOKAL','10101260100010'
'10101260100010','2026-01-08 00:00:00.000','102-110',0.000000,82721.550000,'L-LOKAL','10101260100010'
'10101260100010','2026-01-08 00:00:00.000','102-110',0.000000,41017.740000,'L-LOKAL','10101260100010'
'10101260100010','2026-01-08 00:00:00.000','102-110',0.000000,526682.160000,'L-LOKAL','10101260100010'
'10101260100010','2026-01-08 00:00:00.000','102-102',0.000000,130647.000000,'TL-SPARE PARTS THERMO KING LOKAL','10101260100010'
'10101260100010','2026-01-08 00:00:00.000','102-101',0.000000,1889975.190000,'TS-SPARE PARTS THERMO KING','10101260100010'
'10101260100010','2026-01-08 00:00:00.000','102-101',0.000000,663140.360000,'TS-SPARE PARTS THERMO KING','10101260100010'
'10101260100010','2026-01-08 00:00:00.000','102-101',0.000000,5316287.840000,'TS-SPARE PARTS THERMO KING','10101260100010'
'101KP260100003','2026-01-08 00:00:00.000','102-101',512982.560000,0.000000,'TAM MULYO SERASI AUTO  015A','101KP260100003'
'10203260100006','2026-01-08 00:00:00.000','102-020',0.000000,34649470.030000,'101251200068 KREASI SEJUK SARANA                             UNIT KE1','10203260100006'
'10203260100006','2026-01-08 00:00:00.000','102-001',34649470.030000,0.000000,'101251200068 KREASI SEJUK SARANA                             UNIT KE1','10203260100006'
'10203260100007','2026-01-08 00:00:00.000','102-020',0.000000,34649470.030000,'101260100001 CV. KREASI SEJUK SARANA                        UNIT KE-2','10203260100007'
'10203260100007','2026-01-08 00:00:00.000','102-001',34649470.030000,0.000000,'101260100001 CV. KREASI SEJUK SARANA                        UNIT KE-2','10203260100007'
'101KM260100003','2026-01-08 00:00:00.000','102-110',0.000000,299999.890000,'CV. MAKMUR JAYA SV-600 24V  07.2601010','101KM260100003'
'101KM260100003','2026-01-08 00:00:00.000','102-101',0.000000,6489930.550000,'CV. MAKMUR JAYA SV-600 24V  07.2601010','101KM260100003'
'101KM260100004','2026-01-08 00:00:00.000','102-101',0.000000,449028.880000,'PT. FAJAR MULA ABADI SV-400 12V  07.2601009','101KM260100004'
'10102260100008','2026-01-08 00:00:00.000','102-110',0.000000,240091.430000,'L-LOKAL','10102260100008'
'10102260100008','2026-01-08 00:00:00.000','102-110',0.000000,915401.510000,'L-LOKAL','10102260100008'
'10102260100008','2026-01-08 00:00:00.000','102-101',0.000000,1889975.190000,'TS-SPARE PARTS THERMO KING','10102260100008'
'10102260100009','2026-01-08 00:00:00.000','102-110',0.000000,800000.000000,'L-LOKAL','10102260100009'
'10102260100010','2026-01-09 00:00:00.000','102-102',0.000000,97152.290000,'TL-SPARE PARTS THERMO KING LOKAL','10102260100010'
'10102260100010','2026-01-09 00:00:00.000','102-101',0.000000,41568.840000,'TS-SPARE PARTS THERMO KING','10102260100010'
'10102260100010','2026-01-09 00:00:00.000','102-101',0.000000,63044.220000,'TS-SPARE PARTS THERMO KING','10102260100010'
'101BTB260100020','2026-01-09 00:00:00.000','102-110',200000.000000,0.000000,'(LOKAL) PT. THERMO ASRI MANDIRI 008/FK-TAM/I/2026','101BTB260100020'
'101BTB260100031','2026-01-09 00:00:00.000','102-201',144000.000000,0.000000,'(MATERIAL TAMBAHAN) H-TECH 15916 ','101BTB260100031'
'101BTB260100031','2026-01-09 00:00:00.000','102-110',4200000.000000,0.000000,'(LOKAL) H-TECH 15916 ','101BTB260100031'
'101BTB260100031','2026-01-09 00:00:00.000','102-101',4200000.000000,0.000000,'(SPARE PARTS THERMO KING) H-TECH 15916 ','101BTB260100031'
'10101260100012','2026-01-09 00:00:00.000','102-110',0.000000,77746.550000,'L-LOKAL','10101260100012'
'10101260100012','2026-01-09 00:00:00.000','102-110',0.000000,526682.160000,'L-LOKAL','10101260100012'
'10101260100012','2026-01-09 00:00:00.000','102-110',0.000000,300000.020000,'L-LOKAL','10101260100012'
'10101260100012','2026-01-09 00:00:00.000','102-103',0.000000,10.000000,'NDS-SPARE PART NORDIC','10101260100012'
'10101260100012','2026-01-09 00:00:00.000','102-102',0.000000,130647.000000,'TL-SPARE PARTS THERMO KING LOKAL','10101260100012'
'10101260100013','2026-01-09 00:00:00.000','102-110',0.000000,41017.740000,'L-LOKAL','10101260100013'
'10101260100013','2026-01-09 00:00:00.000','102-110',0.000000,526682.160000,'L-LOKAL','10101260100013'
'10101260100013','2026-01-09 00:00:00.000','102-102',0.000000,152421.500000,'TL-SPARE PARTS THERMO KING LOKAL','10101260100013'
'10101260100013','2026-01-09 00:00:00.000','102-101',0.000000,663140.360000,'TS-SPARE PARTS THERMO KING','10101260100013'
'101KM260100112','2026-01-09 00:00:00.000','102-101',0.000000,6992826.450000,'INTERN, MUTASI STOK SPAREPART KE NDS.005011050  KBS2601/007','101KM260100112'
'101KM260100113','2026-01-09 00:00:00.000','102-101',0.000000,961639.170000,'PERL. UNIT SV-600 24V ADHIKHARISMA   KBS2601/006','101KM260100113'
'101KP260100001','2026-01-09 00:00:00.000','102-103',40.000000,0.000000,'INTERN, MUTASI STOCK DARI TS.110113074  017','101KP260100001'
'101KP260100002','2026-01-09 00:00:00.000','102-101',20.000000,0.000000,'TRANE INDONESIA   016','101KP260100002'
'101KM260100001','2026-01-09 00:00:00.000','102-110',0.000000,467499.890000,'PT. INTINIAGA TUNAS SEJAHTERA SV-400 12V  07.2601012','101KM260100001'
'101KM260100002','2026-01-09 00:00:00.000','102-101',0.000000,1152485.470000,'PT. FAJAR MULA ABADI SV-400 12V  07.2601011','101KM260100002'
'101260100011','2026-01-12 00:00:00.000','102-020',34649470.030000,0.000000,'CIM1084299 UNIT ONLY','101260100011'
'101260100011','2026-01-12 00:00:00.000','102-001',0.000000,34649470.030000,'CIM1084299 UNIT ONLY','101260100011'
'10102260100011','2026-01-12 00:00:00.000','102-101',0.000000,1147021.470000,'TS-SPARE PARTS THERMO KING','10102260100011'
'10102260100011','2026-01-12 00:00:00.000','102-101',0.000000,4176745.720000,'TS-SPARE PARTS THERMO KING','10102260100011'
'101260100009','2026-01-12 00:00:00.000','102-020',34649470.030000,0.000000,'CIM1084290 UNIT ONLY','101260100009'
'101260100009','2026-01-12 00:00:00.000','102-001',0.000000,34649470.030000,'CIM1084290 UNIT ONLY','101260100009'
'101260100008','2026-01-12 00:00:00.000','102-020',34649470.030000,0.000000,'CIM1076031 UNIT ONLY','101260100008'
'101260100008','2026-01-12 00:00:00.000','102-001',0.000000,34649470.030000,'CIM1076031 UNIT ONLY','101260100008'
'101260100007','2026-01-12 00:00:00.000','102-020',211206845.080000,0.000000,'CIM1088562 PT. MODERN PRIMA TRANSPORTASI                     UNIT KE-7','101260100007'
'101260100007','2026-01-12 00:00:00.000','102-001',0.000000,211206845.080000,'CIM1088562 PT. MODERN PRIMA TRANSPORTASI                     UNIT KE-7','101260100007'
'101260100006','2026-01-12 00:00:00.000','102-020',35339050.590000,0.000000,'CIM1086236 SURYA INDAH PRATAMA     ','101260100006'
'101260100006','2026-01-12 00:00:00.000','102-001',0.000000,35339050.590000,'CIM1086236 SURYA INDAH PRATAMA     ','101260100006'
'101260100010','2026-01-12 00:00:00.000','102-020',34649470.030000,0.000000,'CIM1084291 UNIT ONLY','101260100010'
'101260100010','2026-01-12 00:00:00.000','102-001',0.000000,34649470.030000,'CIM1084291 UNIT ONLY','101260100010'
'101KM260100023','2026-01-12 00:00:00.000','102-110',0.000000,1398500.000000,'PT. MODERN PRIMA TRANSPORTASI KE-7/T-1080 PRO/CIM 1088562/HINO FL/18063  06764','101KM260100023'
'101KM260100084','2026-01-12 00:00:00.000','102-101',0.000000,2706646.090000,'PT. HASIL LAUT SIBOLGA T-1200  07.2601016','101KM260100084'
'101KM260100085','2026-01-12 00:00:00.000','102-101',0.000000,2706646.090000,'PT. GIANT TRANSPORTASI T-1200  07.2601015','101KM260100085'
'101KM260100086','2026-01-12 00:00:00.000','102-101',0.000000,3311093.750000,'CARLOSINDO RV-300 12V  07.2601014','101KM260100086'
'101KM260100087','2026-01-12 00:00:00.000','102-101',0.000000,325978.300000,'PT. SUMBER KAHAYAN SV-400 12V  07.2601013','101KM260100087'
'10103260100008','2026-01-12 00:00:00.000','102-001',0.000000,27165189.600000,'TR-UNIT TRUCK THERMO KING','10103260100008'
'10103260100009','2026-01-12 00:00:00.000','102-001',0.000000,34649470.030000,'TR-UNIT TRUCK THERMO KING','10103260100009'
'10103260100010','2026-01-12 00:00:00.000','102-001',0.000000,34649470.030000,'TR-UNIT TRUCK THERMO KING','10103260100010'
'10103260100011','2026-01-12 00:00:00.000','102-001',0.000000,34649470.030000,'TR-UNIT TRUCK THERMO KING','10103260100011'
'10103260100012','2026-01-12 00:00:00.000','102-001',0.000000,34649470.030000,'TR-UNIT TRUCK THERMO KING','10103260100012'
'10103260100014','2026-01-12 00:00:00.000','102-001',0.000000,201915420.190000,'TR-UNIT TRUCK THERMO KING','10103260100014'
'101BTB260100032','2026-01-12 00:00:00.000','102-103',1031250.000000,0.000000,'(SPARE PART NORDIC) SEJUK SEJAHTERA SENTOSA 3S05.2601009 ','101BTB260100032'
'101KM260100110','2026-01-12 00:00:00.000','102-110',0.000000,2240000.000000,'GUDANG BESAR , RUBAH PULLEY COMPR 3 UNIT SUMBER ANUGERAH  KBS2601/009','101KM260100110'
'101KM260100111','2026-01-12 00:00:00.000','102-103',0.000000,220406.150000,'PERL. UNIT SV-600 24V SURYA INDAH PRATAMA  KBS2601/008','101KM260100111'
'101KM260100111','2026-01-12 00:00:00.000','102-101',0.000000,171925.160000,'PERL. UNIT SV-600 24V SURYA INDAH PRATAMA  KBS2601/008','101KM260100111'
'101KM260100129','2026-01-12 00:00:00.000','102-110',0.000000,890216.130000,'CLAIM TAM BANDUNG  002','101KM260100129'
'10203260100008','2026-01-12 00:00:00.000','102-020',0.000000,27165189.600000,'101251200067 CV. DELIMA MANDIRI','10203260100008'
'10203260100008','2026-01-12 00:00:00.000','102-001',27165189.600000,0.000000,'101251200067 CV. DELIMA MANDIRI','10203260100008'
'10203260100009','2026-01-12 00:00:00.000','102-020',0.000000,34649470.030000,'101260100008 UNIT ONLY','10203260100009'
'10203260100009','2026-01-12 00:00:00.000','102-001',34649470.030000,0.000000,'101260100008 UNIT ONLY','10203260100009'
'10203260100010','2026-01-12 00:00:00.000','102-020',0.000000,34649470.030000,'101260100009 UNIT ONLY','10203260100010'
'10203260100010','2026-01-12 00:00:00.000','102-001',34649470.030000,0.000000,'101260100009 UNIT ONLY','10203260100010'
'10203260100011','2026-01-12 00:00:00.000','102-020',0.000000,34649470.030000,'101260100010 UNIT ONLY','10203260100011'
'10203260100011','2026-01-12 00:00:00.000','102-001',34649470.030000,0.000000,'101260100010 UNIT ONLY','10203260100011'
'10203260100012','2026-01-12 00:00:00.000','102-020',0.000000,34649470.030000,'101260100011 UNIT ONLY','10203260100012'
'10203260100012','2026-01-12 00:00:00.000','102-001',34649470.030000,0.000000,'101260100011 UNIT ONLY','10203260100012'
'10203260100014','2026-01-12 00:00:00.000','102-020',0.000000,201915420.190000,'101260100005 PT. TIRTAMAS COLDTRANS                             UNIT  KE-1','10203260100014'
'10203260100014','2026-01-12 00:00:00.000','102-001',201915420.190000,0.000000,'101260100005 PT. TIRTAMAS COLDTRANS                             UNIT  KE-1','10203260100014'
'101KM260100027','2026-01-13 00:00:00.000','102-110',0.000000,2636387.410000,'PT. YAKULT INDONESIA PERSADA/FTS-100 12V/002TAM120126/NEW CARRY/287054  06906','101KM260100027'
'101KM260100027','2026-01-13 00:00:00.000','102-102',0.000000,90467.500000,'PT. YAKULT INDONESIA PERSADA/FTS-100 12V/002TAM120126/NEW CARRY/287054  06906','101KM260100027'
'101260100012','2026-01-13 00:00:00.000','102-020',201915420.190000,0.000000,'CIM1083199 CV. KREASI SEJUK SARANA','101260100012'
'101260100012','2026-01-13 00:00:00.000','102-001',0.000000,201915420.190000,'CIM1083199 CV. KREASI SEJUK SARANA','101260100012'
'10102260100012','2026-01-13 00:00:00.000','102-102',0.000000,500000.000000,'TL-SPARE PARTS THERMO KING LOKAL','10102260100012'
'10102260100013','2026-01-13 00:00:00.000','102-102',0.000000,1000000.000000,'TL-SPARE PARTS THERMO KING LOKAL','10102260100013'
'10102260100013','2026-01-13 00:00:00.000','102-101',0.000000,322425.260000,'TS-SPARE PARTS THERMO KING','10102260100013'
'10102260100014','2026-01-13 00:00:00.000','102-101',0.000000,5355702.930000,'TS-SPARE PARTS THERMO KING','10102260100014'
'101KM260100025','2026-01-13 00:00:00.000','102-110',0.000000,2900000.000000,'PT. KREASI SEJUK SARANA/T-1280E/CIM 1083199/FN 61 FL/000793  06869','101KM260100025'
'101KM260100026','2026-01-13 00:00:00.000','102-110',0.000000,2638137.350000,'PT. YAKULT INDONESIA PERSADA (DS. YOGYAKARTA)/FTS-100 12V/003TAM130126/NEW CARRY/286862  06912','101KM260100026'
'101KM260100026','2026-01-13 00:00:00.000','102-102',0.000000,90467.500000,'PT. YAKULT INDONESIA PERSADA (DS. YOGYAKARTA)/FTS-100 12V/003TAM130126/NEW CARRY/286862  06912','101KM260100026'
'101BTB260100007','2026-01-13 00:00:00.000','102-110',13515000.000000,0.000000,'(LOKAL) MULIA JAYA ','101BTB260100007'
'10103260100013','2026-01-13 00:00:00.000','102-001',0.000000,211206845.080000,'TR-UNIT TRUCK THERMO KING','10103260100013'
'101BTB260100021','2026-01-13 00:00:00.000','102-110',200000.000000,0.000000,'(LOKAL) PT. THERMO ASRI MANDIRI 010/FK-TAM/I/2026','101BTB260100021'
'101BTB260100021','2026-01-13 00:00:00.000','102-010',24570000.000000,0.000000,'(TOYO UNIT) PT. THERMO ASRI MANDIRI 010/FK-TAM/I/2026','101BTB260100021'
'10103260100016','2026-01-13 00:00:00.000','102-001',0.000000,27165189.600000,'TR-UNIT TRUCK THERMO KING','10103260100016'
'10101260100014','2026-01-13 00:00:00.000','102-101',0.000000,740282.520000,'TS-SPARE PARTS THERMO KING','10101260100014'
'10101260100015','2026-01-13 00:00:00.000','102-101',0.000000,392128.580000,'TS-SPARE PARTS THERMO KING','10101260100015'
'10101260100016','2026-01-13 00:00:00.000','102-101',0.000000,651956.600000,'TS-SPARE PARTS THERMO KING','10101260100016'
'10101260100017','2026-01-13 00:00:00.000','102-110',0.000000,41017.740000,'L-LOKAL','10101260100017'
'10101260100017','2026-01-13 00:00:00.000','102-110',0.000000,526682.160000,'L-LOKAL','10101260100017'
'10101260100017','2026-01-13 00:00:00.000','102-102',0.000000,130647.000000,'TL-SPARE PARTS THERMO KING LOKAL','10101260100017'
'10101260100018','2026-01-13 00:00:00.000','102-110',0.000000,414088.800000,'L-LOKAL','10101260100018'
'10101260100018','2026-01-13 00:00:00.000','102-102',0.000000,90467.500000,'TL-SPARE PARTS THERMO KING LOKAL','10101260100018'
'10104260100001','2026-01-13 00:00:00.000','102-010',0.000000,5336000.000000,'TYU-TOYO UNIT','10104260100001'
'10203260100013','2026-01-13 00:00:00.000','102-020',0.000000,211206845.080000,'101260100007 PT. MODERN PRIMA TRANSPORTASI                     UNIT KE-7','10203260100013'
'10203260100013','2026-01-13 00:00:00.000','102-001',211206845.080000,0.000000,'101260100007 PT. MODERN PRIMA TRANSPORTASI                     UNIT KE-7','10203260100013'
'10203260100016','2026-01-13 00:00:00.000','102-020',0.000000,27165189.600000,'101251200008 PT. GRAHAINMA SIRNA TRIKARSA ','10203260100016'
'10203260100016','2026-01-13 00:00:00.000','102-001',27165189.600000,0.000000,'101251200008 PT. GRAHAINMA SIRNA TRIKARSA ','10203260100016'
'101260100014','2026-01-14 00:00:00.000','102-020',201915420.190000,0.000000,'CIM1083198 PT. TIRTAMAS COLD TRANS                      UNIT KE-2','101260100014'
'101260100014','2026-01-14 00:00:00.000','102-001',0.000000,201915420.190000,'CIM1083198 PT. TIRTAMAS COLD TRANS                      UNIT KE-2','101260100014'
'101260100013','2026-01-14 00:00:00.000','102-020',50595413.020000,0.000000,'CIM1086242 ANTIKA RAYA - PURANTARA','101260100013'
'101260100013','2026-01-14 00:00:00.000','102-001',0.000000,50595413.020000,'CIM1086242 ANTIKA RAYA - PURANTARA','101260100013'
'101KM260100028','2026-01-14 00:00:00.000','102-110',0.000000,2444564.450000,'CV. SS BERSAUDARA/SV-600 24V/CIM 1083269/CD EURO 4/002209  06918','101KM260100028'
'101KM260100028','2026-01-14 00:00:00.000','102-102',0.000000,137405.400000,'CV. SS BERSAUDARA/SV-600 24V/CIM 1083269/CD EURO 4/002209  06918','101KM260100028'
'101KM260100029','2026-01-14 00:00:00.000','102-110',0.000000,2444564.450000,'KREASI BERKAH LOGISTIK KE-1/SV-600 24V/CIM 1083258/CD EURO 4/002224  06888','101KM260100029'
'101KM260100029','2026-01-14 00:00:00.000','102-102',0.000000,137405.400000,'KREASI BERKAH LOGISTIK KE-1/SV-600 24V/CIM 1083258/CD EURO 4/002224  06888','101KM260100029'
'10102260100015','2026-01-14 00:00:00.000','102-101',0.000000,58070.180000,'TS-SPARE PARTS THERMO KING','10102260100015'
'10102260100015','2026-01-14 00:00:00.000','102-101',0.000000,79399.520000,'TS-SPARE PARTS THERMO KING','10102260100015'
'101KM260100050','2026-01-14 00:00:00.000','102-110',0.000000,2900000.000000,'KREASI SEJUK SARANA/T-1280E/CIM 1083199/FN 61 FL/000793  06869','101KM260100050'
'101KM260100080','2026-01-14 00:00:00.000','102-101',0.000000,938994.120000,'PT. MEGA INDO T-1200  07.2601020','101KM260100080'
'101KM260100030','2026-01-14 00:00:00.000','102-110',0.000000,2900000.000000,'PT. TIRTAMAS COLDTRANS NUSANTARA KE-2/T-1280E/CIM 1083198/GIGA/J005880  06861','101KM260100030'
'10102260100016','2026-01-14 00:00:00.000','102-110',0.000000,690000.000000,'L-LOKAL','10102260100016'
'10102260100016','2026-01-14 00:00:00.000','102-110',0.000000,444012.060000,'L-LOKAL','10102260100016'
'101260100016','2026-01-14 00:00:00.000','102-020',39585996.540000,0.000000,'CIM1083269 CV. SS BERSAUDARA','101260100016'
'101260100016','2026-01-14 00:00:00.000','102-001',0.000000,39585996.540000,'CIM1083269 CV. SS BERSAUDARA','101260100016'
'101260100015','2026-01-14 00:00:00.000','102-020',39585996.540000,0.000000,'CIM1083258 KREASI BERKAH  LOGISTIK                            UNIT KE-1','101260100015'
'101260100015','2026-01-14 00:00:00.000','102-001',0.000000,39585996.540000,'CIM1083258 KREASI BERKAH  LOGISTIK                            UNIT KE-1','101260100015'
'101KM260100081','2026-01-14 00:00:00.000','102-101',0.000000,663140.360000,'PT. CREATIVE SV-400 24V  07.2601019','101KM260100081'
'101KM260100082','2026-01-14 00:00:00.000','102-102',0.000000,2081900.000000,'PT. MANGGALA KIAT ANANDA T-1200  07.2601018','101KM260100082'
'101KM260100082','2026-01-14 00:00:00.000','102-101',0.000000,2299524.760000,'PT. MANGGALA KIAT ANANDA T-1200  07.2601018','101KM260100082'
'101KM260100083','2026-01-14 00:00:00.000','102-102',0.000000,2081900.000000,'PT. MANGGALA KIAT ANANADA T-1200  07.2601017','101KM260100083'
'101KM260100083','2026-01-14 00:00:00.000','102-101',0.000000,6751980.050000,'PT. MANGGALA KIAT ANANADA T-1200  07.2601017','101KM260100083'
'101KM260100079','2026-01-14 00:00:00.000','102-101',0.000000,400426.620000,'PT. KRISTAL TRANSPORTASI T-1280E  07.2601021','101KM260100079'
'101BTB260100010','2026-01-14 00:00:00.000','102-110',765000.000000,0.000000,'(LOKAL) MULIA JAYA 7979','101BTB260100010'
'101BTB260100012','2026-01-14 00:00:00.000','102-102',1000000.000000,0.000000,'(SPARE PARTS THERMO KING LOKAL) TOKO DEWI (0947)','101BTB260100012'
'10103260100015','2026-01-14 00:00:00.000','102-001',0.000000,35339050.590000,'TR-UNIT TRUCK THERMO KING','10103260100015'
'10103260100017','2026-01-14 00:00:00.000','102-001',0.000000,39585996.540000,'TR-UNIT TRUCK THERMO KING','10103260100017'
'10103260100018','2026-01-14 00:00:00.000','102-001',0.000000,39585996.540000,'TR-UNIT TRUCK THERMO KING','10103260100018'
'10101260100019','2026-01-14 00:00:00.000','102-110',0.000000,41017.740000,'L-LOKAL','10101260100019'
'10101260100019','2026-01-14 00:00:00.000','102-110',0.000000,526682.160000,'L-LOKAL','10101260100019'
'10101260100019','2026-01-14 00:00:00.000','102-102',0.000000,130647.000000,'TL-SPARE PARTS THERMO KING LOKAL','10101260100019'
'10101260100019','2026-01-14 00:00:00.000','102-101',0.000000,663140.360000,'TS-SPARE PARTS THERMO KING','10101260100019'
'101KM260100106','2026-01-14 00:00:00.000','102-110',0.000000,13251264.510000,'PRESS HOSE ASSY  KBS2601/014','101KM260100106'
'101KM260100107','2026-01-14 00:00:00.000','102-101',0.000000,961639.170000,'PERL. UNIT SV-600 24V KAROSERI MASTER  KBS2601/013','101KM260100107'
'101KM260100108','2026-01-14 00:00:00.000','102-101',0.000000,1923278.340000,'PERL. 2 UNIT SV-600 24V KREASI BERKAH   KBS2601/012','101KM260100108'
'101KM260100109','2026-01-14 00:00:00.000','102-101',0.000000,40.000000,'PERL. UNIT SV-800 24V SBY - ANTIKA RAYA   KBS2601/011','101KM260100109'
'101KM260100118','2026-01-14 00:00:00.000','102-110',0.000000,2250852.850000,'PRESS HOSE ASSY  KBS2510/005A','101KM260100118'
'101KP260100006','2026-01-14 00:00:00.000','102-110',3540690.000000,0.000000,'INTERN,   031A','101KP260100006'
'101KP260100008','2026-01-14 00:00:00.000','102-110',7104270.000000,0.000000,'INTERN  025A','101KP260100008'
'101KP260100011','2026-01-14 00:00:00.000','102-110',10740710.000000,0.000000,'INTERN, PEMASANGAN NEW CARRY FTS-100  027','101KP260100011'
'10203260100015','2026-01-14 00:00:00.000','102-020',0.000000,35339050.590000,'101260100006 SURYA INDAH PRATAMA     ','10203260100015'
'10203260100015','2026-01-14 00:00:00.000','102-001',35339050.590000,0.000000,'101260100006 SURYA INDAH PRATAMA     ','10203260100015'
'10203260100017','2026-01-14 00:00:00.000','102-020',0.000000,39585996.540000,'101260100016 CV. SS BERSAUDARA','10203260100017'
'10203260100017','2026-01-14 00:00:00.000','102-001',39585996.540000,0.000000,'101260100016 CV. SS BERSAUDARA','10203260100017'
'10203260100018','2026-01-14 00:00:00.000','102-020',0.000000,39585996.540000,'101260100002 CV. MITRA ABADI SEJATI                                 - NEW GALLERI AC','10203260100018'
'10203260100018','2026-01-14 00:00:00.000','102-001',39585996.540000,0.000000,'101260100002 CV. MITRA ABADI SEJATI                                 - NEW GALLERI AC','10203260100018'
'101KM260100031','2026-01-15 00:00:00.000','102-102',0.000000,90467.500000,'PT. YAKULT INDONESIA PERSADA/FTS-100 12V/004TAM190126/NEW CARRY/J279916  06913','101KM260100031'
'101KM260100032','2026-01-15 00:00:00.000','102-110',0.000000,2636387.410000,'PT. YAKULT INDONESIA PERSADA (DS. TANGERANG)/FTS-100 12V/005TAM200126/NEW CARRY/J289184  06914','101KM260100032'
'101KM260100032','2026-01-15 00:00:00.000','102-102',0.000000,90467.500000,'PT. YAKULT INDONESIA PERSADA (DS. TANGERANG)/FTS-100 12V/005TAM200126/NEW CARRY/J289184  06914','101KM260100032'
'10102260100017','2026-01-15 00:00:00.000','102-101',0.000000,2244394.580000,'TS-SPARE PARTS THERMO KING','10102260100017'
'10102260100018','2026-01-15 00:00:00.000','102-110',0.000000,3000000.200000,'L-LOKAL','10102260100018'
'10102260100018','2026-01-15 00:00:00.000','102-101',0.000000,322425.260000,'TS-SPARE PARTS THERMO KING','10102260100018'
'10102260100018','2026-01-15 00:00:00.000','102-101',0.000000,516568.620000,'TS-SPARE PARTS THERMO KING','10102260100018'
'101KM260100031','2026-01-15 00:00:00.000','102-110',0.000000,2636387.410000,'PT. YAKULT INDONESIA PERSADA/FTS-100 12V/004TAM190126/NEW CARRY/J279916  06913','101KM260100031'
'101KM260100075','2026-01-15 00:00:00.000','102-101',0.000000,2706646.090000,'PT. GIANT TRANSPORTER T-1200  07.2601025','101KM260100075'
'101KM260100076','2026-01-15 00:00:00.000','102-101',0.000000,2497907.570000,'PT. CARLOSINDO SV-400 12V  07.2601024','101KM260100076'
'101KM260100077','2026-01-15 00:00:00.000','102-110',0.000000,299999.890000,'PT. OCEAN MEGA PERSADA SV-600 24V  07.2601023','101KM260100077'
'101KM260100078','2026-01-15 00:00:00.000','102-101',0.000000,2706646.090000,'PT. GIANT TRANSPORTASI T-1200  07.2601022','101KM260100078'
'101BTB260100011','2026-01-15 00:00:00.000','102-110',780000.000000,0.000000,'(LOKAL) ALBERT AL8709','101BTB260100011'
'10103260100020','2026-01-15 00:00:00.000','102-001',0.000000,27165189.600000,'TR-UNIT TRUCK THERMO KING','10103260100020'
'10103260100022','2026-01-15 00:00:00.000','102-001',0.000000,201915420.190000,'TR-UNIT TRUCK THERMO KING','10103260100022'
'10103260100019','2026-01-15 00:00:00.000','102-001',0.000000,247123579.070000,'TR-UNIT TRUCK THERMO KING','10103260100019'
'10101260100020','2026-01-15 00:00:00.000','102-110',0.000000,877803.600000,'L-LOKAL','10101260100020'
'10101260100020','2026-01-15 00:00:00.000','102-110',0.000000,763815.470000,'L-LOKAL','10101260100020'
'10101260100020','2026-01-15 00:00:00.000','102-101',0.000000,6983762.960000,'TS-SPARE PARTS THERMO KING','10101260100020'
'10101260100020','2026-01-15 00:00:00.000','102-101',0.000000,172189.540000,'TS-SPARE PARTS THERMO KING','10101260100020'
'10101260100020','2026-01-15 00:00:00.000','102-101',0.000000,161212.630000,'TS-SPARE PARTS THERMO KING','10101260100020'
'101KM260100102','2026-01-15 00:00:00.000','102-110',0.000000,8.340000,'RUBAH PULLEY COMPR SV-600 24V KREASI BERKAH  KBS2601/018','101KM260100102'
'101KM260100103','2026-01-15 00:00:00.000','102-102',0.000000,12000000.000000,'INTERN, SPLIT SPAREPART KE LH.06.0004, LM.01.0057, LP.01.0073  KBS2601/017','101KM260100103'
'101KM260100104','2026-01-15 00:00:00.000','102-101',0.000000,961639.170000,'PERL. UNIT SV-600 12V KRS SUMBER KARYA ABADI  KBS2601/016','101KM260100104'
'101KM260100105','2026-01-15 00:00:00.000','102-101',0.000000,1173642.710000,'PERL. SV-600 24V SS BERSAUDARA  KBS2601/015','101KM260100105'
'101KP260100007','2026-01-15 00:00:00.000','102-110',10500200.000000,0.000000,'INTERN,   031','101KP260100007'
'10104260100002','2026-01-15 00:00:00.000','102-110',0.000000,294973.920000,'L-LOKAL','10104260100002'
'10104260100002','2026-01-15 00:00:00.000','102-110',0.000000,1074071.000000,'L-LOKAL','10104260100002'
'10104260100002','2026-01-15 00:00:00.000','102-110',0.000000,1150000.000000,'L-LOKAL','10104260100002'
'10104260100002','2026-01-15 00:00:00.000','102-010',0.000000,2730000.000000,'TYU-TOYO UNIT','10104260100002'
'10104260100003','2026-01-15 00:00:00.000','102-110',0.000000,294973.920000,'L-LOKAL','10104260100003'
'10104260100003','2026-01-15 00:00:00.000','102-110',0.000000,1074071.000000,'L-LOKAL','10104260100003'
'10104260100003','2026-01-15 00:00:00.000','102-110',0.000000,1150000.000000,'L-LOKAL','10104260100003'
'10104260100003','2026-01-15 00:00:00.000','102-010',0.000000,2730000.000000,'TYU-TOYO UNIT','10104260100003'
'10203260100020','2026-01-15 00:00:00.000','102-020',0.000000,27165189.600000,'101251200040 PT. MABA TRANS NUSANTARA','10203260100020'
'10203260100020','2026-01-15 00:00:00.000','102-001',27165189.600000,0.000000,'101251200040 PT. MABA TRANS NUSANTARA','10203260100020'
'10203260100022','2026-01-15 00:00:00.000','102-020',0.000000,201915420.190000,'101260100012 CV. KREASI SEJUK SARANA','10203260100022'
'10203260100022','2026-01-15 00:00:00.000','102-001',201915420.190000,0.000000,'101260100012 CV. KREASI SEJUK SARANA','10203260100022'
'10203260100019','2026-01-15 00:00:00.000','102-020',0.000000,247123579.070000,'101260100004 PT. SENTRAS BOX INDONESIA                - DUA PUTRA PERKASA               UNIT KE-2','10203260100019'
'10203260100019','2026-01-15 00:00:00.000','102-001',247123579.070000,0.000000,'101260100004 PT. SENTRAS BOX INDONESIA                - DUA PUTRA PERKASA               UNIT KE-2','10203260100019'
'101BTB260100038','2026-01-18 00:00:00.000','102-110',4032000.000000,0.000000,'(LOKAL) MULIA JAYA 5755','101BTB260100038'
'101KM260100033','2026-01-19 00:00:00.000','102-110',0.000000,2326991.520000,'KREASI SEJUK SARANA/RV-300 24V/CIM 1066333/CD EURO 4/005792  06921','101KM260100033'
'101KM260100033','2026-01-19 00:00:00.000','102-102',0.000000,137405.400000,'KREASI SEJUK SARANA/RV-300 24V/CIM 1066333/CD EURO 4/005792  06921','101KM260100033'
'101KM260100034','2026-01-19 00:00:00.000','102-110',0.000000,2636387.410000,'PT. YAKULT INDONESIA PERSADA/FTS-100 12V/006TAM210126/NEW CARRY/J287070  06911','101KM260100034'
'101KM260100034','2026-01-19 00:00:00.000','102-102',0.000000,90467.500000,'PT. YAKULT INDONESIA PERSADA/FTS-100 12V/006TAM210126/NEW CARRY/J287070  06911','101KM260100034'
'200410126010109','2026-01-19 00:00:00.000','102-601',2346000.000000,0.000000,'BM/PIB.000041/TK.009,001',
'10102260100020','2026-01-19 00:00:00.000','102-101',0.000000,859984.440000,'TS-SPARE PARTS THERMO KING','10102260100020'
'101KM260100035','2026-01-19 00:00:00.000','102-110',0.000000,1398500.000000,'PT. MODERN PRIMA TRANSPORTASI KE-8/T-1080 PRO/CIM 1088563/HINO FL/18062  06764','101KM260100035'
'101KM260100036','2026-01-19 00:00:00.000','102-110',0.000000,2326991.520000,'PT. MITRA ABADI SEJATI (MAS)/SV-400 24V/CIM 1086231/CD EURO 4/005885  06876','101KM260100036'
'101KM260100036','2026-01-19 00:00:00.000','102-102',0.000000,137405.400000,'PT. MITRA ABADI SEJATI (MAS)/SV-400 24V/CIM 1086231/CD EURO 4/005885  06876','101KM260100036'
'101260100020','2026-01-19 00:00:00.000','102-020',38464452.490000,0.000000,'CIM1079955 TRI SAMUDRA','101260100020'
'101260100020','2026-01-19 00:00:00.000','102-001',0.000000,38464452.490000,'CIM1079955 TRI SAMUDRA','101260100020'
'101260100040','2026-01-19 00:00:00.000','102-020',48000000.000000,0.000000,'569BEFAG001 U/ LINTAS MITRA ANUGERAH','101260100040'
'101260100040','2026-01-19 00:00:00.000','102-003',0.000000,48000000.000000,'569BEFAG001 U/ LINTAS MITRA ANUGERAH','101260100040'
'101KM260100071','2026-01-19 00:00:00.000','102-101',0.000000,663140.360000,'PT BINTANG BARU MUDA SV-600 24V  07.2601029','101KM260100071'
'101KM260100072','2026-01-19 00:00:00.000','102-101',0.000000,4001534.070000,'PT. KRISTAL TRANSPORTASI T-1200  07.2601028','101KM260100072'
'101260100019','2026-01-19 00:00:00.000','102-020',35339050.590000,0.000000,'CIM1086231 M A S - MITRA KENCANA','101260100019'
'101260100019','2026-01-19 00:00:00.000','102-001',0.000000,35339050.590000,'CIM1086231 M A S - MITRA KENCANA','101260100019'
'10102260100021','2026-01-19 00:00:00.000','102-101',0.000000,5316287.840000,'TS-SPARE PARTS THERMO KING','10102260100021'
'101260100018','2026-01-19 00:00:00.000','102-020',26549047.600000,0.000000,'CIM1066333 KREASI SEJUK SARANA -                               TANI MANDIRI SUKSES','101260100018'
'101260100018','2026-01-19 00:00:00.000','102-001',0.000000,26549047.600000,'CIM1066333 KREASI SEJUK SARANA -                               TANI MANDIRI SUKSES','101260100018'
'10102260100022','2026-01-19 00:00:00.000','102-101',0.000000,663140.360000,'TS-SPARE PARTS THERMO KING','10102260100022'
'101260100017','2026-01-19 00:00:00.000','102-020',211206845.080000,0.000000,'CIM1088563 PT. MODERN PRIMA TRANSPORTASI                           UNIT KE-8','101260100017'
'101260100017','2026-01-19 00:00:00.000','102-001',0.000000,211206845.080000,'CIM1088563 PT. MODERN PRIMA TRANSPORTASI                           UNIT KE-8','101260100017'
'10102260100019','2026-01-19 00:00:00.000','102-101',0.000000,902966.160000,'TS-SPARE PARTS THERMO KING','10102260100019'
'10102260100019','2026-01-19 00:00:00.000','102-101',0.000000,1303783.790000,'TS-SPARE PARTS THERMO KING','10102260100019'
'101KM260100073','2026-01-19 00:00:00.000','102-101',0.000000,1240023.950000,'PT. MEGA INDO LOGISTIK T-1200  07.2601027','101KM260100073'
'101KM260100074','2026-01-19 00:00:00.000','102-101',0.000000,1240023.950000,'PT. LKM JAYA EXPRESS T-1200  07.2601026','101KM260100074'
'10103260100021','2026-01-19 00:00:00.000','102-001',0.000000,39585996.540000,'TR-UNIT TRUCK THERMO KING','10103260100021'
'101BTB260100036','2026-01-19 00:00:00.000','102-003',48000000.000000,0.000000,'(NORDIC) SEJUK SEJAHTERA SENTOSA 3S01.2601013','101BTB260100036'
'10101260100022','2026-01-19 00:00:00.000','102-101',0.000000,16502672.950000,'TS-SPARE PARTS THERMO KING','10101260100022'
'101BTB260100041','2026-01-19 00:00:00.000','102-110',4600000.000000,0.000000,'(LOKAL) CV. AKRINDO ABADI KLM.25.12.00091','101BTB260100041'
'101BTB260100042','2026-01-19 00:00:00.000','102-110',5750000.000000,0.000000,'(LOKAL) CV. AKRINDO ABADI KLM.25.12.00090','101BTB260100042'
'10203260100021','2026-01-19 00:00:00.000','102-020',0.000000,39585996.540000,'101260100015 KREASI BERKAH  LOGISTIK                            UNIT KE-1','10203260100021'
'10203260100021','2026-01-19 00:00:00.000','102-001',39585996.540000,0.000000,'101260100015 KREASI BERKAH  LOGISTIK                            UNIT KE-1','10203260100021'
'101260100021','2026-01-20 00:00:00.000','102-020',27165189.600000,0.000000,'CIM1083391 DELIMA MANDIRI','101260100021'
'101260100021','2026-01-20 00:00:00.000','102-001',0.000000,27165189.600000,'CIM1083391 DELIMA MANDIRI','101260100021'
'101KM260100037','2026-01-20 00:00:00.000','102-110',0.000000,2434917.520000,'PT. LINTAS MITRA ANUGERAH SEJATI/NR-660I 24V/801010569BEFAG001/CD EURO 4/002631  06923','101KM260100037'
'101KM260100037','2026-01-20 00:00:00.000','102-102',0.000000,137405.400000,'PT. LINTAS MITRA ANUGERAH SEJATI/NR-660I 24V/801010569BEFAG001/CD EURO 4/002631  06923','101KM260100037'
'101KM260100038','2026-01-20 00:00:00.000','102-110',0.000000,1028314.540000,'CV. DELIMA MANDIRI/RV-300 12V/CIM 1083391/ISUZU TRAGA/J572949  06884','101KM260100038'
'101KM260100038','2026-01-20 00:00:00.000','102-102',0.000000,114504.500000,'CV. DELIMA MANDIRI/RV-300 12V/CIM 1083391/ISUZU TRAGA/J572949  06884','101KM260100038'
'101KM260100070','2026-01-20 00:00:00.000','102-101',0.000000,1240023.950000,'PT. HASIL LAUT SIBOLGA T-1200  07.2601031','101KM260100070'
'101KM260100067','2026-01-20 00:00:00.000','102-102',0.000000,1192101.200000,'PT. LINTAS BERSAMA LOGISTIK SV-400 12V  07.2601032','101KM260100067'
'10102260100023','2026-01-20 00:00:00.000','102-101',0.000000,1561130.000000,'TS-SPARE PARTS THERMO KING','10102260100023'
'101KM260100068','2026-01-20 00:00:00.000','102-101',0.000000,1240023.950000,'PT. HASIL LAUT T-1200  027.2601031','101KM260100068'
'101KM260100069','2026-01-20 00:00:00.000','102-110',0.000000,299999.890000,'PT. PACTRANS INDO CARGO SV-400 12V  07.2601030','101KM260100069'
'101KM260100069','2026-01-20 00:00:00.000','102-101',0.000000,4139504.640000,'PT. PACTRANS INDO CARGO SV-400 12V  07.2601030','101KM260100069'
'101KM260100099','2026-01-20 00:00:00.000','102-110',0.000000,10.000000,'RUBAH PULLEY COMPR RV-300 12V DELIMA MANDIRI  KBS2601/022','101KM260100099'
'1012601FR05002','2026-01-20 00:00:00.000','102-601',0.000000,2346000.000000,'(SPARE PARTS THERMO KING) TK.009-221025 INV.1301926177','1012601FR05002'
'1012601FR05002','2026-01-20 00:00:00.000','102-101',2346000.000000,0.000000,'(Ekspedisi : SPARE PARTS THERMO KING) TK.009-221025 INV.1301926177','1012601FR05002'
'101BTB260100014','2026-01-20 00:00:00.000','102-110',4231500.000000,0.000000,'(LOKAL) ALBERT AL4239','101BTB260100014'
'101BTB260100016','2026-01-20 00:00:00.000','102-101',42620996.880000,0.000000,'(SPARE PARTS THERMO KING) TK.001-040225, TK.009-221025 INV.1301926177','101BTB260100016'
'101BTB260100022','2026-01-20 00:00:00.000','102-110',5200000.000000,0.000000,'(LOKAL) PT. THERMO ASRI MANDIRI 013/FK-TAM/I/2026','101BTB260100022'
'101BTB260100017','2026-01-20 00:00:00.000','102-110',9200000.000000,0.000000,'(LOKAL) MULIA JAYA 5942','101BTB260100017'
'10103260100023','2026-01-20 00:00:00.000','102-001',0.000000,201915420.190000,'TR-UNIT TRUCK THERMO KING','10103260100023'
'101KM260100100','2026-01-20 00:00:00.000','102-110',0.000000,39310.620000,'CLAIM PEMBELIAN SPAREPART CITRA DIMENSI  KBS2601/020','101KM260100100'
'10103260100024','2026-01-20 00:00:00.000','102-001',0.000000,211206845.080000,'TR-UNIT TRUCK THERMO KING','10103260100024'
'10103260100027','2026-01-20 00:00:00.000','102-001',0.000000,38464452.490000,'TR-UNIT TRUCK THERMO KING','10103260100027'
'101KM260100101','2026-01-20 00:00:00.000','102-101',0.000000,961639.170000,'PERL. UNIT SV-600 12V TRI SAMUDRA  KBS2601/019','101KM260100101'
'10101260100024','2026-01-20 00:00:00.000','102-110',0.000000,208313.310000,'L-LOKAL','10101260100024'
'10104260100004','2026-01-20 00:00:00.000','102-110',0.000000,294973.920000,'L-LOKAL','10104260100004'
'10104260100004','2026-01-20 00:00:00.000','102-110',0.000000,1074071.000000,'L-LOKAL','10104260100004'
'10104260100004','2026-01-20 00:00:00.000','102-110',0.000000,1150000.000000,'L-LOKAL','10104260100004'
'10104260100004','2026-01-20 00:00:00.000','102-010',0.000000,2730000.000000,'TYU-TOYO UNIT','10104260100004'
'10104260100005','2026-01-20 00:00:00.000','102-110',0.000000,294973.920000,'L-LOKAL','10104260100005'
'10104260100005','2026-01-20 00:00:00.000','102-110',0.000000,1074071.000000,'L-LOKAL','10104260100005'
'10104260100005','2026-01-20 00:00:00.000','102-110',0.000000,1150000.000000,'L-LOKAL','10104260100005'
'10104260100005','2026-01-20 00:00:00.000','102-010',0.000000,2730000.000000,'TYU-TOYO UNIT','10104260100005'
'10203260100023','2026-01-20 00:00:00.000','102-020',0.000000,201915420.190000,'101260100014 PT. TIRTAMAS COLD TRANS                      UNIT KE-2','10203260100023'
'10203260100023','2026-01-20 00:00:00.000','102-001',201915420.190000,0.000000,'101260100014 PT. TIRTAMAS COLD TRANS                      UNIT KE-2','10203260100023'
'10203260100024','2026-01-20 00:00:00.000','102-020',0.000000,211206845.080000,'101260100017 PT. MODERN PRIMA TRANSPORTASI                           UNIT KE-8','10203260100024'
'10203260100024','2026-01-20 00:00:00.000','102-001',211206845.080000,0.000000,'101260100017 PT. MODERN PRIMA TRANSPORTASI                           UNIT KE-8','10203260100024'
'10203260100027','2026-01-20 00:00:00.000','102-020',0.000000,38464452.490000,'101251200027 KRS.    S  K  A','10203260100027'
'10203260100027','2026-01-20 00:00:00.000','102-001',38464452.490000,0.000000,'101251200027 KRS.    S  K  A','10203260100027'
'101KM260100040','2026-01-21 00:00:00.000','102-110',0.000000,2326991.520000,'PT. MITRA ABADI SEJATI (MAS)/NR-450I 24V/801010174BCHZA003/CD EURO 4/005888  06878','101KM260100040'
'101KM260100040','2026-01-21 00:00:00.000','102-102',0.000000,137405.400000,'PT. MITRA ABADI SEJATI (MAS)/NR-450I 24V/801010174BCHZA003/CD EURO 4/005888  06878','101KM260100040'
'101260100022','2026-01-21 00:00:00.000','102-020',201915420.190000,0.000000,'CIM1083201 PT. TIRTAMAS COLDTRANS                                  UNIT KE-3','101260100022'
'101260100022','2026-01-21 00:00:00.000','102-001',0.000000,201915420.190000,'CIM1083201 PT. TIRTAMAS COLDTRANS                                  UNIT KE-3','101260100022'
'101KM260100039','2026-01-21 00:00:00.000','102-110',0.000000,2504897.690000,'PT. PAREWA KE-1/NR-350I 12V/801010632BEFBC003/HINO DUTRO/29622  06922','101KM260100039'
'101KM260100039','2026-01-21 00:00:00.000','102-102',0.000000,137405.400000,'PT. PAREWA KE-1/NR-350I 12V/801010632BEFBC003/HINO DUTRO/29622  06922','101KM260100039'
'10102260100024','2026-01-21 00:00:00.000','102-101',0.000000,1445488.580000,'TS-SPARE PARTS THERMO KING','10102260100024'
'101BTB260100013','2026-01-21 00:00:00.000','102-110',3160000.000000,0.000000,'(LOKAL) NUGROHO TEKNIK 049/I/2026/F.NT','101BTB260100013'
'101BTB260100015','2026-01-21 00:00:00.000','102-110',4231500.000000,0.000000,'(LOKAL) ALBERT AL7384','101BTB260100015'
'101BTB260100030','2026-01-21 00:00:00.000','102-201',136000.000000,0.000000,'(MATERIAL TAMBAHAN) H-TECH 15964','101BTB260100030'
'101BTB260100030','2026-01-21 00:00:00.000','102-110',8400000.000000,0.000000,'(LOKAL) H-TECH 15964','101BTB260100030'
'101BTB260100029','2026-01-21 00:00:00.000','102-110',8700000.000000,0.000000,'(LOKAL) ALBERT AL5736','101BTB260100029'
'10103260100028','2026-01-21 00:00:00.000','102-003',0.000000,48000000.000000,'NR-NORDIC','10103260100028'
'10101260100025','2026-01-21 00:00:00.000','102-110',0.000000,77746.550000,'L-LOKAL','10101260100025'
'10101260100026','2026-01-21 00:00:00.000','102-101',0.000000,172189.540000,'TS-SPARE PARTS THERMO KING','10101260100026'
'10101260100026','2026-01-21 00:00:00.000','102-101',0.000000,1305717.980000,'TS-SPARE PARTS THERMO KING','10101260100026'
'10101260100027','2026-01-21 00:00:00.000','102-102',0.000000,79569.380000,'TL-SPARE PARTS THERMO KING LOKAL','10101260100027'
'10101260100028','2026-01-21 00:00:00.000','102-110',0.000000,526682.160000,'L-LOKAL','10101260100028'
'10104260100006','2026-01-21 00:00:00.000','102-110',0.000000,294973.920000,'L-LOKAL','10104260100006'
'10104260100006','2026-01-21 00:00:00.000','102-110',0.000000,1074071.000000,'L-LOKAL','10104260100006'
'10104260100006','2026-01-21 00:00:00.000','102-110',0.000000,1150000.000000,'L-LOKAL','10104260100006'
'10104260100006','2026-01-21 00:00:00.000','102-010',0.000000,2730000.000000,'TYU-TOYO UNIT','10104260100006'
'10203260100028','2026-01-21 00:00:00.000','102-020',0.000000,48000000.000000,'101260100040 U/ LINTAS MITRA ANUGERAH','10203260100028'
'10203260100028','2026-01-21 00:00:00.000','102-003',48000000.000000,0.000000,'101260100040 U/ LINTAS MITRA ANUGERAH','10203260100028'
'101KM260100041','2026-01-22 00:00:00.000','102-110',0.000000,2636387.410000,'PT. YAKULT INDONESIA PERSADA (DS. BALI 5)/FTS-100 12V/008TAM230126/NEW CARRY/J287043  06910','101KM260100041'
'101KM260100041','2026-01-22 00:00:00.000','102-102',0.000000,90467.500000,'PT. YAKULT INDONESIA PERSADA (DS. BALI 5)/FTS-100 12V/008TAM230126/NEW CARRY/J287043  06910','101KM260100041'
'101KM260100042','2026-01-22 00:00:00.000','102-110',0.000000,2636387.410000,'PT. YAKULT INDONESIA PERSADA (DS. BALI 5)/FTS-100 12V/007TAM220126/NEW CARRY/J289231  06907','101KM260100042'
'101KM260100042','2026-01-22 00:00:00.000','102-102',0.000000,90467.500000,'PT. YAKULT INDONESIA PERSADA (DS. BALI 5)/FTS-100 12V/007TAM220126/NEW CARRY/J289231  06907','101KM260100042'
'101KM260100043','2026-01-22 00:00:00.000','102-110',0.000000,2900000.000000,'PT. TIRTAMAS COLDTRANS NUSANTARA KE-3/T-1280E/CIM 1083201/GIGA/J005882  06861','101KM260100043'
'101KM260100063','2026-01-22 00:00:00.000','102-110',0.000000,299999.890000,'PT. BELMONTE ALAM SV-600 24V  07.2601036','101KM260100063'
'101KM260100063','2026-01-22 00:00:00.000','102-101',0.000000,6489930.550000,'PT. BELMONTE ALAM SV-600 24V  07.2601036','101KM260100063'
'101KM260100064','2026-01-22 00:00:00.000','102-101',0.000000,2706646.090000,'PT. FEMURTY ABADI T-1200  07.2601035','101KM260100064'
'101KM260100065','2026-01-22 00:00:00.000','102-101',0.000000,3679228.060000,'PT. BINTANG BARU MUDA SV-600 24V  07.2601034','101KM260100065'
'101KM260100066','2026-01-22 00:00:00.000','102-110',0.000000,299999.890000,'PT. PRIMO INDO IKAN SV-600 24V  07.2601033','101KM260100066'
'101KM260100066','2026-01-22 00:00:00.000','102-103',0.000000,2340005.000000,'PT. PRIMO INDO IKAN SV-600 24V  07.2601033','101KM260100066'
'101KM260100097','2026-01-22 00:00:00.000','102-110',0.000000,8.340000,'RUBAH PULLEY COMPR EKA TIMUR  KBS2601/024A','101KM260100097'
'101KM260100097','2026-01-22 00:00:00.000','102-101',0.000000,5333706.710000,'RUBAH PULLEY COMPR EKA TIMUR  KBS2601/024A','101KM260100097'
'101KM260100098','2026-01-22 00:00:00.000','102-110',0.000000,18.340000,'RUBAH COMPR QP21 12V TAM BALI  KBS2601/024','101KM260100098'
'101KM260100098','2026-01-22 00:00:00.000','102-103',0.000000,4778140.670000,'RUBAH COMPR QP21 12V TAM BALI  KBS2601/024','101KM260100098'
'10103260100030','2026-01-22 00:00:00.000','102-001',0.000000,35339050.590000,'TR-UNIT TRUCK THERMO KING','10103260100030'
'101BTB260100024','2026-01-22 00:00:00.000','102-110',1080000.000000,0.000000,'(LOKAL) ALBERT AL749','101BTB260100024'
'10103260100025','2026-01-22 00:00:00.000','102-001',0.000000,27165189.600000,'TR-UNIT TRUCK THERMO KING','10103260100025'
'10103260100026','2026-01-22 00:00:00.000','102-001',0.000000,34649470.030000,'TR-UNIT TRUCK THERMO KING','10103260100026'
'10103260100029','2026-01-22 00:00:00.000','102-001',0.000000,38464452.490000,'TR-UNIT TRUCK THERMO KING','10103260100029'
'10101260100030','2026-01-22 00:00:00.000','102-101',0.000000,172189.540000,'TS-SPARE PARTS THERMO KING','10101260100030'
'10101260100030','2026-01-22 00:00:00.000','102-101',0.000000,161212.630000,'TS-SPARE PARTS THERMO KING','10101260100030'
'10101260100030','2026-01-22 00:00:00.000','102-101',0.000000,1401598.310000,'TS-SPARE PARTS THERMO KING','10101260100030'
'10101260100031','2026-01-22 00:00:00.000','102-110',0.000000,526682.160000,'L-LOKAL','10101260100031'
'10101260100031','2026-01-22 00:00:00.000','102-110',0.000000,49961.630000,'L-LOKAL','10101260100031'
'10101260100031','2026-01-22 00:00:00.000','102-110',0.000000,295833.260000,'L-LOKAL','10101260100031'
'10101260100031','2026-01-22 00:00:00.000','102-110',0.000000,34054.550000,'L-LOKAL','10101260100031'
'10101260100031','2026-01-22 00:00:00.000','102-110',0.000000,78441.490000,'L-LOKAL','10101260100031'
'10101260100031','2026-01-22 00:00:00.000','102-102',0.000000,65323.500000,'TL-SPARE PARTS THERMO KING LOKAL','10101260100031'
'10101260100032','2026-01-22 00:00:00.000','102-110',0.000000,295833.260000,'L-LOKAL','10101260100032'
'10101260100032','2026-01-22 00:00:00.000','102-110',0.000000,68506.170000,'L-LOKAL','10101260100032'
'10101260100032','2026-01-22 00:00:00.000','102-110',0.000000,41017.740000,'L-LOKAL','10101260100032'
'10101260100032','2026-01-22 00:00:00.000','102-110',0.000000,526682.160000,'L-LOKAL','10101260100032'
'10101260100032','2026-01-22 00:00:00.000','102-102',0.000000,130647.000000,'TL-SPARE PARTS THERMO KING LOKAL','10101260100032'
'10101260100032','2026-01-22 00:00:00.000','102-101',0.000000,663140.360000,'TS-SPARE PARTS THERMO KING','10101260100032'
'10101260100032','2026-01-22 00:00:00.000','102-101',0.000000,5316287.840000,'TS-SPARE PARTS THERMO KING','10101260100032'
'101KM260100132','2026-01-22 00:00:00.000','102-110',0.000000,3276643.160000,'PERL. 2 UNIT FTS-100 12V YAKULT BALI  KBS2601/023','101KM260100132'
'101KP260100004','2026-01-22 00:00:00.000','102-110',10.000000,0.000000,'INTERN,   050A','101KP260100004'
'101KP260100004','2026-01-22 00:00:00.000','102-101',5316288.000000,0.000000,'INTERN,   050A','101KP260100004'
'101KP260100009','2026-01-22 00:00:00.000','102-110',20.000000,0.000000,'INTERN, DARI NDS.12.1.01.0252  050','101KP260100009'
'101KP260100009','2026-01-22 00:00:00.000','102-103',2340005.000000,0.000000,'INTERN, DARI NDS.12.1.01.0252  050','101KP260100009'
'10203260100030','2026-01-22 00:00:00.000','102-020',0.000000,35339050.590000,'101260100019 M A S - MITRA KENCANA','10203260100030'
'10203260100030','2026-01-22 00:00:00.000','102-001',35339050.590000,0.000000,'101260100019 M A S - MITRA KENCANA','10203260100030'
'10203260100025','2026-01-22 00:00:00.000','102-020',0.000000,27165189.600000,'101251200017 PINKIES GELATO','10203260100025'
'10203260100025','2026-01-22 00:00:00.000','102-001',27165189.600000,0.000000,'101251200017 PINKIES GELATO','10203260100025'
'10203260100026','2026-01-22 00:00:00.000','102-020',0.000000,34649470.030000,'101251200043 KSS-PINKIES GELATO','10203260100026'
'10203260100026','2026-01-22 00:00:00.000','102-001',34649470.030000,0.000000,'101251200043 KSS-PINKIES GELATO','10203260100026'
'10203260100029','2026-01-22 00:00:00.000','102-020',0.000000,38464452.490000,'101260100020 TRI SAMUDRA','10203260100029'
'10203260100029','2026-01-22 00:00:00.000','102-001',38464452.490000,0.000000,'101260100020 TRI SAMUDRA','10203260100029'
'10102260100026','2026-01-23 00:00:00.000','102-101',0.000000,5355702.930000,'TS-SPARE PARTS THERMO KING','10102260100026'
'101KM260100062','2026-01-23 00:00:00.000','102-101',0.000000,4070763.320000,'PT. MANGGALA KIAT T-1200  07.2601037','101KM260100062'
'10102260100025','2026-01-23 00:00:00.000','102-101',0.000000,1304434.560000,'TS-SPARE PARTS THERMO KING','10102260100025'
'10102260100025','2026-01-23 00:00:00.000','102-101',0.000000,1293533.600000,'TS-SPARE PARTS THERMO KING','10102260100025'
'101BTB260100023','2026-01-23 00:00:00.000','102-110',3132000.000000,0.000000,'(LOKAL) MULIA JAYA 8305','101BTB260100023'
'101BTB260100025','2026-01-23 00:00:00.000','102-110',1525000.000000,0.000000,'(LOKAL) ALBERT AL750','101BTB260100025'
'10103260100033','2026-01-23 00:00:00.000','102-001',0.000000,27165189.600000,'TR-UNIT TRUCK THERMO KING','10103260100033'
'10101260100033','2026-01-23 00:00:00.000','102-103',0.000000,366773.320000,'NDS-SPARE PART NORDIC','10101260100033'
'10203260100033','2026-01-23 00:00:00.000','102-020',0.000000,27165189.600000,'101260100021 DELIMA MANDIRI','10203260100033'
'10203260100033','2026-01-23 00:00:00.000','102-001',27165189.600000,0.000000,'101260100021 DELIMA MANDIRI','10203260100033'
'1012601FR05001','2026-01-24 00:00:00.000','102-601',0.000000,5032722.000000,'(UNIT COLD STORAGE BINGSHAN) BN.507 INV.SHZJ2025121246','1012601FR05001'
'1012601FR05001','2026-01-24 00:00:00.000','102-018',5032722.000000,0.000000,'(Ekspedisi : UNIT COLD STORAGE BINGSHAN) BN.507 INV.SHZJ2025121246','1012601FR05001'
'101BTB260100033','2026-01-24 00:00:00.000','102-018',881467797.750000,0.000000,'(UNIT COLD STORAGE BINGSHAN) BN.507 INV.2025H0736','101BTB260100033'
'101260100025','2026-01-26 00:00:00.000','102-020',39585996.540000,0.000000,'CIM1083268 PT. ULTIMA JAYA         UNIT KE-2','101260100025'
'101260100025','2026-01-26 00:00:00.000','102-001',0.000000,39585996.540000,'CIM1083268 PT. ULTIMA JAYA         UNIT KE-2','101260100025'
'101260100024','2026-01-26 00:00:00.000','102-020',39585996.540000,0.000000,'CIM1083238 PT. ULTIMA JAYA          UNIT KE-1','101260100024'
'101260100024','2026-01-26 00:00:00.000','102-001',0.000000,39585996.540000,'CIM1083238 PT. ULTIMA JAYA          UNIT KE-1','101260100024'
'10102260100027','2026-01-26 00:00:00.000','102-101',0.000000,1401598.310000,'TS-SPARE PARTS THERMO KING','10102260100027'
'10102260100027','2026-01-26 00:00:00.000','102-101',0.000000,1485762.850000,'TS-SPARE PARTS THERMO KING','10102260100027'
'101260100023','2026-01-26 00:00:00.000','102-020',34649470.030000,0.000000,'CIM1084293 PT. SENTRAS BOX INDONESIA -                  BPK. SONY SETIAWAN ','101260100023'
'101260100023','2026-01-26 00:00:00.000','102-001',0.000000,34649470.030000,'CIM1084293 PT. SENTRAS BOX INDONESIA -                  BPK. SONY SETIAWAN ','101260100023'
'10102260100028','2026-01-26 00:00:00.000','102-101',0.000000,1305717.980000,'TS-SPARE PARTS THERMO KING','10102260100028'
'10102260100029','2026-01-26 00:00:00.000','102-101',0.000000,1485762.850000,'TS-SPARE PARTS THERMO KING','10102260100029'
'101KM260100044','2026-01-26 00:00:00.000','102-110',0.000000,2434917.520000,'PT. SENTRAS BOX INDONESIA/SV-400 12V/CIM 1084293/CD EURO 4/J574989  06803','101KM260100044'
'101KM260100044','2026-01-26 00:00:00.000','102-102',0.000000,137405.400000,'PT. SENTRAS BOX INDONESIA/SV-400 12V/CIM 1084293/CD EURO 4/J574989  06803','101KM260100044'
'101KM260100045','2026-01-26 00:00:00.000','102-110',0.000000,1398500.000000,'ANUGERAH MITRA LOGISTIK KE-1/T-1080 PRO/CIM 1088558/HINO FL/19105  06872','101KM260100045'
'101260100030','2026-01-26 00:00:00.000','102-020',38464452.490000,0.000000,'CIM1079959 ANTIKA RAYA ','101260100030'
'101260100030','2026-01-26 00:00:00.000','102-001',0.000000,38464452.490000,'CIM1079959 ANTIKA RAYA ','101260100030'
'101KM260100046','2026-01-26 00:00:00.000','102-110',0.000000,2434917.520000,'CV. ULTIMA JAYA SEJAHTERA KE-2/SV-600 24/CIM 1083268/CD EURO 4/002449  06875','101KM260100046'
'101KM260100046','2026-01-26 00:00:00.000','102-102',0.000000,137405.400000,'CV. ULTIMA JAYA SEJAHTERA KE-2/SV-600 24/CIM 1083268/CD EURO 4/002449  06875','101KM260100046'
'101KM260100060','2026-01-26 00:00:00.000','102-101',0.000000,1103818.370000,'PT. ANTIKA RAYA SV-800 24V  07.2601039','101KM260100060'
'101KM260100047','2026-01-26 00:00:00.000','102-110',0.000000,2434917.520000,'CV. ULTIMA JAYA SEJAHTERA KE-2/SV-600 24V/CIM 1083268/CD EURO-4/002428  06875','101KM260100047'
'101KM260100047','2026-01-26 00:00:00.000','102-102',0.000000,137405.400000,'CV. ULTIMA JAYA SEJAHTERA KE-2/SV-600 24V/CIM 1083268/CD EURO-4/002428  06875','101KM260100047'
'101KM260100048','2026-01-26 00:00:00.000','102-110',0.000000,1028314.540000,'PT. SENTRAS BOX INDONESIA KE-2/SV-400 12V/CIM 1076061/ISUZU TRAGA/J574986  06899','101KM260100048'
'101KM260100048','2026-01-26 00:00:00.000','102-102',0.000000,114504.500000,'PT. SENTRAS BOX INDONESIA KE-2/SV-400 12V/CIM 1076061/ISUZU TRAGA/J574986  06899','101KM260100048'
'101KM260100061','2026-01-26 00:00:00.000','102-110',0.000000,299999.890000,'BPK. EMIL BAYU SV-800 24V  07.2601038','101KM260100061'
'101KM260100061','2026-01-26 00:00:00.000','102-101',0.000000,6489930.550000,'BPK. EMIL BAYU SV-800 24V  07.2601038','101KM260100061'
'101260100029','2026-01-26 00:00:00.000','102-020',35339050.590000,0.000000,'CIM1086237 RAJA BENUR INDONESIA ','101260100029'
'101260100029','2026-01-26 00:00:00.000','102-001',0.000000,35339050.590000,'CIM1086237 RAJA BENUR INDONESIA ','101260100029'
'10102260100030','2026-01-26 00:00:00.000','102-101',0.000000,3106544.240000,'TS-SPARE PARTS THERMO KING','10102260100030'
'10102260100030','2026-01-26 00:00:00.000','102-101',0.000000,2553849.020000,'TS-SPARE PARTS THERMO KING','10102260100030'
'10102260100030','2026-01-26 00:00:00.000','102-101',0.000000,3008039.780000,'TS-SPARE PARTS THERMO KING','10102260100030'
'10102260100030','2026-01-26 00:00:00.000','102-101',0.000000,2689620.440000,'TS-SPARE PARTS THERMO KING','10102260100030'
'101260100028','2026-01-26 00:00:00.000','102-020',39585996.540000,0.000000,'CIM1083705 KRS. ADHIKHARISMA PRATAMA ','101260100028'
'101260100028','2026-01-26 00:00:00.000','102-001',0.000000,39585996.540000,'CIM1083705 KRS. ADHIKHARISMA PRATAMA ','101260100028'
'101260100027','2026-01-26 00:00:00.000','102-020',201915420.190000,0.000000,'CIM1088322 PT. TIRTAMAS COLD TRANS NUSANTARA                    UNIT KE-4','101260100027'
'101260100027','2026-01-26 00:00:00.000','102-001',0.000000,201915420.190000,'CIM1088322 PT. TIRTAMAS COLD TRANS NUSANTARA                    UNIT KE-4','101260100027'
'101260100026','2026-01-26 00:00:00.000','102-020',211206845.080000,0.000000,'CIM1088558 ANUGERAH MITRA LOGISTIK                        UNIT KE-1','101260100026'
'101260100026','2026-01-26 00:00:00.000','102-001',0.000000,211206845.080000,'CIM1088558 ANUGERAH MITRA LOGISTIK                        UNIT KE-1','101260100026'
'101KM260100091','2026-01-26 00:00:00.000','102-101',0.000000,18714035.120000,'INTERN, MUTASI STOK SPAREPART KE 51-2489  KBS2601/030','101KM260100091'
'101KM260100092','2026-01-26 00:00:00.000','102-110',0.000000,10.000000,'RUBAH PULLEY COMP SV-400 24V  KBS2601/029','101KM260100092'
'101KM260100093','2026-01-26 00:00:00.000','102-101',0.000000,1923278.340000,'PERL. SV-600 24V & 12V  KBS2601/028','101KM260100093'
'101KM260100094','2026-01-26 00:00:00.000','102-101',0.000000,1923278.340000,'PERL. 2 UNIT SV-600 24V ULTIMA JAYA  KBS2601/027','101KM260100094'
'101KM260100095','2026-01-26 00:00:00.000','102-110',0.000000,8.340000,'RUBAH PULLEY COMPR SV-600 24V ULTIMA  KBS2601/026','101KM260100095'
'101KM260100096','2026-01-26 00:00:00.000','102-110',0.000000,10.000000,'RUBAH PULLEY COMPR SV-400 12V SENTRAS BOX  KBS2601/025','101KM260100096'
'101BTB260100040','2026-01-26 00:00:00.000','102-102',15020000.000000,0.000000,'(SPARE PARTS THERMO KING LOKAL) PT. AMARI INTI ROYAL AIR926010394','101BTB260100040'
'10103260100031','2026-01-26 00:00:00.000','102-001',0.000000,34396961.940000,'TR-UNIT TRUCK THERMO KING','10103260100031'
'101BTB260100034','2026-01-26 00:00:00.000','102-110',10000000.800000,0.000000,'(LOKAL) PT. MANDIRI INDONUSA PERKASA 023/MIP/INV/I/2026','101BTB260100034'
'10103260100034','2026-01-26 00:00:00.000','102-001',0.000000,201915420.190000,'TR-UNIT TRUCK THERMO KING','10103260100034'
'10103260100035','2026-01-26 00:00:00.000','102-001',0.000000,211206845.080000,'TR-UNIT TRUCK THERMO KING','10103260100035'
'101BTB260100044','2026-01-26 00:00:00.000','102-110',1150000.000000,0.000000,'(LOKAL) CV. AKRINDO ABADI KLM.26.02.00128','101BTB260100044'
'10101260100035','2026-01-26 00:00:00.000','102-201',0.000000,50234.490000,'MT-MATERIAL TAMBAHAN','10101260100035'
'101KP260100005','2026-01-26 00:00:00.000','102-101',17888860.000000,0.000000,'INTERN,   063','101KP260100005'
'10203260100031','2026-01-26 00:00:00.000','102-020',0.000000,34396961.940000,'101251000030 KREASI SEJUK SARANA - IXORA GELATO','10203260100031'
'10203260100031','2026-01-26 00:00:00.000','102-001',34396961.940000,0.000000,'101251000030 KREASI SEJUK SARANA - IXORA GELATO','10203260100031'
'10203260100034','2026-01-26 00:00:00.000','102-020',0.000000,201915420.190000,'101260100022 PT. TIRTAMAS COLDTRANS                                  UNIT KE-3','10203260100034'
'10203260100034','2026-01-26 00:00:00.000','102-001',201915420.190000,0.000000,'101260100022 PT. TIRTAMAS COLDTRANS                                  UNIT KE-3','10203260100034'
'10203260100035','2026-01-26 00:00:00.000','102-020',0.000000,211206845.080000,'101260100026 ANUGERAH MITRA LOGISTIK                        UNIT KE-1','10203260100035'
'10203260100035','2026-01-26 00:00:00.000','102-001',211206845.080000,0.000000,'101260100026 ANUGERAH MITRA LOGISTIK                        UNIT KE-1','10203260100035'
'10102260100031','2026-01-27 00:00:00.000','102-101',0.000000,663140.360000,'TS-SPARE PARTS THERMO KING','10102260100031'
'10102260100031','2026-01-27 00:00:00.000','102-101',0.000000,3614753.140000,'TS-SPARE PARTS THERMO KING','10102260100031'
'200410126010183','2026-01-27 00:00:00.000','102-601',10121000.000000,0.000000,'BM/PIB.000042/TKM.001',
'101260100032','2026-01-27 00:00:00.000','102-020',211206845.080000,0.000000,'CIM1088559 ANUGERAH MITRA LOGISTIK                            UNIT KE-2','101260100032'
'101260100032','2026-01-27 00:00:00.000','102-001',0.000000,211206845.080000,'CIM1088559 ANUGERAH MITRA LOGISTIK                            UNIT KE-2','101260100032'
'101260100031','2026-01-27 00:00:00.000','102-020',34649470.030000,0.000000,'CIM1076061 PT. SENTRAS BOX INDONESIA - IBU BELLA CHINTIA','101260100031'
'101260100031','2026-01-27 00:00:00.000','102-001',0.000000,34649470.030000,'CIM1076061 PT. SENTRAS BOX INDONESIA - IBU BELLA CHINTIA','101260100031'
'101KM260100051','2026-01-27 00:00:00.000','102-110',0.000000,2900000.000000,'TIRTAMAS COLDTRANS NUSANTARA KE-4/T-1280E/CIM 1088322/GIGA/J005889  06869','101KM260100051'
'101KM260100049','2026-01-27 00:00:00.000','102-110',0.000000,1398500.000000,'ANUGERAH MITRA LOGISTIK KE-2/T-1080 PRO/CIM 1088559/HINO FL/19103  06872','101KM260100049'
'101KM260100058','2026-01-27 00:00:00.000','102-101',0.000000,5035950.040000,'CARLOSINDO UTAMA SV-600 24V  07.2601040','101KM260100058'
'101BTB260100018','2026-01-27 00:00:00.000','102-110',4425000.000000,0.000000,'(LOKAL) NUGROHO TEKNIK 050/I/2026/F.NT','101BTB260100018'
'101BTB260100028','2026-01-27 00:00:00.000','102-110',860000.000000,0.000000,'(LOKAL) ALBERT AL7294','101BTB260100028'
'10103260100032','2026-01-27 00:00:00.000','102-001',0.000000,34649470.030000,'TR-UNIT TRUCK THERMO KING','10103260100032'
'10103260100036','2026-01-27 00:00:00.000','102-001',0.000000,26549047.600000,'TR-UNIT TRUCK THERMO KING','10103260100036'
'10101260100037','2026-01-27 00:00:00.000','102-201',0.000000,50234.490000,'MT-MATERIAL TAMBAHAN','10101260100037'
'10101260100037','2026-01-27 00:00:00.000','102-110',0.000000,526682.160000,'L-LOKAL','10101260100037'
'101KM260100121','2026-01-27 00:00:00.000','102-110',0.000000,2900000.000000,'PT. TIRTAMAS COLDTRANS NUSANTARA KE-5/T-1280E/CIM 1088321/GIGA/J005891  06861','101KM260100121'
'101KM260100128','2026-01-27 00:00:00.000','102-110',0.000000,7538125.660000,'ANUGERAH MANDIRI/SV-800 24V + ALT + ACCU/CIM 1086245/FRR 90 Q/002111  06916','101KM260100128'
'10104260100007','2026-01-27 00:00:00.000','102-110',0.000000,294973.920000,'L-LOKAL','10104260100007'
'10104260100007','2026-01-27 00:00:00.000','102-110',0.000000,1074071.000000,'L-LOKAL','10104260100007'
'10104260100007','2026-01-27 00:00:00.000','102-110',0.000000,1150000.000000,'L-LOKAL','10104260100007'
'10104260100007','2026-01-27 00:00:00.000','102-010',0.000000,2730000.000000,'TYU-TOYO UNIT','10104260100007'
'10104260100008','2026-01-27 00:00:00.000','102-110',0.000000,294973.920000,'L-LOKAL','10104260100008'
'10104260100008','2026-01-27 00:00:00.000','102-110',0.000000,1074071.000000,'L-LOKAL','10104260100008'
'10104260100008','2026-01-27 00:00:00.000','102-110',0.000000,1150000.000000,'L-LOKAL','10104260100008'
'10104260100008','2026-01-27 00:00:00.000','102-010',0.000000,2730000.000000,'TYU-TOYO UNIT','10104260100008'
'10203260100032','2026-01-27 00:00:00.000','102-020',0.000000,34649470.030000,'101251200016 EAT MARE BUNZ','10203260100032'
'10203260100032','2026-01-27 00:00:00.000','102-001',34649470.030000,0.000000,'101251200016 EAT MARE BUNZ','10203260100032'
'10203260100036','2026-01-27 00:00:00.000','102-020',0.000000,26549047.600000,'101260100018 KREASI SEJUK SARANA -                               TANI MANDIRI SUKSES','10203260100036'
'10203260100036','2026-01-27 00:00:00.000','102-001',26549047.600000,0.000000,'101260100018 KREASI SEJUK SARANA -                               TANI MANDIRI SUKSES','10203260100036'
'101260100035','2026-01-28 00:00:00.000','102-020',201915420.190000,0.000000,'CIM1088321 U/ PT. TIRTAMAS COLD TRANS KE - 5 ','101260100035'
'101260100035','2026-01-28 00:00:00.000','102-001',0.000000,201915420.190000,'CIM1088321 U/ PT. TIRTAMAS COLD TRANS KE - 5 ','101260100035'
'10102260100032','2026-01-28 00:00:00.000','102-101',0.000000,1494781.790000,'TS-SPARE PARTS THERMO KING','10102260100032'
'101260100034','2026-01-28 00:00:00.000','102-020',247123579.070000,0.000000,'CIM1083289 U/ PT. KRISTAL TRANSPORTASI INDONESIA KE - 5','101260100034'
'101260100034','2026-01-28 00:00:00.000','102-001',0.000000,247123579.070000,'CIM1083289 U/ PT. KRISTAL TRANSPORTASI INDONESIA KE - 5','101260100034'
'200410126010210','2026-01-28 00:00:00.000','102-601',21522900.000000,0.000000,'LS/TK.G504,J506,F507',
'200410126010211','2026-01-28 00:00:00.000','102-601',5032722.000000,0.000000,'LS/BN.507/BMI-LINC',
'10203260100037','2026-01-28 00:00:00.000','102-020',0.000000,34649470.030000,'101260100023 PT. SENTRAS BOX INDONESIA -                  BPK. SONY SETIAWAN ','10203260100037'
'10203260100037','2026-01-28 00:00:00.000','102-001',34649470.030000,0.000000,'101260100023 PT. SENTRAS BOX INDONESIA -                  BPK. SONY SETIAWAN ','10203260100037'
'10203260100042','2026-01-28 00:00:00.000','102-020',0.000000,201915420.190000,'101260100027 PT. TIRTAMAS COLD TRANS NUSANTARA                    UNIT KE-4','10203260100042'
'10203260100042','2026-01-28 00:00:00.000','102-001',201915420.190000,0.000000,'101260100027 PT. TIRTAMAS COLD TRANS NUSANTARA                    UNIT KE-4','10203260100042'
'10203260100039','2026-01-28 00:00:00.000','102-020',0.000000,211206845.080000,'101260100032 ANUGERAH MITRA LOGISTIK                            UNIT KE-2','10203260100039'
'10203260100039','2026-01-28 00:00:00.000','102-001',211206845.080000,0.000000,'101260100032 ANUGERAH MITRA LOGISTIK                            UNIT KE-2','10203260100039'
'10203260100046','2026-01-28 00:00:00.000','102-020',0.000000,35339050.590000,'101260100029 RAJA BENUR INDONESIA ','10203260100046'
'10203260100046','2026-01-28 00:00:00.000','102-001',35339050.590000,0.000000,'101260100029 RAJA BENUR INDONESIA ','10203260100046'
'10203260100047','2026-01-28 00:00:00.000','102-020',0.000000,40371775.340000,'101241200068 KRS. ADHIKHARISMA PRATAMA                   UNIT KE-6','10203260100047'
'10203260100047','2026-01-28 00:00:00.000','102-001',40371775.340000,0.000000,'101241200068 KRS. ADHIKHARISMA PRATAMA                   UNIT KE-6','10203260100047'
'10203260100048','2026-01-28 00:00:00.000','102-020',0.000000,39585996.540000,'101260100028 KRS. ADHIKHARISMA PRATAMA ','10203260100048'
'10203260100048','2026-01-28 00:00:00.000','102-001',39585996.540000,0.000000,'101260100028 KRS. ADHIKHARISMA PRATAMA ','10203260100048'
'10203260100049','2026-01-28 00:00:00.000','102-020',0.000000,201915420.190000,'101251200023 AKPP  QQ BERNADI  ','10203260100049'
'10203260100049','2026-01-28 00:00:00.000','102-001',201915420.190000,0.000000,'101251200023 AKPP  QQ BERNADI  ','10203260100049'
'101260100033','2026-01-28 00:00:00.000','102-020',50595413.020000,0.000000,'CIM1086245 U/ ANUGERAH MANDIRI ','101260100033'
'101260100033','2026-01-28 00:00:00.000','102-001',0.000000,50595413.020000,'CIM1086245 U/ ANUGERAH MANDIRI ','101260100033'
'101KM260100057','2026-01-28 00:00:00.000','102-101',0.000000,325978.300000,'PT. HADI SUMARTO SV-800 24V  07.2601042','101KM260100057'
'101KM260100059','2026-01-28 00:00:00.000','102-101',0.000000,1367706.850000,'PT. LINTAS BERSAMA LOGISTIK SV-400 12V  07.2601041','101KM260100059'
'101KM260100090','2026-01-28 00:00:00.000','102-101',0.000000,2673373.340000,'PERL. UNIT SV-800 24V ANUGERAH MANDIRI  KBS2601/031','101KM260100090'
'1012601FR05003','2026-01-28 00:00:00.000','102-601',0.000000,10121000.000000,'(SPARE PARTS THERMO KING) TK.001-070126 INV.1302426812','1012601FR05003'
'1012601FR05003','2026-01-28 00:00:00.000','102-101',10121000.000000,0.000000,'(Ekspedisi : SPARE PARTS THERMO KING) TK.001-070126 INV.1302426812','1012601FR05003'
'101BTB260100027','2026-01-28 00:00:00.000','102-101',189756288.240000,0.000000,'(SPARE PARTS THERMO KING) TK.001-070126  INV.1302426812','101BTB260100027'
'10103260100040','2026-01-28 00:00:00.000','102-001',0.000000,34649470.030000,'TR-UNIT TRUCK THERMO KING','10103260100040'
'10103260100037','2026-01-28 00:00:00.000','102-001',0.000000,34649470.030000,'TR-UNIT TRUCK THERMO KING','10103260100037'
'10103260100042','2026-01-28 00:00:00.000','102-001',0.000000,201915420.190000,'TR-UNIT TRUCK THERMO KING','10103260100042'
'10103260100039','2026-01-28 00:00:00.000','102-001',0.000000,211206845.080000,'TR-UNIT TRUCK THERMO KING','10103260100039'
'10103260100046','2026-01-28 00:00:00.000','102-001',0.000000,35339050.590000,'TR-UNIT TRUCK THERMO KING','10103260100046'
'10103260100047','2026-01-28 00:00:00.000','102-001',0.000000,40371775.340000,'TR-UNIT TRUCK THERMO KING','10103260100047'
'10103260100048','2026-01-28 00:00:00.000','102-001',0.000000,39585996.540000,'TR-UNIT TRUCK THERMO KING','10103260100048'
'10103260100049','2026-01-28 00:00:00.000','102-001',0.000000,201915420.190000,'TR-UNIT TRUCK THERMO KING','10103260100049'
'10101260100039','2026-01-28 00:00:00.000','102-110',0.000000,763815.470000,'L-LOKAL','10101260100039'
'10101260100039','2026-01-28 00:00:00.000','102-101',0.000000,172189.540000,'TS-SPARE PARTS THERMO KING','10101260100039'
'10101260100039','2026-01-28 00:00:00.000','102-101',0.000000,161212.630000,'TS-SPARE PARTS THERMO KING','10101260100039'
'101KM260100122','2026-01-28 00:00:00.000','102-110',0.000000,2434917.520000,'PT. LINTAS MITRA ANUGERAH SEJATI KE-2/NR-660I 24V/801010569BEFAG002/CD EURO 4/002630  06936','101KM260100122'
'101KM260100122','2026-01-28 00:00:00.000','102-102',0.000000,137405.400000,'PT. LINTAS MITRA ANUGERAH SEJATI KE-2/NR-660I 24V/801010569BEFAG002/CD EURO 4/002630  06936','101KM260100122'
'101KM260100123','2026-01-28 00:00:00.000','102-110',0.000000,1407486.040000,'KRISTAL TRANSPORTASI INDONESIA KE-5/T-1200R/CIM 1083289/HINO FL/19258  06877','101KM260100123'
'101KM260100124','2026-01-28 00:00:00.000','102-110',0.000000,2636387.410000,'PT. YAKULT INDONESIA PERSADA (DS. MUARA BUNGO)/FTS-100 12V/009TAM280126/NEW CARRY/J287013  06908','101KM260100124'
'101KM260100124','2026-01-28 00:00:00.000','102-102',0.000000,90467.500000,'PT. YAKULT INDONESIA PERSADA (DS. MUARA BUNGO)/FTS-100 12V/009TAM280126/NEW CARRY/J287013  06908','101KM260100124'
'10203260100040','2026-01-28 00:00:00.000','102-020',0.000000,34649470.030000,'101260100031 PT. SENTRAS BOX INDONESIA - IBU BELLA CHINTIA','10203260100040'
'10203260100040','2026-01-28 00:00:00.000','102-001',34649470.030000,0.000000,'101260100031 PT. SENTRAS BOX INDONESIA - IBU BELLA CHINTIA','10203260100040'
'101260100036','2026-01-29 00:00:00.000','102-020',201915420.190000,0.000000,'CIM1083200 PT. TIRTAMAS COLD TRANS      UNIT KE-6','101260100036'
'101260100036','2026-01-29 00:00:00.000','102-001',0.000000,201915420.190000,'CIM1083200 PT. TIRTAMAS COLD TRANS      UNIT KE-6','101260100036'
'10102260100033','2026-01-29 00:00:00.000','102-110',0.000000,942540.000000,'L-LOKAL','10102260100033'
'10203260100038','2026-01-29 00:00:00.000','102-020',0.000000,38464452.490000,'101260100030 ANTIKA RAYA ','10203260100038'
'10203260100038','2026-01-29 00:00:00.000','102-001',38464452.490000,0.000000,'101260100030 ANTIKA RAYA ','10203260100038'
'101KM260100056','2026-01-29 00:00:00.000','102-101',0.000000,1638556.770000,'PT. LINTAS BERSAMA LOGISTIK SV-400 12V  07.2601043','101KM260100056'
'10103260100041','2026-01-29 00:00:00.000','102-001',0.000000,247123579.070000,'TR-UNIT TRUCK THERMO KING','10103260100041'
'10103260100038','2026-01-29 00:00:00.000','102-001',0.000000,38464452.490000,'TR-UNIT TRUCK THERMO KING','10103260100038'
'10101260100040','2026-01-29 00:00:00.000','102-201',0.000000,50234.490000,'MT-MATERIAL TAMBAHAN','10101260100040'
'10101260100042','2026-01-29 00:00:00.000','102-110',0.000000,64500.000000,'L-LOKAL','10101260100042'
'10101260100042','2026-01-29 00:00:00.000','102-110',0.000000,51023.240000,'L-LOKAL','10101260100042'
'10101260100042','2026-01-29 00:00:00.000','102-110',0.000000,351121.440000,'L-LOKAL','10101260100042'
'10101260100042','2026-01-29 00:00:00.000','102-110',0.000000,86015.720000,'L-LOKAL','10101260100042'
'10101260100042','2026-01-29 00:00:00.000','102-110',0.000000,10.000000,'L-LOKAL','10101260100042'
'10101260100042','2026-01-29 00:00:00.000','102-110',0.000000,93612.250000,'L-LOKAL','10101260100042'
'10101260100042','2026-01-29 00:00:00.000','102-110',0.000000,60977.880000,'L-LOKAL','10101260100042'
'10101260100042','2026-01-29 00:00:00.000','102-110',0.000000,53081.700000,'L-LOKAL','10101260100042'
'10101260100042','2026-01-29 00:00:00.000','102-110',0.000000,164198.900000,'L-LOKAL','10101260100042'
'10101260100042','2026-01-29 00:00:00.000','102-110',0.000000,103839.460000,'L-LOKAL','10101260100042'
'10101260100042','2026-01-29 00:00:00.000','102-110',0.000000,6.000000,'L-LOKAL','10101260100042'
'10101260100042','2026-01-29 00:00:00.000','102-110',0.000000,457152.640000,'L-LOKAL','10101260100042'
'10101260100042','2026-01-29 00:00:00.000','102-110',0.000000,139919.760000,'L-LOKAL','10101260100042'
'10101260100042','2026-01-29 00:00:00.000','102-110',0.000000,67556.580000,'L-LOKAL','10101260100042'
'10101260100042','2026-01-29 00:00:00.000','102-110',0.000000,247116.100000,'L-LOKAL','10101260100042'
'10101260100042','2026-01-29 00:00:00.000','102-102',0.000000,130647.000000,'TL-SPARE PARTS THERMO KING LOKAL','10101260100042'
'101KM260100125','2026-01-29 00:00:00.000','102-110',0.000000,2799546.990000,'PT. PAREWA KE-2/NR-350I 12V/801010632BEFBC001/HD 6 RD/29621  06922','101KM260100125'
'101KM260100125','2026-01-29 00:00:00.000','102-102',0.000000,137405.400000,'PT. PAREWA KE-2/NR-350I 12V/801010632BEFBC001/HD 6 RD/29621  06922','101KM260100125'
'101KM260100126','2026-01-29 00:00:00.000','102-110',0.000000,2900000.000000,'PT. TIRTAMAS COLDTRANS NUSANTARA KE-6/T-1280E/CIM 1083200/GIGA/J005949  06861','101KM260100126'
'101KP260100014','2026-01-29 00:00:00.000','102-110',942540.000000,0.000000,'INTERN,  067','101KP260100014'
'10203260100041','2026-01-29 00:00:00.000','102-020',0.000000,247123579.070000,'101260100034 U/ PT. KRISTAL TRANSPORTASI INDONESIA KE - 5','10203260100041'
'10203260100041','2026-01-29 00:00:00.000','102-001',247123579.070000,0.000000,'101260100034 U/ PT. KRISTAL TRANSPORTASI INDONESIA KE - 5','10203260100041'
'10203260100043','2026-01-30 00:00:00.000','102-020',0.000000,48000000.000000,'101260100041 U/ LINTAS MITRA ANUGERAH','10203260100043'
'10203260100043','2026-01-30 00:00:00.000','102-003',48000000.000000,0.000000,'101260100041 U/ LINTAS MITRA ANUGERAH','10203260100043'
'10203260100044','2026-01-30 00:00:00.000','102-020',0.000000,201915420.190000,'101260100035 U/ PT. TIRTAMAS COLD TRANS KE - 5 ','10203260100044'
'10203260100044','2026-01-30 00:00:00.000','102-001',201915420.190000,0.000000,'101260100035 U/ PT. TIRTAMAS COLD TRANS KE - 5 ','10203260100044'
'10203260100045','2026-01-30 00:00:00.000','102-020',0.000000,201915420.190000,'101260100036 PT. TIRTAMAS COLD TRANS      UNIT KE-6','10203260100045'
'10203260100045','2026-01-30 00:00:00.000','102-001',201915420.190000,0.000000,'101260100036 PT. TIRTAMAS COLD TRANS      UNIT KE-6','10203260100045'
'10102260100034','2026-01-30 00:00:00.000','102-101',0.000000,6200702.400000,'TS-SPARE PARTS THERMO KING','10102260100034'
'10102260100034','2026-01-30 00:00:00.000','102-101',0.000000,232895.350000,'TS-SPARE PARTS THERMO KING','10102260100034'
'101260100041','2026-01-30 00:00:00.000','102-020',48000000.000000,0.000000,'569BEFAG002 U/ LINTAS MITRA ANUGERAH','101260100041'
'101260100041','2026-01-30 00:00:00.000','102-003',0.000000,48000000.000000,'569BEFAG002 U/ LINTAS MITRA ANUGERAH','101260100041'
'101KM260100052','2026-01-30 00:00:00.000','102-101',0.000000,1240023.950000,'PT. SENTRAS BOX JUMA BERLIAN T-1200  07.2601047','101KM260100052'
'101KM260100053','2026-01-30 00:00:00.000','102-110',0.000000,560000.000000,'PT. CARLOSINDO UTAMA RV-300 12V  07.2601046','101KM260100053'
'101KM260100053','2026-01-30 00:00:00.000','102-101',0.000000,3311093.750000,'PT. CARLOSINDO UTAMA RV-300 12V  07.2601046','101KM260100053'
'101KM260100054','2026-01-30 00:00:00.000','102-110',0.000000,381111.020000,'PT. LINTAS BERSAMA LOGISTIK SV-400 12V  07.2601045','101KM260100054'
'101KM260100055','2026-01-30 00:00:00.000','102-110',0.000000,300009.890000,'CV. MAKMUR JAYA SV-600 24V  07.2601044','101KM260100055'
'101KM260100055','2026-01-30 00:00:00.000','102-101',0.000000,6494476.350000,'CV. MAKMUR JAYA SV-600 24V  07.2601044','101KM260100055'
'101KM260100088','2026-01-30 00:00:00.000','102-101',0.000000,6142218.570000,'INTERN, MUTASI STOK SPAREPART  KBS2601/034','101KM260100088'
'101KM260100089','2026-01-30 00:00:00.000','102-101',0.000000,961639.170000,'PERL. UNIT SV-600 12V KAROSERI NUGRAHA  KBS2601/033','101KM260100089'
'101BTB260100035','2026-01-30 00:00:00.000','102-110',8700000.000000,0.000000,'(LOKAL) ALBERT AL9033 ','101BTB260100035'
'101BTB260100037','2026-01-30 00:00:00.000','102-003',48000000.000000,0.000000,'(NORDIC) SEJUK SEJAHTERA SENTOSA 3S01.2601018','101BTB260100037'
'10103260100043','2026-01-30 00:00:00.000','102-003',0.000000,48000000.000000,'NR-NORDIC','10103260100043'
'10103260100044','2026-01-30 00:00:00.000','102-001',0.000000,201915420.190000,'TR-UNIT TRUCK THERMO KING','10103260100044'
'10103260100045','2026-01-30 00:00:00.000','102-001',0.000000,201915420.190000,'TR-UNIT TRUCK THERMO KING','10103260100045'
'10101260100046','2026-01-30 00:00:00.000','102-110',0.000000,82721.550000,'L-LOKAL','10101260100046'
'10101260100047','2026-01-30 00:00:00.000','102-110',0.000000,295833.260000,'L-LOKAL','10101260100047'
'10101260100047','2026-01-30 00:00:00.000','102-110',0.000000,82721.550000,'L-LOKAL','10101260100047'
'10101260100047','2026-01-30 00:00:00.000','102-102',0.000000,619120.180000,'TL-SPARE PARTS THERMO KING LOKAL','10101260100047'
'101KM260100130','2026-01-30 00:00:00.000','102-110',0.000000,10.000000,'RUBAH PULLEY TAM SURABAYA  KBS2601/036','101KM260100130'
'101KM260100131','2026-01-30 00:00:00.000','102-110',0.000000,10.000000,'RUBAH COMPR TAM SURABAYA  KBS2601/035','101KM260100131'
'101KM260100127','2026-01-30 00:00:00.000','102-110',0.000000,2636387.410000,'PT. YAKULT INDONESIA PERSADA (YL. MUARA BUNGO)/FTS-100 12V/010TAM290126/NEW CARRY/J287047  06909','101KM260100127'
'101KM260100127','2026-01-30 00:00:00.000','102-102',0.000000,90467.500000,'PT. YAKULT INDONESIA PERSADA (YL. MUARA BUNGO)/FTS-100 12V/010TAM290126/NEW CARRY/J287047  06909','101KM260100127'
'101KP260100013','2026-01-30 00:00:00.000','102-101',2905659.000000,0.000000,'INTERN  069','101KP260100013'
'101KP260200001','2026-02-01 00:00:00.000','102-110',167532.000000,0.000000,'  FEB''26','101KP260200001'
'101KP260200001','2026-02-01 00:00:00.000','102-102',3895000.000000,0.000000,'  FEB''26','101KP260200001'
'101260200005','2026-02-02 00:00:00.000','102-020',39585996.530000,0.000000,'CIM1083236 MULTITRILOKA CEMERLANG    UNIT KE-2','101260200005'
'101260200005','2026-02-02 00:00:00.000','102-001',0.000000,39585996.530000,'CIM1083236 MULTITRILOKA CEMERLANG    UNIT KE-2','101260200005'
'101260200004','2026-02-02 00:00:00.000','102-020',39585996.530000,0.000000,'CIM1083228 MULTITRILOKA CEMERLANG       UNIT KE-1','101260200004'
'101260200004','2026-02-02 00:00:00.000','102-001',0.000000,39585996.530000,'CIM1083228 MULTITRILOKA CEMERLANG       UNIT KE-1','101260200004'
'101260200003','2026-02-02 00:00:00.000','102-020',50595413.020000,0.000000,'CIM1086241 TIRTAMAS COLD TRANS                           UNIT KE-3','101260200003'
'101260200003','2026-02-02 00:00:00.000','102-001',0.000000,50595413.020000,'CIM1086241 TIRTAMAS COLD TRANS                           UNIT KE-3','101260200003'
'101BTB260200013','2026-02-02 00:00:00.000','102-110',15945946.000000,0.000000,'(LOKAL) PT. POLARIN XININDO PX/2026/02/007','101BTB260200013'
'101KM260200001','2026-02-02 00:00:00.000','102-110',0.000000,2328443.760000,'BENTORO ADISANDI IVENA/SV-400 24V/CIM 1086214/CD EURO 4/005979  06881','101KM260200001'
'101KM260200001','2026-02-02 00:00:00.000','102-102',0.000000,143711.700000,'BENTORO ADISANDI IVENA/SV-400 24V/CIM 1086214/CD EURO 4/005979  06881','101KM260200001'
'101BTB260200022','2026-02-02 00:00:00.000','102-203',50500000.000000,0.000000,'(BOX FIBERGLASS) MITRA SUKSES ABADI (001/MAS-PRO.INV/2026)','101BTB260200022'
'101260200002','2026-02-02 00:00:00.000','102-020',27165189.600000,0.000000,'CIM1083361 ANTIKA RAYA','101260200002'
'101260200002','2026-02-02 00:00:00.000','102-001',0.000000,27165189.600000,'CIM1083361 ANTIKA RAYA','101260200002'
'101260200001','2026-02-02 00:00:00.000','102-020',34649470.030000,0.000000,'CIM1084298 TRI SAMUDRA','101260200001'
'101260200001','2026-02-02 00:00:00.000','102-001',0.000000,34649470.030000,'CIM1084298 TRI SAMUDRA','101260200001'
'101260200010','2026-02-02 00:00:00.000','102-020',35339050.590000,0.000000,'CIM1086214 PT. BENTORO ADI SANDI','101260200010'
'101260200010','2026-02-02 00:00:00.000','102-001',0.000000,35339050.590000,'CIM1086214 PT. BENTORO ADI SANDI','101260200010'
'10102260200001','2026-02-02 00:00:00.000','102-101',0.000000,5316287.840000,'TS-SPARE PARTS THERMO KING','10102260200001'
'101260200009','2026-02-02 00:00:00.000','102-020',247123579.070000,0.000000,'CIM1083282 PT. KRISTAL TRANSPORTASI INDONESIA                       UNIT KE-6','101260200009'
'101260200009','2026-02-02 00:00:00.000','102-001',0.000000,247123579.070000,'CIM1083282 PT. KRISTAL TRANSPORTASI INDONESIA                       UNIT KE-6','101260200009'
'10102260200002','2026-02-02 00:00:00.000','102-101',0.000000,651956.600000,'TS-SPARE PARTS THERMO KING','10102260200002'
'101260100039','2026-02-02 00:00:00.000','102-020',50595413.020000,0.000000,'CIM1086246 TIRTAMAS COLDTRANS NUSANTARA                   UNIT KE-4','101260100039'
'101260100039','2026-02-02 00:00:00.000','102-001',0.000000,50595413.020000,'CIM1086246 TIRTAMAS COLDTRANS NUSANTARA                   UNIT KE-4','101260100039'
'101260200008','2026-02-02 00:00:00.000','102-020',247123579.070000,0.000000,'CIM1083281 MANGGALA KIAT ANANDA                        UNIT KE-16','101260200008'
'101260200008','2026-02-02 00:00:00.000','102-001',0.000000,247123579.070000,'CIM1083281 MANGGALA KIAT ANANDA                        UNIT KE-16','101260200008'
'10102260200003','2026-02-02 00:00:00.000','102-101',0.000000,342958.190000,'TS-SPARE PARTS THERMO KING','10102260200003'
'10102260200003','2026-02-02 00:00:00.000','102-101',0.000000,1147021.500000,'TS-SPARE PARTS THERMO KING','10102260200003'
'101260100038','2026-02-02 00:00:00.000','102-020',39585996.530000,0.000000,'CIM1083698 SURYA PUTRA BARUTAMA','101260100038'
'101260100038','2026-02-02 00:00:00.000','102-001',0.000000,39585996.530000,'CIM1083698 SURYA PUTRA BARUTAMA','101260100038'
'101260200007','2026-02-02 00:00:00.000','102-020',35339050.590000,0.000000,'CIM1086227 KRS. MASTER QQ SUSHI TEI ','101260200007'
'101260200007','2026-02-02 00:00:00.000','102-001',0.000000,35339050.590000,'CIM1086227 KRS. MASTER QQ SUSHI TEI ','101260200007'
'101260100037','2026-02-02 00:00:00.000','102-020',27165189.600000,0.000000,'CIM1083360 ANTIKA RAYA','101260100037'
'101260100037','2026-02-02 00:00:00.000','102-001',0.000000,27165189.600000,'CIM1083360 ANTIKA RAYA','101260100037'
'101260200006','2026-02-02 00:00:00.000','102-020',35339050.590000,0.000000,'CIM1086210 KAROSERI NUGROHO ','101260200006'
'101260200006','2026-02-02 00:00:00.000','102-001',0.000000,35339050.590000,'CIM1086210 KAROSERI NUGROHO ','101260200006'
'101KM260200073','2026-02-02 00:00:00.000','102-101',0.000000,663140.360000,'PT. BINTANG BARU MUDA BERLAYAR SV-600 24V  07.2602003','101KM260200073'
'101KM260200074','2026-02-02 00:00:00.000','102-101',0.000000,1305717.740000,'PT. MEGA INDO LOGISTIK T-1200  07.2602002','101KM260200074'
'101KM260200075','2026-02-02 00:00:00.000','102-101',0.000000,2823885.870000,'PT. LINTAS BERSAMA LOGISTIK SV-400 12V  07.2602001','101KM260200075'
'10101260200001','2026-02-02 00:00:00.000','102-110',0.000000,295613.980000,'L-LOKAL','10101260200001'
'10101260200001','2026-02-02 00:00:00.000','102-110',0.000000,83740.530000,'L-LOKAL','10101260200001'
'10101260200001','2026-02-02 00:00:00.000','102-110',0.000000,41017.740000,'L-LOKAL','10101260200001'
'10101260200001','2026-02-02 00:00:00.000','102-110',0.000000,563414.220000,'L-LOKAL','10101260200001'
'10101260200001','2026-02-02 00:00:00.000','102-102',0.000000,151785.000000,'TL-SPARE PARTS THERMO KING LOKAL','10101260200001'
'10101260200001','2026-02-02 00:00:00.000','102-101',0.000000,968553.090000,'TS-SPARE PARTS THERMO KING','10101260200001'
'101KM260200101','2026-02-02 00:00:00.000','102-101',0.000000,1099130.880000,'PERL. UNIT SV-600 24V TAM SOLO BERNADUS JALU  KBS2602/008','101KM260200101'
'101KM260200102','2026-02-02 00:00:00.000','102-101',0.000000,961639.140000,'PERL. UNIT SV-600 24V TAM SBY  KBS2602/007','101KM260200102'
'101KM260200103','2026-02-02 00:00:00.000','102-101',0.000000,1923278.280000,'PERL. 2 UNIT  SV-600 24V TAM SBY KAROSERI LESTARI  KBS2602/006','101KM260200103'
'101KM260200104','2026-02-02 00:00:00.000','102-110',0.000000,560000.000000,'RUBAH PULLEY COMPR SV-400 12V  KBS2602/005','101KM260200104'
'101KM260200105','2026-02-02 00:00:00.000','102-110',0.000000,19.450000,'RUBAH COMPR TK-21 12V TAM SEMARANG  KBS2602/004','101KM260200105'
'101KM260200105','2026-02-02 00:00:00.000','102-103',0.000000,4778140.670000,'RUBAH COMPR TK-21 12V TAM SEMARANG  KBS2602/004','101KM260200105'
'101KM260200106','2026-02-02 00:00:00.000','102-110',0.000000,9.450000,'RUBAH COMPR SUMBER BERKAT ABADI  KBS2602/003','101KM260200106'
'101KM260200106','2026-02-02 00:00:00.000','102-101',0.000000,5333706.710000,'RUBAH COMPR SUMBER BERKAT ABADI  KBS2602/003','101KM260200106'
'101KM260200107','2026-02-02 00:00:00.000','102-110',0.000000,10.000000,'RUBAH PULLEY COMPR THERMO ASRI MASYUR  KBS2602/002','101KM260200107'
'101KM260200108','2026-02-02 00:00:00.000','102-101',0.000000,5320833.640000,'CLAIM PEMBELIAN SPAREPART 02.2510017  KBS2602/001','101KM260200108'
'101BTB260200002','2026-02-02 00:00:00.000','102-110',420000.000000,0.000000,'(LOKAL) ALBERT AL3944','101BTB260200002'
'101BTB260200003','2026-02-02 00:00:00.000','102-110',1792500.000000,0.000000,'(LOKAL) MULIA JAYA 2704 ','101BTB260200003'
'101KP260200004','2026-02-02 00:00:00.000','102-110',30.000000,0.000000,'INTERN, RUBAH COMPRS  001','101KP260200004'
'101KP260200004','2026-02-02 00:00:00.000','102-103',2340005.000000,0.000000,'INTERN, RUBAH COMPRS  001','101KP260200004'
'101KP260200004','2026-02-02 00:00:00.000','102-101',5316288.000000,0.000000,'INTERN, RUBAH COMPRS  001','101KP260200004'
'10102260200007','2026-02-03 00:00:00.000','102-001',0.000000,247123579.070000,'TR-UNIT TRUCK THERMO KING','10102260200007'
'10104260200001','2026-02-03 00:00:00.000','102-110',0.000000,294973.920000,'L-LOKAL','10104260200001'
'10104260200001','2026-02-03 00:00:00.000','102-110',0.000000,1074071.000000,'L-LOKAL','10104260200001'
'10104260200001','2026-02-03 00:00:00.000','102-110',0.000000,1150000.000000,'L-LOKAL','10104260200001'
'10104260200001','2026-02-03 00:00:00.000','102-010',0.000000,2730000.000000,'TYU-TOYO UNIT','10104260200001'
'10104260200002','2026-02-03 00:00:00.000','102-110',0.000000,294973.920000,'L-LOKAL','10104260200002'
'10104260200002','2026-02-03 00:00:00.000','102-110',0.000000,1074071.000000,'L-LOKAL','10104260200002'
'10104260200002','2026-02-03 00:00:00.000','102-110',0.000000,1150000.000000,'L-LOKAL','10104260200002'
'10104260200002','2026-02-03 00:00:00.000','102-010',0.000000,2730000.000000,'TYU-TOYO UNIT','10104260200002'
'101260200012','2026-02-03 00:00:00.000','102-020',201915420.180000,0.000000,'CIM1088323 U/ PT. WINSON SINGA LOGISTIK KE - 1','101260200012'
'101260200012','2026-02-03 00:00:00.000','102-001',0.000000,201915420.180000,'CIM1088323 U/ PT. WINSON SINGA LOGISTIK KE - 1','101260200012'
'101260200011','2026-02-03 00:00:00.000','102-020',39585996.530000,0.000000,'CIM1083237 U/ BERNADUS JALU','101260200011'
'101260200011','2026-02-03 00:00:00.000','102-001',0.000000,39585996.530000,'CIM1083237 U/ BERNADUS JALU','101260200011'
'10203260200037','2026-02-03 00:00:00.000','102-020',0.000000,247123579.070000,'101260200008 MANGGALA KIAT ANANDA                        UNIT KE-16','10203260200037'
'10203260200037','2026-02-03 00:00:00.000','102-001',247123579.070000,0.000000,'101260200008 MANGGALA KIAT ANANDA                        UNIT KE-16','10203260200037'
'101KM260200002','2026-02-03 00:00:00.000','102-110',0.000000,1412900.000000,'KRISTAL TRANSPORTASI INDONESIA KE-6/T-1200R/CIM 1083282/HINO FL/19260  06877','101KM260200002'
'101KM260200003','2026-02-03 00:00:00.000','102-110',0.000000,1412900.000000,'PT. MANGGALA KIAT ANANDA KE-16/T-1200R/CIM 1083281/HINO FL/18822  06830','101KM260200003'
'101KM260200004','2026-02-03 00:00:00.000','102-110',0.000000,2900000.000000,'PT. WINSON SINGA LOGISTIK KE-1/T-1280E/CIM 1088323/HINO FL/19153  06873','101KM260200004'
'10203260200015','2026-02-03 00:00:00.000','102-020',0.000000,50595413.020000,'101260100013 ANTIKA RAYA - PURANTARA','10203260200015'
'10203260200015','2026-02-03 00:00:00.000','102-001',50595413.020000,0.000000,'101260100013 ANTIKA RAYA - PURANTARA','10203260200015'
'10102260200004','2026-02-03 00:00:00.000','102-101',0.000000,2607567.580000,'TS-SPARE PARTS THERMO KING','10102260200004'
'10102260200004','2026-02-03 00:00:00.000','102-101',0.000000,4267239.420000,'TS-SPARE PARTS THERMO KING','10102260200004'
'101KM260200005','2026-02-03 00:00:00.000','102-110',0.000000,2320233.810000,'BOGOR KIAT SARANA/SV-400 24V/CIM 1086213/CD EURO 4/005972  06969','101KM260200005'
'101KM260200005','2026-02-03 00:00:00.000','102-102',0.000000,143711.700000,'BOGOR KIAT SARANA/SV-400 24V/CIM 1086213/CD EURO 4/005972  06969','101KM260200005'
'101KM260200070','2026-02-03 00:00:00.000','102-110',0.000000,1382901.530000,'PT. LINTAS BERSAMA LOGISTIK SV-400 12V  07.2602006','101KM260200070'
'101KM260200071','2026-02-03 00:00:00.000','102-110',0.000000,1382901.530000,'PT. LINTAS BERSAMA LOGISTIK SV-400 12V  07.2602005','101KM260200071'
'101KM260200072','2026-02-03 00:00:00.000','102-110',0.000000,467500.020000,'BPK. SURATMAN SV-600 24V  07.2602004','101KM260200072'
'101KM260200072','2026-02-03 00:00:00.000','102-103',0.000000,2340005.000000,'BPK. SURATMAN SV-600 24V  07.2602004','101KM260200072'
'101KM260200072','2026-02-03 00:00:00.000','102-101',0.000000,1173642.710000,'BPK. SURATMAN SV-600 24V  07.2602004','101KM260200072'
'101KM260200069','2026-02-03 00:00:00.000','102-110',0.000000,300000.020000,'PT. LINTAS BERSAMA LOGISTIK SV-400 12V  07.2602007','101KM260200069'
'10202260200007','2026-02-03 00:00:00.000','102-020',0.000000,247123579.070000,'101260200009 PT. KRISTAL TRANSPORTASI INDONESIA                       UNIT KE-6','10202260200007'
'10202260200007','2026-02-03 00:00:00.000','102-001',247123579.070000,0.000000,'101260200009 PT. KRISTAL TRANSPORTASI INDONESIA                       UNIT KE-6','10202260200007'
'10103260200001','2026-02-03 00:00:00.000','102-201',0.000000,50234.490000,'MT-MATERIAL TAMBAHAN','10103260200001'
'10103260200001','2026-02-03 00:00:00.000','102-001',0.000000,50595413.020000,'TR-UNIT TRUCK THERMO KING','10103260200001'
'10101260200002','2026-02-03 00:00:00.000','102-110',0.000000,763815.470000,'L-LOKAL','10101260200002'
'10101260200002','2026-02-03 00:00:00.000','102-101',0.000000,10711405.860000,'TS-SPARE PARTS THERMO KING','10101260200002'
'10101260200002','2026-02-03 00:00:00.000','102-101',0.000000,1485762.850000,'TS-SPARE PARTS THERMO KING','10101260200002'
'10101260200002','2026-02-03 00:00:00.000','102-101',0.000000,938994.120000,'TS-SPARE PARTS THERMO KING','10101260200002'
'10101260200002','2026-02-03 00:00:00.000','102-101',0.000000,1305716.130000,'TS-SPARE PARTS THERMO KING','10101260200002'
'10101260200002','2026-02-03 00:00:00.000','102-101',0.000000,1401598.310000,'TS-SPARE PARTS THERMO KING','10101260200002'
'10101260200002','2026-02-03 00:00:00.000','102-101',0.000000,1494781.790000,'TS-SPARE PARTS THERMO KING','10101260200002'
'10101260200002','2026-02-03 00:00:00.000','102-101',0.000000,172189.560000,'TS-SPARE PARTS THERMO KING','10101260200002'
'10101260200002','2026-02-03 00:00:00.000','102-101',0.000000,190355.420000,'TS-SPARE PARTS THERMO KING','10101260200002'
'10101260200002','2026-02-03 00:00:00.000','102-101',0.000000,161220.580000,'TS-SPARE PARTS THERMO KING','10101260200002'
'10101260200003','2026-02-03 00:00:00.000','102-110',0.000000,49966.020000,'L-LOKAL','10101260200003'
'10101260200003','2026-02-03 00:00:00.000','102-110',0.000000,41017.740000,'L-LOKAL','10101260200003'
'10101260200003','2026-02-03 00:00:00.000','102-110',0.000000,563414.220000,'L-LOKAL','10101260200003'
'10101260200003','2026-02-03 00:00:00.000','102-103',0.000000,63105.710000,'NDS-SPARE PART NORDIC','10101260200003'
'10101260200003','2026-02-03 00:00:00.000','102-102',0.000000,151785.000000,'TL-SPARE PARTS THERMO KING LOKAL','10101260200003'
'10101260200003','2026-02-03 00:00:00.000','102-101',0.000000,322851.030000,'TS-SPARE PARTS THERMO KING','10101260200003'
'10101260200003','2026-02-03 00:00:00.000','102-101',0.000000,663140.360000,'TS-SPARE PARTS THERMO KING','10101260200003'
'10101260200003','2026-02-03 00:00:00.000','102-101',0.000000,3169131.460000,'TS-SPARE PARTS THERMO KING','10101260200003'
'10103260200015','2026-02-03 00:00:00.000','102-201',0.000000,50234.490000,'MT-MATERIAL TAMBAHAN','10103260200015'
'10103260200015','2026-02-03 00:00:00.000','102-001',0.000000,50595413.020000,'TR-UNIT TRUCK THERMO KING','10103260200015'
'101KM260200100','2026-02-03 00:00:00.000','102-101',0.000000,1099130.880000,'PERL UNIT SV-600 24V TAM BDG  KBS2602/009','101KM260200100'
'10103260200037','2026-02-03 00:00:00.000','102-001',0.000000,247123579.070000,'TR-UNIT TRUCK THERMO KING','10103260200037'
'101BTB260200001','2026-02-03 00:00:00.000','102-110',8700000.000000,0.000000,'(LOKAL) ALBERT AL3722','101BTB260200001'
'10203260200001','2026-02-03 00:00:00.000','102-020',0.000000,50595413.020000,'101260100033 U/ ANUGERAH MANDIRI ','10203260200001'
'10203260200001','2026-02-03 00:00:00.000','102-001',50595413.020000,0.000000,'101260100033 U/ ANUGERAH MANDIRI ','10203260200001'
'10102260200006','2026-02-04 00:00:00.000','102-101',0.000000,2607567.580000,'TS-SPARE PARTS THERMO KING','10102260200006'
'101BTB260200011','2026-02-04 00:00:00.000','102-110',2821000.000000,0.000000,'(LOKAL) ALBERT AL4724','101BTB260200011'
'101260200014','2026-02-04 00:00:00.000','102-020',39585996.530000,0.000000,'CIM1083230 U/ CARLOSINDO UTAMA','101260200014'
'101260200014','2026-02-04 00:00:00.000','102-001',0.000000,39585996.530000,'CIM1083230 U/ CARLOSINDO UTAMA','101260200014'
'101260200013','2026-02-04 00:00:00.000','102-020',26549047.790000,0.000000,'CIM1033129 U/ INDOSALUYU','101260200013'
'101260200013','2026-02-04 00:00:00.000','102-001',0.000000,26549047.790000,'CIM1033129 U/ INDOSALUYU','101260200013'
'10203260200013','2026-02-04 00:00:00.000','102-020',0.000000,35339050.590000,'101260200007 KRS. MASTER QQ SUSHI TEI ','10203260200013'
'10203260200013','2026-02-04 00:00:00.000','102-001',35339050.590000,0.000000,'101260200007 KRS. MASTER QQ SUSHI TEI ','10203260200013'
'10102260200005','2026-02-04 00:00:00.000','102-101',0.000000,4139594.850000,'TS-SPARE PARTS THERMO KING','10102260200005'
'101KM260200067','2026-02-04 00:00:00.000','102-101',0.000000,2706646.090000,'PT. KRISTAL TRANSPORTASI T-1200  07.2602009','101KM260200067'
'101KM260200068','2026-02-04 00:00:00.000','102-110',0.000000,300000.020000,'BPK. SURATMAN SV-600 24V  07.2602008','101KM260200068'
'101KM260200068','2026-02-04 00:00:00.000','102-103',0.000000,2340005.000000,'BPK. SURATMAN SV-600 24V  07.2602008','101KM260200068'
'101KM260200068','2026-02-04 00:00:00.000','102-101',0.000000,1173642.710000,'BPK. SURATMAN SV-600 24V  07.2602008','101KM260200068'
'10101260200004','2026-02-04 00:00:00.000','102-110',0.000000,939023.700000,'L-LOKAL','10101260200004'
'10101260200004','2026-02-04 00:00:00.000','102-101',0.000000,1305716.130000,'TS-SPARE PARTS THERMO KING','10101260200004'
'10101260200005','2026-02-04 00:00:00.000','102-110',0.000000,295613.980000,'L-LOKAL','10101260200005'
'10101260200005','2026-02-04 00:00:00.000','102-110',0.000000,80235.140000,'L-LOKAL','10101260200005'
'10101260200005','2026-02-04 00:00:00.000','102-110',0.000000,41017.740000,'L-LOKAL','10101260200005'
'10101260200005','2026-02-04 00:00:00.000','102-110',0.000000,563414.220000,'L-LOKAL','10101260200005'
'10101260200005','2026-02-04 00:00:00.000','102-110',0.000000,226786.880000,'L-LOKAL','10101260200005'
'10101260200005','2026-02-04 00:00:00.000','102-102',0.000000,619120.180000,'TL-SPARE PARTS THERMO KING LOKAL','10101260200005'
'10101260200005','2026-02-04 00:00:00.000','102-102',0.000000,151785.000000,'TL-SPARE PARTS THERMO KING LOKAL','10101260200005'
'10101260200005','2026-02-04 00:00:00.000','102-102',0.000000,318277.520000,'TL-SPARE PARTS THERMO KING LOKAL','10101260200005'
'10101260200005','2026-02-04 00:00:00.000','102-101',0.000000,651956.600000,'TS-SPARE PARTS THERMO KING','10101260200005'
'10103260200013','2026-02-04 00:00:00.000','102-001',0.000000,35339050.590000,'TR-UNIT TRUCK THERMO KING','10103260200013'
'101KM260200110','2026-02-04 00:00:00.000','102-110',0.000000,1301083.200000,'THERMO ASRI MANUNGGAL  001/TAM/II/2026','101KM260200110'
'101BTB260200007','2026-02-04 00:00:00.000','102-103',7254000.000000,0.000000,'(SPARE PART NORDIC) SEJUK SEJAHTERA SENTOSA 3S05.2602004','101BTB260200007'
'101BTB260200010','2026-02-04 00:00:00.000','102-110',4231500.000000,0.000000,'(LOKAL) ALBERT AL4723','101BTB260200010'
'101KM260200006','2026-02-05 00:00:00.000','102-110',0.000000,1412900.000000,'CV. CIPTA MANUNGGAL SAKTI/T-1080 PRO/CIM 1088556/HINO FL/19141  06755','101KM260200006'
'101260200016','2026-02-05 00:00:00.000','102-020',211206845.080000,0.000000,'CIM1088556 U/ CV. CIPTA MANUNGGAL SAKTI','101260200016'
'101260200016','2026-02-05 00:00:00.000','102-001',0.000000,211206845.080000,'CIM1088556 U/ CV. CIPTA MANUNGGAL SAKTI','101260200016'
'101260200015','2026-02-05 00:00:00.000','102-020',35339050.590000,0.000000,'CIM1086213 U/ CV. BOGOR KIAT SARANA','101260200015'
'101260200015','2026-02-05 00:00:00.000','102-001',0.000000,35339050.590000,'CIM1086213 U/ CV. BOGOR KIAT SARANA','101260200015'
'10203260200014','2026-02-05 00:00:00.000','102-020',0.000000,209664529.650000,'101251100011 RADHA PANGGIH TATA LAKSANA   ','10203260200014'
'10203260200014','2026-02-05 00:00:00.000','102-001',209664529.650000,0.000000,'101251100011 RADHA PANGGIH TATA LAKSANA   ','10203260200014'
'101BTB260200025','2026-02-05 00:00:00.000','102-103',2172480.000000,0.000000,'(SPARE PART NORDIC) PT. SEJUK SEJAHTERA SENTOSA 3S05.2602006','101BTB260200025'
'101KM260200065','2026-02-05 00:00:00.000','102-110',0.000000,300009.470000,'CV. EDERA SHAKIRA SV-600 24V  07.2602011','101KM260200065'
'101KM260200065','2026-02-05 00:00:00.000','102-101',0.000000,6507349.420000,'CV. EDERA SHAKIRA SV-600 24V  07.2602011','101KM260200065'
'101KM260200066','2026-02-05 00:00:00.000','102-110',0.000000,9.450000,'PT. PAREWA ASIAN CATERING SV-800 24V  07.2602010','101KM260200066'
'101KM260200066','2026-02-05 00:00:00.000','102-101',0.000000,5333706.710000,'PT. PAREWA ASIAN CATERING SV-800 24V  07.2602010','101KM260200066'
'10103260200002','2026-02-05 00:00:00.000','102-001',0.000000,35339050.590000,'TR-UNIT TRUCK THERMO KING','10103260200002'
'10101260200006','2026-02-05 00:00:00.000','102-201',0.000000,50234.490000,'MT-MATERIAL TAMBAHAN','10101260200006'
'10101260200007','2026-02-05 00:00:00.000','102-101',0.000000,652217.280000,'TS-SPARE PARTS THERMO KING','10101260200007'
'10101260200007','2026-02-05 00:00:00.000','102-101',0.000000,1147021.500000,'TS-SPARE PARTS THERMO KING','10101260200007'
'10101260200008','2026-02-05 00:00:00.000','102-110',0.000000,49966.020000,'L-LOKAL','10101260200008'
'10101260200008','2026-02-05 00:00:00.000','102-110',0.000000,41017.740000,'L-LOKAL','10101260200008'
'10101260200008','2026-02-05 00:00:00.000','102-110',0.000000,563414.220000,'L-LOKAL','10101260200008'
'10101260200008','2026-02-05 00:00:00.000','102-102',0.000000,151785.000000,'TL-SPARE PARTS THERMO KING LOKAL','10101260200008'
'10101260200008','2026-02-05 00:00:00.000','102-102',0.000000,596050.600000,'TL-SPARE PARTS THERMO KING LOKAL','10101260200008'
'10101260200008','2026-02-05 00:00:00.000','102-101',0.000000,663140.360000,'TS-SPARE PARTS THERMO KING','10101260200008'
'10101260200009','2026-02-05 00:00:00.000','102-103',0.000000,2172480.000000,'NDS-SPARE PART NORDIC','10101260200009'
'10103260200014','2026-02-05 00:00:00.000','102-001',0.000000,209664529.650000,'TR-UNIT TRUCK THERMO KING','10103260200014'
'10203260200002','2026-02-05 00:00:00.000','102-020',0.000000,35339050.590000,'101260200015 U/ CV. BOGOR KIAT SARANA','10203260200002'
'10203260200002','2026-02-05 00:00:00.000','102-001',35339050.590000,0.000000,'101260200015 U/ CV. BOGOR KIAT SARANA','10203260200002'
'101260200019','2026-02-06 00:00:00.000','102-020',247123579.070000,0.000000,'CIM1083287 U/ PT. MANGGALA KIAT ANANDA KE - 17','101260200019'
'101260200019','2026-02-06 00:00:00.000','102-001',0.000000,247123579.070000,'CIM1083287 U/ PT. MANGGALA KIAT ANANDA KE - 17','101260200019'
'101KM260200007','2026-02-06 00:00:00.000','102-110',0.000000,2396730.980000,'ANUGERAH MITRA LOGISTIK KE-1/SV-600 12V/CIM 1079948/HD EURO 4/5006931  06890','101KM260200007'
'101KM260200007','2026-02-06 00:00:00.000','102-102',0.000000,143711.700000,'ANUGERAH MITRA LOGISTIK KE-1/SV-600 12V/CIM 1079948/HD EURO 4/5006931  06890','101KM260200007'
'10203260200018','2026-02-06 00:00:00.000','102-020',0.000000,39585996.530000,'101260200025 GOLDEN KING KAROSERI','10203260200018'
'10203260200018','2026-02-06 00:00:00.000','102-001',39585996.530000,0.000000,'101260200025 GOLDEN KING KAROSERI','10203260200018'
'101260200018','2026-02-06 00:00:00.000','102-020',211206845.080000,0.000000,'CIM1088567 U/ KHARISMA JAYA MANDIRI','101260200018'
'101260200018','2026-02-06 00:00:00.000','102-001',0.000000,211206845.080000,'CIM1088567 U/ KHARISMA JAYA MANDIRI','101260200018'
'101KM260200008','2026-02-06 00:00:00.000','102-110',0.000000,1412900.000000,'KHARISMA JAYA MANDIRI (KJM)/T-1080 PRO/CIM 1088597/HINO FL/18929  06889','101KM260200008'
'101260200017','2026-02-06 00:00:00.000','102-020',38464452.490000,0.000000,'CIM1079948 U/ ANUGERAH MITRA LOGISTIK KE - 1','101260200017'
'101260200017','2026-02-06 00:00:00.000','102-001',0.000000,38464452.490000,'CIM1079948 U/ ANUGERAH MITRA LOGISTIK KE - 1','101260200017'
'10102260200008','2026-02-06 00:00:00.000','102-101',0.000000,325978.300000,'TS-SPARE PARTS THERMO KING','10102260200008'
'10102260200009','2026-02-06 00:00:00.000','102-101',0.000000,5333706.710000,'TS-SPARE PARTS THERMO KING','10102260200009'
'101KM260200098','2026-02-06 00:00:00.000','102-110',0.000000,300000.020000,'CLAIM SERVICE GARANSI INDONESIA BAHARI  KBS2602/011','101KM260200098'
'101KM260200098','2026-02-06 00:00:00.000','102-101',0.000000,5320833.640000,'CLAIM SERVICE GARANSI INDONESIA BAHARI  KBS2602/011','101KM260200098'
'101KM260200099','2026-02-06 00:00:00.000','102-101',0.000000,1099130.880000,'PERL. UNIT SV-600 24V ANUGERAH  MITRA LOGISTIK   KBS2602/010','101KM260200099'
'10103260200003','2026-02-06 00:00:00.000','102-203',0.000000,50500000.000000,'BX-BOX FIBERGLASS','10103260200003'
'10103260200003','2026-02-06 00:00:00.000','102-001',0.000000,35339050.590000,'TR-UNIT TRUCK THERMO KING','10103260200003'
'10103260200004','2026-02-06 00:00:00.000','102-001',0.000000,201915420.180000,'TR-UNIT TRUCK THERMO KING','10103260200004'
'10103260200005','2026-02-06 00:00:00.000','102-001',0.000000,211206845.080000,'TR-UNIT TRUCK THERMO KING','10103260200005'
'10101260200010','2026-02-06 00:00:00.000','102-101',0.000000,1504019.890000,'TS-SPARE PARTS THERMO KING','10101260200010'
'10103260200018','2026-02-06 00:00:00.000','102-001',0.000000,39585996.530000,'TR-UNIT TRUCK THERMO KING','10103260200018'
'10101260200011','2026-02-06 00:00:00.000','102-110',0.000000,41017.740000,'L-LOKAL','10101260200011'
'10101260200011','2026-02-06 00:00:00.000','102-110',0.000000,563414.220000,'L-LOKAL','10101260200011'
'10101260200011','2026-02-06 00:00:00.000','102-101',0.000000,1889975.200000,'TS-SPARE PARTS THERMO KING','10101260200011'
'101KM260200109','2026-02-06 00:00:00.000','102-110',0.000000,1918208.790000,'THERMO ASRI MANUNGGAL   002/TAM/II/2026','101KM260200109'
'10203260200003','2026-02-06 00:00:00.000','102-020',0.000000,35339050.590000,'101260200010 PT. BENTORO ADI SANDI','10203260200003'
'10203260200003','2026-02-06 00:00:00.000','102-001',35339050.590000,0.000000,'101260200010 PT. BENTORO ADI SANDI','10203260200003'
'10203260200004','2026-02-06 00:00:00.000','102-020',0.000000,201915420.180000,'101260200012 U/ PT. WINSON SINGA LOGISTIK KE - 1','10203260200004'
'10203260200004','2026-02-06 00:00:00.000','102-001',201915420.180000,0.000000,'101260200012 U/ PT. WINSON SINGA LOGISTIK KE - 1','10203260200004'
'10203260200005','2026-02-06 00:00:00.000','102-020',0.000000,211206845.080000,'101260200016 U/ CV. CIPTA MANUNGGAL SAKTI','10203260200005'
'10203260200005','2026-02-06 00:00:00.000','102-001',211206845.080000,0.000000,'101260200016 U/ CV. CIPTA MANUNGGAL SAKTI','10203260200005'
'101BTB260200020','2026-02-09 00:00:00.000','102-001',3586024560.000000,0.000000,'(UNIT TRUCK THERMO KING) TK.G504-251125 INV.5001849, TK.F507-251125 INV.5001850, TK.J506-251125 INV.5001851','101BTB260200020'
'101BTB260200012','2026-02-09 00:00:00.000','102-110',2072000.000000,0.000000,'(LOKAL) ALBERT AL702','101BTB260200012'
'101260200024','2026-02-09 00:00:00.000','102-020',38464452.490000,0.000000,'CIM1079953 KAROSERI LESTARI                         UNIT KE-2','101260200024'
'101260200024','2026-02-09 00:00:00.000','102-001',0.000000,38464452.490000,'CIM1079953 KAROSERI LESTARI                         UNIT KE-2','101260200024'
'101260200023','2026-02-09 00:00:00.000','102-020',38464452.490000,0.000000,'CIM1079947 KAROSERI LESTARI    UNIT KE-1','101260200023'
'101260200023','2026-02-09 00:00:00.000','102-001',0.000000,38464452.490000,'CIM1079947 KAROSERI LESTARI    UNIT KE-1','101260200023'
'101260200022','2026-02-09 00:00:00.000','102-020',27165189.600000,0.000000,'CIM1083363 KRS. MASTER','101260200022'
'101260200022','2026-02-09 00:00:00.000','102-001',0.000000,27165189.600000,'CIM1083363 KRS. MASTER','101260200022'
'101260200021','2026-02-09 00:00:00.000','102-020',39585996.530000,0.000000,'CIM1083700 KREASI INTI  SEJAHTERA                         UNIT KE-2','101260200021'
'101260200021','2026-02-09 00:00:00.000','102-001',0.000000,39585996.530000,'CIM1083700 KREASI INTI  SEJAHTERA                         UNIT KE-2','101260200021'
'10203260200036','2026-02-09 00:00:00.000','102-020',0.000000,247123579.070000,'101260200019 U/ PT. MANGGALA KIAT ANANDA KE - 17','10203260200036'
'10203260200036','2026-02-09 00:00:00.000','102-001',247123579.070000,0.000000,'101260200019 U/ PT. MANGGALA KIAT ANANDA KE - 17','10203260200036'
'10102260200010','2026-02-09 00:00:00.000','102-101',0.000000,528213.030000,'TS-SPARE PARTS THERMO KING','10102260200010'
'101260200020','2026-02-09 00:00:00.000','102-020',39585996.530000,0.000000,'CIM1083235 KREASI INTI SEJAHTERA                                  UNIT KE-1','101260200020'
'101260200020','2026-02-09 00:00:00.000','102-001',0.000000,39585996.530000,'CIM1083235 KREASI INTI SEJAHTERA                                  UNIT KE-1','101260200020'
'101KM260200063','2026-02-09 00:00:00.000','102-101',0.000000,902966.160000,'PT. MEGA INDO LOGISTIK T-1200  07.2602013','101KM260200063'
'101KM260200064','2026-02-09 00:00:00.000','102-102',0.000000,753435.000000,'PT. WINSON SINGA LOGISTIK T-1200  07.2602012','101KM260200064'
'101KM260200064','2026-02-09 00:00:00.000','102-101',0.000000,1294887.980000,'PT. WINSON SINGA LOGISTIK T-1200  07.2602012','101KM260200064'
'10101260200012','2026-02-09 00:00:00.000','102-110',0.000000,939023.700000,'L-LOKAL','10101260200012'
'10101260200012','2026-02-09 00:00:00.000','102-110',0.000000,763815.470000,'L-LOKAL','10101260200012'
'10101260200012','2026-02-09 00:00:00.000','102-101',0.000000,1494781.790000,'TS-SPARE PARTS THERMO KING','10101260200012'
'10101260200012','2026-02-09 00:00:00.000','102-101',0.000000,1147021.500000,'TS-SPARE PARTS THERMO KING','10101260200012'
'10101260200012','2026-02-09 00:00:00.000','102-101',0.000000,938994.120000,'TS-SPARE PARTS THERMO KING','10101260200012'
'10101260200012','2026-02-09 00:00:00.000','102-101',0.000000,6983762.960000,'TS-SPARE PARTS THERMO KING','10101260200012'
'10101260200012','2026-02-09 00:00:00.000','102-101',0.000000,172189.560000,'TS-SPARE PARTS THERMO KING','10101260200012'
'10101260200012','2026-02-09 00:00:00.000','102-101',0.000000,190355.420000,'TS-SPARE PARTS THERMO KING','10101260200012'
'10101260200012','2026-02-09 00:00:00.000','102-101',0.000000,161220.580000,'TS-SPARE PARTS THERMO KING','10101260200012'
'10101260200013','2026-02-09 00:00:00.000','102-110',0.000000,41017.740000,'L-LOKAL','10101260200013'
'10101260200013','2026-02-09 00:00:00.000','102-110',0.000000,563414.220000,'L-LOKAL','10101260200013'
'10101260200013','2026-02-09 00:00:00.000','102-102',0.000000,151785.000000,'TL-SPARE PARTS THERMO KING LOKAL','10101260200013'
'10101260200013','2026-02-09 00:00:00.000','102-101',0.000000,663140.360000,'TS-SPARE PARTS THERMO KING','10101260200013'
'10101260200014','2026-02-09 00:00:00.000','102-110',0.000000,751218.960000,'L-LOKAL','10101260200014'
'10101260200014','2026-02-09 00:00:00.000','102-110',0.000000,915401.510000,'L-LOKAL','10101260200014'
'10103260200036','2026-02-09 00:00:00.000','102-001',0.000000,247123579.070000,'TR-UNIT TRUCK THERMO KING','10103260200036'
'1012602FR05004','2026-02-09 00:00:00.000','102-601',0.000000,21522900.000000,'(UNIT TRUCK THERMO KING) TK.G504, TK.F507, TK.J506-251125 INV.5001849,50,51','1012602FR05004'
'1012602FR05004','2026-02-09 00:00:00.000','102-001',21522900.000000,0.000000,'(Ekspedisi : UNIT TRUCK THERMO KING) TK.G504, TK.F507, TK.J506-251125 INV.5001849,50,51','1012602FR05004'
'101KM260200009','2026-02-10 00:00:00.000','102-110',0.000000,1636794.030000,'KREASI INTI SEJAHTERA KE-1/SV-600 24V/CIM 1083235/ISUZU NMR TM-21/J135997  06887','101KM260200009'
'101KM260200009','2026-02-10 00:00:00.000','102-102',0.000000,143711.700000,'KREASI INTI SEJAHTERA KE-1/SV-600 24V/CIM 1083235/ISUZU NMR TM-21/J135997  06887','101KM260200009'
'101260200025','2026-02-10 00:00:00.000','102-020',39585996.530000,0.000000,'CIM1083229 GOLDEN KING KAROSERI','101260200025'
'101260200025','2026-02-10 00:00:00.000','102-001',0.000000,39585996.530000,'CIM1083229 GOLDEN KING KAROSERI','101260200025'
'101KM260200013','2026-02-10 00:00:00.000','102-110',0.000000,1636794.030000,'PT. KREASI INTI SEJAHTERA KE-2/SV-600 24V/CIM 1083700/ISUZU NMR/J136078  06887','101KM260200013'
'101KM260200013','2026-02-10 00:00:00.000','102-102',0.000000,143711.700000,'PT. KREASI INTI SEJAHTERA KE-2/SV-600 24V/CIM 1083700/ISUZU NMR/J136078  06887','101KM260200013'
'10203260200012','2026-02-10 00:00:00.000','102-020',0.000000,35339050.590000,'101260200006 KAROSERI NUGROHO ','10203260200012'
'10203260200012','2026-02-10 00:00:00.000','102-001',35339050.590000,0.000000,'101260200006 KAROSERI NUGROHO ','10203260200012'
'101BTB260200019','2026-02-10 00:00:00.000','102-110',3045000.000000,0.000000,'(LOKAL) MULIA JAYA 7979','101BTB260200019'
'101BTB260200019','2026-02-10 00:00:00.000','102-101',11200000.000000,0.000000,'(SPARE PARTS THERMO KING) MULIA JAYA 7979','101BTB260200019'
'101KM260200060','2026-02-10 00:00:00.000','102-101',0.000000,1103818.370000,'PT. ANTIKA RAYA SV-800 24V  07.2602016','101KM260200060'
'101KM260200061','2026-02-10 00:00:00.000','102-110',0.000000,300000.020000,'CV. ANUGERAH MANDIRI SV-800 24V  07.2602015','101KM260200061'
'101KM260200061','2026-02-10 00:00:00.000','102-101',0.000000,6507349.420000,'CV. ANUGERAH MANDIRI SV-800 24V  07.2602015','101KM260200061'
'101KM260200062','2026-02-10 00:00:00.000','102-102',0.000000,136996.060000,'CV. RAKUTEN RUDANG T-1080  07.2602014','101KM260200062'
'101KM260200058','2026-02-10 00:00:00.000','102-110',0.000000,467500.020000,'PT. LINTAS BERSAMA LOGISTIK SV-400 12V  07.2602018','101KM260200058'
'101KM260200059','2026-02-10 00:00:00.000','102-110',0.000000,167500.000000,'BPK. SURATMAN SV-600 24V  07.2602017','101KM260200059'
'101KM260200094','2026-02-10 00:00:00.000','102-110',0.000000,20.000000,'PERL. 2 UNIT SV-600 24V KREASI INTI   KBS2602/015','101KM260200094'
'101KM260200094','2026-02-10 00:00:00.000','102-101',0.000000,2198261.760000,'PERL. 2 UNIT SV-600 24V KREASI INTI   KBS2602/015','101KM260200094'
'101KM260200095','2026-02-10 00:00:00.000','102-101',0.000000,3313648.120000,'PERL. UNIT SV-800 24V ANUGERAH MANDIRI  KBS2602/014','101KM260200095'
'101KM260200096','2026-02-10 00:00:00.000','102-101',0.000000,1099130.880000,'PERL. UNIT SV-600 24V GOLDEN KING  KBS2602/013','101KM260200096'
'101KM260200097','2026-02-10 00:00:00.000','102-101',0.000000,2198261.760000,'GUDANG BESAR, PERL. 2 UNIT SV-600 24V  KBS2602/012','101KM260200097'
'10103260200006','2026-02-10 00:00:00.000','102-001',0.000000,38464452.490000,'TR-UNIT TRUCK THERMO KING','10103260200006'
'10103260200007','2026-02-10 00:00:00.000','102-001',0.000000,39585996.540000,'TR-UNIT TRUCK THERMO KING','10103260200007'
'10103260200008','2026-02-10 00:00:00.000','102-001',0.000000,39585996.540000,'TR-UNIT TRUCK THERMO KING','10103260200008'
'10103260200012','2026-02-10 00:00:00.000','102-001',0.000000,35339050.590000,'TR-UNIT TRUCK THERMO KING','10103260200012'
'10101260200015','2026-02-10 00:00:00.000','102-110',0.000000,763815.470000,'L-LOKAL','10101260200015'
'10101260200015','2026-02-10 00:00:00.000','102-101',0.000000,172189.560000,'TS-SPARE PARTS THERMO KING','10101260200015'
'10101260200015','2026-02-10 00:00:00.000','102-101',0.000000,161220.580000,'TS-SPARE PARTS THERMO KING','10101260200015'
'101BTB260200006','2026-02-10 00:00:00.000','102-110',9000000.000000,0.000000,'(LOKAL) NUGROHO TEKNIK (091/III/2026)','101BTB260200006'
'101KP260200003','2026-02-10 00:00:00.000','102-101',20.000000,0.000000,'PT. TRANE INDONESIA  018','101KP260200003'
'101KP260200005','2026-02-10 00:00:00.000','102-110',7275100.000000,0.000000,'INTERN,   010','101KP260200005'
'10203260200006','2026-02-10 00:00:00.000','102-020',0.000000,38464452.490000,'101260200017 U/ ANUGERAH MITRA LOGISTIK KE - 1','10203260200006'
'10203260200006','2026-02-10 00:00:00.000','102-001',38464452.490000,0.000000,'101260200017 U/ ANUGERAH MITRA LOGISTIK KE - 1','10203260200006'
'10203260200007','2026-02-10 00:00:00.000','102-020',0.000000,39585996.540000,'101260100025 PT. ULTIMA JAYA         UNIT KE-2','10203260200007'
'10203260200007','2026-02-10 00:00:00.000','102-001',39585996.540000,0.000000,'101260100025 PT. ULTIMA JAYA         UNIT KE-2','10203260200007'
'10203260200008','2026-02-10 00:00:00.000','102-020',0.000000,39585996.540000,'101260100024 PT. ULTIMA JAYA          UNIT KE-1','10203260200008'
'10203260200008','2026-02-10 00:00:00.000','102-001',39585996.540000,0.000000,'101260100024 PT. ULTIMA JAYA          UNIT KE-1','10203260200008'
'200410126020071','2026-02-11 00:00:00.000','102-601',23444500.000000,0.000000,'LS/TK.G505.J507,F508',
'200410126020072','2026-02-11 00:00:00.000','102-601',10943300.000000,0.000000,'LS/TK.A601,B601,C601',
'200410126020073','2026-02-11 00:00:00.000','102-601',10989600.000000,0.000000,'LS/TK.A505,B506,C508',
'101260200026','2026-02-11 00:00:00.000','102-020',201915420.180000,0.000000,'CIM1089522 PT. TIRTA MAS COLDTRANS                          UNIT KE-7','101260200026'
'101260200026','2026-02-11 00:00:00.000','102-001',0.000000,201915420.180000,'CIM1089522 PT. TIRTA MAS COLDTRANS                          UNIT KE-7','101260200026'
'101BTB260200037','2026-02-11 00:00:00.000','102-102',2066700.000000,0.000000,'(SPARE PARTS THERMO KING LOKAL) ASIAN BEARINDO SEJAHTERA ABS260210931','101BTB260200037'
'101KM260200010','2026-02-11 00:00:00.000','102-110',0.000000,2900000.000000,'PT. TIRTAMAS COLDTRANS NUSANTARA KE-7/T-1280E/CIM 1089522/GIGA/J005974  06861','101KM260200010'
'101KM260200011','2026-02-11 00:00:00.000','102-110',0.000000,2446009.570000,'KHARISMA BERLIAN SEJAHTERA PT./SV-600 24V/CIM 1083699/CD EURO 4/003714  06932','101KM260200011'
'101KM260200011','2026-02-11 00:00:00.000','102-102',0.000000,143711.700000,'KHARISMA BERLIAN SEJAHTERA PT./SV-600 24V/CIM 1083699/CD EURO 4/003714  06932','101KM260200011'
'10102260200011','2026-02-11 00:00:00.000','102-101',0.000000,1442846.950000,'TS-SPARE PARTS THERMO KING','10102260200011'
'10102260200011','2026-02-11 00:00:00.000','102-101',0.000000,663140.360000,'TS-SPARE PARTS THERMO KING','10102260200011'
'10102260200012','2026-02-11 00:00:00.000','102-101',0.000000,910159.470000,'TS-SPARE PARTS THERMO KING','10102260200012'
'10102260200012','2026-02-11 00:00:00.000','102-101',0.000000,116140.360000,'TS-SPARE PARTS THERMO KING','10102260200012'
'10102260200012','2026-02-11 00:00:00.000','102-101',0.000000,158799.040000,'TS-SPARE PARTS THERMO KING','10102260200012'
'101KM260200057','2026-02-11 00:00:00.000','102-101',0.000000,1305717.740000,'PT. MANGGALA KIAT ANANDA T-1200  07.2602019','101KM260200057'
'10101260200020','2026-02-11 00:00:00.000','102-110',0.000000,375609.480000,'L-LOKAL','10101260200020'
'10101260200020','2026-02-11 00:00:00.000','102-102',0.000000,50595.000000,'TL-SPARE PARTS THERMO KING LOKAL','10101260200020'
'10101260200020','2026-02-11 00:00:00.000','102-102',0.000000,79569.380000,'TL-SPARE PARTS THERMO KING LOKAL','10101260200020'
'10101260200020','2026-02-11 00:00:00.000','102-101',0.000000,325978.300000,'TS-SPARE PARTS THERMO KING','10101260200020'
'10101260200020','2026-02-11 00:00:00.000','102-101',0.000000,528213.030000,'TS-SPARE PARTS THERMO KING','10101260200020'
'10101260200021','2026-02-11 00:00:00.000','102-110',0.000000,295613.980000,'L-LOKAL','10101260200021'
'10101260200021','2026-02-11 00:00:00.000','102-110',0.000000,83740.530000,'L-LOKAL','10101260200021'
'10101260200021','2026-02-11 00:00:00.000','102-110',0.000000,41017.740000,'L-LOKAL','10101260200021'
'10101260200021','2026-02-11 00:00:00.000','102-110',0.000000,563414.220000,'L-LOKAL','10101260200021'
'10101260200021','2026-02-11 00:00:00.000','102-110',0.000000,381111.020000,'L-LOKAL','10101260200021'
'10101260200021','2026-02-11 00:00:00.000','102-102',0.000000,151785.000000,'TL-SPARE PARTS THERMO KING LOKAL','10101260200021'
'10101260200021','2026-02-11 00:00:00.000','102-102',0.000000,318277.520000,'TL-SPARE PARTS THERMO KING LOKAL','10101260200021'
'10101260200021','2026-02-11 00:00:00.000','102-102',0.000000,1069960.090000,'TL-SPARE PARTS THERMO KING LOKAL','10101260200021'
'10101260200021','2026-02-11 00:00:00.000','102-101',0.000000,167439.440000,'TS-SPARE PARTS THERMO KING','10101260200021'
'10101260200021','2026-02-11 00:00:00.000','102-101',0.000000,274559.760000,'TS-SPARE PARTS THERMO KING','10101260200021'
'10101260200021','2026-02-11 00:00:00.000','102-101',0.000000,663140.360000,'TS-SPARE PARTS THERMO KING','10101260200021'
'10101260200017','2026-02-11 00:00:00.000','102-110',0.000000,41017.740000,'L-LOKAL','10101260200017'
'10101260200017','2026-02-11 00:00:00.000','102-110',0.000000,563414.220000,'L-LOKAL','10101260200017'
'10101260200017','2026-02-11 00:00:00.000','102-102',0.000000,151785.000000,'TL-SPARE PARTS THERMO KING LOKAL','10101260200017'
'10101260200017','2026-02-11 00:00:00.000','102-101',0.000000,663140.360000,'TS-SPARE PARTS THERMO KING','10101260200017'
'10101260200018','2026-02-11 00:00:00.000','102-101',0.000000,5035950.040000,'TS-SPARE PARTS THERMO KING','10101260200018'
'10101260200019','2026-02-11 00:00:00.000','102-110',0.000000,381111.020000,'L-LOKAL','10101260200019'
'10101260200019','2026-02-11 00:00:00.000','102-110',0.000000,375609.480000,'L-LOKAL','10101260200019'
'10101260200019','2026-02-11 00:00:00.000','102-102',0.000000,75892.500000,'TL-SPARE PARTS THERMO KING LOKAL','10101260200019'
'10101260200019','2026-02-11 00:00:00.000','102-101',0.000000,528213.030000,'TS-SPARE PARTS THERMO KING','10101260200019'
'10101260200019','2026-02-11 00:00:00.000','102-101',0.000000,1013819.300000,'TS-SPARE PARTS THERMO KING','10101260200019'
'10101260200019','2026-02-11 00:00:00.000','102-101',0.000000,392128.580000,'TS-SPARE PARTS THERMO KING','10101260200019'
'101BTB260200004','2026-02-11 00:00:00.000','102-110',3100000.000000,0.000000,'(LOKAL) NUGROHO TEKNIK 052/II/2026/F.NT','101BTB260200004'
'101260200028','2026-02-12 00:00:00.000','102-020',39585996.530000,0.000000,'CIM1083699 KHARISMA BERLIAN SEJAHTERA                        ','101260200028'
'101260200028','2026-02-12 00:00:00.000','102-001',0.000000,39585996.530000,'CIM1083699 KHARISMA BERLIAN SEJAHTERA                        ','101260200028'
'10203260200010','2026-02-12 00:00:00.000','102-020',0.000000,39585996.530000,'101260200011 U/ BERNADUS JALU','10203260200010'
'10203260200010','2026-02-12 00:00:00.000','102-001',39585996.530000,0.000000,'101260200011 U/ BERNADUS JALU','10203260200010'
'101260200027','2026-02-12 00:00:00.000','102-020',39585996.530000,0.000000,'CIM1083234 CV. INDOTHERMO CEMERLANG','101260200027'
'101260200027','2026-02-12 00:00:00.000','102-001',0.000000,39585996.530000,'CIM1083234 CV. INDOTHERMO CEMERLANG','101260200027'
'10203260200033','2026-02-12 00:00:00.000','102-020',0.000000,201915420.180000,'101260200026 PT. TIRTA MAS COLDTRANS                          UNIT KE-7','10203260200033'
'10203260200033','2026-02-12 00:00:00.000','102-001',201915420.180000,0.000000,'101260200026 PT. TIRTA MAS COLDTRANS                          UNIT KE-7','10203260200033'
'10203260200034','2026-02-12 00:00:00.000','102-020',0.000000,39585996.530000,'101260200020 KREASI INTI SEJAHTERA                                  UNIT KE-1','10203260200034'
'10203260200034','2026-02-12 00:00:00.000','102-001',39585996.530000,0.000000,'101260200020 KREASI INTI SEJAHTERA                                  UNIT KE-1','10203260200034'
'10203260200035','2026-02-12 00:00:00.000','102-020',0.000000,39585996.530000,'101260200021 KREASI INTI  SEJAHTERA                         UNIT KE-2','10203260200035'
'10203260200035','2026-02-12 00:00:00.000','102-001',39585996.530000,0.000000,'101260200021 KREASI INTI  SEJAHTERA                         UNIT KE-2','10203260200035'
'101KM260200020','2026-02-12 00:00:00.000','102-110',0.000000,1653663.790000,'PT. SENTRAS BOX INDONESIA KE-2/SV-800 24V/CIM 1091791/ISUZU NMR/J133981  06870','101KM260200020'
'101KM260200020','2026-02-12 00:00:00.000','102-102',0.000000,143711.700000,'PT. SENTRAS BOX INDONESIA KE-2/SV-800 24V/CIM 1091791/ISUZU NMR/J133981  06870','101KM260200020'
'101KM260200012','2026-02-12 00:00:00.000','102-110',0.000000,1742713.380000,'PT. INDOTHERMO CEMERLANG/SV-600 24V/CIM 1083234/ISUZU NLR85/J007580  06919','101KM260200012'
'101KM260200012','2026-02-12 00:00:00.000','102-102',0.000000,130647.000000,'PT. INDOTHERMO CEMERLANG/SV-600 24V/CIM 1083234/ISUZU NLR85/J007580  06919','101KM260200012'
'10102260200013','2026-02-12 00:00:00.000','102-101',0.000000,1805932.320000,'TS-SPARE PARTS THERMO KING','10102260200013'
'10102260200013','2026-02-12 00:00:00.000','102-101',0.000000,2607567.580000,'TS-SPARE PARTS THERMO KING','10102260200013'
'10102260200014','2026-02-12 00:00:00.000','102-101',0.000000,1561130.000000,'TS-SPARE PARTS THERMO KING','10102260200014'
'101KM260200054','2026-02-12 00:00:00.000','102-110',0.000000,300000.020000,'PT. PAREWA ASIAN CATERING SV-800 24V  07.2602022','101KM260200054'
'101KM260200054','2026-02-12 00:00:00.000','102-101',0.000000,1173642.710000,'PT. PAREWA ASIAN CATERING SV-800 24V  07.2602022','101KM260200054'
'101KM260200055','2026-02-12 00:00:00.000','102-110',0.000000,300000.020000,'PT. AGUNG SOLUSI  SV-800 24V  07.2602021','101KM260200055'
'101KM260200055','2026-02-12 00:00:00.000','102-101',0.000000,6507349.420000,'PT. AGUNG SOLUSI  SV-800 24V  07.2602021','101KM260200055'
'101KM260200056','2026-02-12 00:00:00.000','102-101',0.000000,2355932.980000,'PT. MANGGALA KIAT ANANDA T-1200  07.2602020','101KM260200056'
'101KM260200091','2026-02-12 00:00:00.000','102-101',0.000000,2800000.000000,'RAKIT KIT ALTERNATOR SV-800 24V ANUGERAH MANDIRI  KBS2602/018','101KM260200091'
'101KM260200092','2026-02-12 00:00:00.000','102-101',0.000000,1099130.880000,'PERL. UNIT SV-600 24V INDOTHERMO CEMERLANG  KBS2602/017','101KM260200092'
'101KM260200093','2026-02-12 00:00:00.000','102-101',0.000000,1099130.880000,'PERL. UNIT SV-600 24V KHARISMA BERLIAN  KBS2602/016','101KM260200093'
'10103260200009','2026-02-12 00:00:00.000','102-001',0.000000,26549047.790000,'TR-UNIT TRUCK THERMO KING','10103260200009'
'10103260200010','2026-02-12 00:00:00.000','102-001',0.000000,39585996.530000,'TR-UNIT TRUCK THERMO KING','10103260200010'
'10103260200033','2026-02-12 00:00:00.000','102-001',0.000000,201915420.180000,'TR-UNIT TRUCK THERMO KING','10103260200033'
'10103260200034','2026-02-12 00:00:00.000','102-001',0.000000,39585996.530000,'TR-UNIT TRUCK THERMO KING','10103260200034'
'10101260200022','2026-02-12 00:00:00.000','102-110',0.000000,0.000000,'L-LOKAL','10101260200022'
'10103260200035','2026-02-12 00:00:00.000','102-001',0.000000,39585996.530000,'TR-UNIT TRUCK THERMO KING','10103260200035'
'10101260200023','2026-02-12 00:00:00.000','102-110',0.000000,563414.220000,'L-LOKAL','10101260200023'
'10101260200023','2026-02-12 00:00:00.000','102-110',0.000000,381111.020000,'L-LOKAL','10101260200023'
'10101260200023','2026-02-12 00:00:00.000','102-102',0.000000,50595.000000,'TL-SPARE PARTS THERMO KING LOKAL','10101260200023'
'10101260200023','2026-02-12 00:00:00.000','102-101',0.000000,1152485.470000,'TS-SPARE PARTS THERMO KING','10101260200023'
'10101260200024','2026-02-12 00:00:00.000','102-110',0.000000,295613.980000,'L-LOKAL','10101260200024'
'10101260200024','2026-02-12 00:00:00.000','102-110',0.000000,84704.380000,'L-LOKAL','10101260200024'
'10101260200024','2026-02-12 00:00:00.000','102-110',0.000000,41017.740000,'L-LOKAL','10101260200024'
'10101260200024','2026-02-12 00:00:00.000','102-110',0.000000,563414.220000,'L-LOKAL','10101260200024'
'10101260200024','2026-02-12 00:00:00.000','102-110',0.000000,167500.000000,'L-LOKAL','10101260200024'
'10101260200024','2026-02-12 00:00:00.000','102-110',0.000000,915401.510000,'L-LOKAL','10101260200024'
'10101260200024','2026-02-12 00:00:00.000','102-102',0.000000,151785.000000,'TL-SPARE PARTS THERMO KING LOKAL','10101260200024'
'10101260200024','2026-02-12 00:00:00.000','102-102',0.000000,159138.760000,'TL-SPARE PARTS THERMO KING LOKAL','10101260200024'
'10101260200024','2026-02-12 00:00:00.000','102-102',0.000000,1048341.640000,'TL-SPARE PARTS THERMO KING LOKAL','10101260200024'
'10101260200024','2026-02-12 00:00:00.000','102-101',0.000000,231290.250000,'TS-SPARE PARTS THERMO KING','10101260200024'
'10101260200024','2026-02-12 00:00:00.000','102-101',0.000000,663140.360000,'TS-SPARE PARTS THERMO KING','10101260200024'
'101BTB260200008','2026-02-12 00:00:00.000','102-110',1167500.000000,0.000000,'(LOKAL) MULIA JAYA 4923','101BTB260200008'
'10203260200009','2026-02-12 00:00:00.000','102-020',0.000000,26549047.790000,'101260200013 U/ INDOSALUYU','10203260200009'
'10203260200009','2026-02-12 00:00:00.000','102-001',26549047.790000,0.000000,'101260200013 U/ INDOSALUYU','10203260200009'
'101260200029','2026-02-13 00:00:00.000','102-020',201915420.180000,0.000000,'CIM1089517 PT. TIRTA MAS COLDTRANS                  UNIT KE-8','101260200029'
'101260200029','2026-02-13 00:00:00.000','102-001',0.000000,201915420.180000,'CIM1089517 PT. TIRTA MAS COLDTRANS                  UNIT KE-8','101260200029'
'101260200039','2026-02-13 00:00:00.000','102-020',247123579.070000,0.000000,'CIM1081819R PT. MANGGALA KIAT ANANDA       KE-9','101260200039'
'101260200039','2026-02-13 00:00:00.000','102-001',0.000000,247123579.070000,'CIM1081819R PT. MANGGALA KIAT ANANDA       KE-9','101260200039'
'10203260200011','2026-02-13 00:00:00.000','102-020',0.000000,27165189.600000,'101260200022 KRS. MASTER','10203260200011'
'10203260200011','2026-02-13 00:00:00.000','102-001',27165189.600000,0.000000,'101260200022 KRS. MASTER','10203260200011'
'101260200038','2026-02-13 00:00:00.000','102-020',247123579.070000,0.000000,'CIM1081817R PT. MANGGALA KIAT ANADA KE-8','101260200038'
'101260200038','2026-02-13 00:00:00.000','102-001',0.000000,247123579.070000,'CIM1081817R PT. MANGGALA KIAT ANADA KE-8','101260200038'
'101260200037','2026-02-13 00:00:00.000','102-020',247123579.070000,0.000000,'CIM1081815R PT. MANGGALA KIAT ANANDA       KE-7','101260200037'
'101260200037','2026-02-13 00:00:00.000','102-001',0.000000,247123579.070000,'CIM1081815R PT. MANGGALA KIAT ANANDA       KE-7','101260200037'
'101260200036','2026-02-13 00:00:00.000','102-020',247123579.070000,0.000000,'CIM1081813R PT. MANGGALA KIAT ANANDA         KE-6','101260200036'
'101260200036','2026-02-13 00:00:00.000','102-001',0.000000,247123579.070000,'CIM1081813R PT. MANGGALA KIAT ANANDA         KE-6','101260200036'
'101260200035','2026-02-13 00:00:00.000','102-020',247123579.070000,0.000000,'CIM1081814R PT. MANGGALA KIAT ANANDA        KE-5','101260200035'
'101260200035','2026-02-13 00:00:00.000','102-001',0.000000,247123579.070000,'CIM1081814R PT. MANGGALA KIAT ANANDA        KE-5','101260200035'
'101260200034','2026-02-13 00:00:00.000','102-020',247123579.070000,0.000000,'CIM1081811R PT. MANGGALA KIAT ANANDA          KE-4','101260200034'
'101260200034','2026-02-13 00:00:00.000','102-001',0.000000,247123579.070000,'CIM1081811R PT. MANGGALA KIAT ANANDA          KE-4','101260200034'
'101260200033','2026-02-13 00:00:00.000','102-020',247123579.070000,0.000000,'CIM1081808R PT. MANGGALA KIAT ANANDA         KE-3','101260200033'
'101260200033','2026-02-13 00:00:00.000','102-001',0.000000,247123579.070000,'CIM1081808R PT. MANGGALA KIAT ANANDA         KE-3','101260200033'
'101260200032','2026-02-13 00:00:00.000','102-020',247123579.070000,0.000000,'CIM1081807R PT. MANGGALA KIAT ANANDA         KE-2','101260200032'
'101260200032','2026-02-13 00:00:00.000','102-001',0.000000,247123579.070000,'CIM1081807R PT. MANGGALA KIAT ANANDA         KE-2','101260200032'
'101260200043','2026-02-13 00:00:00.000','102-020',247123579.070000,0.000000,'CIM1081824R PT. MANGGALA KIAT ANANDA     KE-13','101260200043'
'101260200043','2026-02-13 00:00:00.000','102-001',0.000000,247123579.070000,'CIM1081824R PT. MANGGALA KIAT ANANDA     KE-13','101260200043'
'101260200031','2026-02-13 00:00:00.000','102-020',247123579.070000,0.000000,'CIM1081799R PT. MANGGALA KIAT ANANDA           KE-1','101260200031'
'101260200031','2026-02-13 00:00:00.000','102-001',0.000000,247123579.070000,'CIM1081799R PT. MANGGALA KIAT ANANDA           KE-1','101260200031'
'101260200042','2026-02-13 00:00:00.000','102-020',247123579.070000,0.000000,'CIM1081822R PT. MANGGALA KIAT ANANDA     KE-12','101260200042'
'101260200042','2026-02-13 00:00:00.000','102-001',0.000000,247123579.070000,'CIM1081822R PT. MANGGALA KIAT ANANDA     KE-12','101260200042'
'101260200041','2026-02-13 00:00:00.000','102-020',247123579.070000,0.000000,'CIM1081821R PT. MANGGALA KIAT ANANDA     KE-11','101260200041'
'101260200041','2026-02-13 00:00:00.000','102-001',0.000000,247123579.070000,'CIM1081821R PT. MANGGALA KIAT ANANDA     KE-11','101260200041'
'101260200030','2026-02-13 00:00:00.000','102-020',38464452.490000,0.000000,'CIM1079954 ANUGERAH MITRA LOGISTIK                       UNIT KE-2','101260200030'
'101260200030','2026-02-13 00:00:00.000','102-001',0.000000,38464452.490000,'CIM1079954 ANUGERAH MITRA LOGISTIK                       UNIT KE-2','101260200030'
'101260200040','2026-02-13 00:00:00.000','102-020',247123579.070000,0.000000,'CIM1081820R PT. MANGGALA KIAT ANANDA        KE-10','101260200040'
'101260200040','2026-02-13 00:00:00.000','102-001',0.000000,247123579.070000,'CIM1081820R PT. MANGGALA KIAT ANANDA        KE-10','101260200040'
'101KM260200014','2026-02-13 00:00:00.000','102-110',0.000000,2900000.000000,'PT. TIRTAMAS COLDTRANS NUSANTARA KE-8/T-1280E/CIM 1089517/GIGA/J005952  06861','101KM260200014'
'10102260200015','2026-02-13 00:00:00.000','102-101',0.000000,1252707.710000,'TS-SPARE PARTS THERMO KING','10102260200015'
'10203260200070','2026-02-13 00:00:00.000','102-020',0.000000,27165189.600000,'101260100037 ANTIKA RAYA','10203260200070'
'10203260200070','2026-02-13 00:00:00.000','102-001',27165189.600000,0.000000,'101260100037 ANTIKA RAYA','10203260200070'
'10102260200016','2026-02-13 00:00:00.000','102-101',0.000000,294626.210000,'TS-SPARE PARTS THERMO KING','10102260200016'
'10102260200017','2026-02-13 00:00:00.000','102-101',0.000000,5316287.840000,'TS-SPARE PARTS THERMO KING','10102260200017'
'101KM260200052','2026-02-13 00:00:00.000','102-110',0.000000,300000.020000,'PT. CIPTA LAKSANA SV-400 12V  07.2602024','101KM260200052'
'101KM260200053','2026-02-13 00:00:00.000','102-110',0.000000,300000.020000,'PT. LINTAS BERSAMA LOGISTIK SV-400 12V  07.2602023','101KM260200053'
'101KM260200090','2026-02-13 00:00:00.000','102-101',0.000000,1099130.880000,'PERL UNIT SV-600 12V ANUGERAH MITRA  KBS2602/019','101KM260200090'
'101KM260200089','2026-02-13 00:00:00.000','102-110',0.000000,9.450000,'INTERN RUBAH PULLEY COMPR THERMO ASRI MASYUR  KBS2602/020','101KM260200089'
'101KM260200089','2026-02-13 00:00:00.000','102-101',0.000000,5333706.710000,'INTERN RUBAH PULLEY COMPR THERMO ASRI MASYUR  KBS2602/020','101KM260200089'
'10103260200011','2026-02-13 00:00:00.000','102-001',0.000000,27165189.600000,'TR-UNIT TRUCK THERMO KING','10103260200011'
'10101260200026','2026-02-13 00:00:00.000','102-110',0.000000,939023.700000,'L-LOKAL','10101260200026'
'10101260200026','2026-02-13 00:00:00.000','102-101',0.000000,2966692.440000,'TS-SPARE PARTS THERMO KING','10101260200026'
'10101260200026','2026-02-13 00:00:00.000','102-101',0.000000,12765653.350000,'TS-SPARE PARTS THERMO KING','10101260200026'
'10103260200070','2026-02-13 00:00:00.000','102-001',0.000000,27165189.600000,'TR-UNIT TRUCK THERMO KING','10103260200070'
'101KP260200002','2026-02-13 00:00:00.000','102-110',10.000000,0.000000,'RUBAH DARI 102-1181  023','101KP260200002'
'101KP260200002','2026-02-13 00:00:00.000','102-101',5316288.000000,0.000000,'RUBAH DARI 102-1181  023','101KP260200002'
'101BTB260200009','2026-02-13 00:00:00.000','102-110',2085000.000000,0.000000,'(LOKAL) ALBERT AL71','101BTB260200009'
'10203260200041','2026-02-16 00:00:00.000','102-020',0.000000,201915420.180000,'101260200029 PT. TIRTA MAS COLDTRANS                  UNIT KE-8','10203260200041'
'10203260200041','2026-02-16 00:00:00.000','102-001',201915420.180000,0.000000,'101260200029 PT. TIRTA MAS COLDTRANS                  UNIT KE-8','10203260200041'
'101KM260200015','2026-02-16 00:00:00.000','102-110',0.000000,2396730.980000,'ANUGERAH MITRA LOGISTIK KE-2/SV-600 12V/CIM 1079954/HD EURO 4/5006895  06890','101KM260200015'
'101KM260200015','2026-02-16 00:00:00.000','102-102',0.000000,143711.700000,'ANUGERAH MITRA LOGISTIK KE-2/SV-600 12V/CIM 1079954/HD EURO 4/5006895  06890','101KM260200015'
'10203260200016','2026-02-16 00:00:00.000','102-020',0.000000,39585996.530000,'101260200028 KHARISMA BERLIAN SEJAHTERA                        ','10203260200016'
'10203260200016','2026-02-16 00:00:00.000','102-001',39585996.530000,0.000000,'101260200028 KHARISMA BERLIAN SEJAHTERA                        ','10203260200016'
'101KM260200050','2026-02-16 00:00:00.000','102-101',0.000000,2497907.570000,'PT. INDO MAI GOO SV-400 12V  07.2602026','101KM260200050'
'101KM260200051','2026-02-16 00:00:00.000','102-110',0.000000,300000.020000,'PALETAS WEY SV-400 12V  07.2602025','101KM260200051'
'101KM260200051','2026-02-16 00:00:00.000','102-101',0.000000,1565593.780000,'PALETAS WEY SV-400 12V  07.2602025','101KM260200051'
'101KM260200048','2026-02-16 00:00:00.000','102-101',0.000000,1305717.740000,'PT. KRISTAL TRANSPORTASI T-1200  07.2602028','101KM260200048'
'101KM260200049','2026-02-16 00:00:00.000','102-101',0.000000,400426.620000,'PT. SELARAS MANDIRI RAYA TRANS T-1280E  07.2602027','101KM260200049'
'10103260200016','2026-02-16 00:00:00.000','102-001',0.000000,39585996.530000,'TR-UNIT TRUCK THERMO KING','10103260200016'
'10103260200041','2026-02-16 00:00:00.000','102-001',0.000000,201915420.180000,'TR-UNIT TRUCK THERMO KING','10103260200041'
'10101260200025','2026-02-16 00:00:00.000','102-110',0.000000,41017.740000,'L-LOKAL','10101260200025'
'10101260200025','2026-02-16 00:00:00.000','102-110',0.000000,563414.220000,'L-LOKAL','10101260200025'
'10101260200025','2026-02-16 00:00:00.000','102-102',0.000000,151785.000000,'TL-SPARE PARTS THERMO KING LOKAL','10101260200025'
'10101260200025','2026-02-16 00:00:00.000','102-101',0.000000,663140.360000,'TS-SPARE PARTS THERMO KING','10101260200025'
'101RK260200001','2026-02-17 00:00:00.000','102-001',246194121.350000,0.000000,'Faktur 03.2511054  CIM1081808','101RK260200001'
'101RK260200001','2026-02-17 00:00:00.000','102-001',0.000000,0.000000,'Faktur 03.2511054  CIM1081808','101RK260200001'
'101RK260200002','2026-02-17 00:00:00.000','102-001',246194121.350000,0.000000,'Faktur 03.2511067  CIM1081799','101RK260200002'
'101RK260200002','2026-02-17 00:00:00.000','102-001',0.000000,0.000000,'Faktur 03.2511067  CIM1081799','101RK260200002'
'101RK260200003','2026-02-17 00:00:00.000','102-001',246194121.350000,0.000000,'Faktur 03.2511068  CIM1081811','101RK260200003'
'101RK260200003','2026-02-17 00:00:00.000','102-001',0.000000,0.000000,'Faktur 03.2511068  CIM1081811','101RK260200003'
'101RK260200004','2026-02-17 00:00:00.000','102-001',246194121.350000,0.000000,'Faktur 03.2511085  CIM1081807','101RK260200004'
'101RK260200004','2026-02-17 00:00:00.000','102-001',0.000000,0.000000,'Faktur 03.2511085  CIM1081807','101RK260200004'
'101RK260200005','2026-02-17 00:00:00.000','102-001',247123579.070000,0.000000,'Faktur 03.2512012  CIM1081815','101RK260200005'
'101RK260200005','2026-02-17 00:00:00.000','102-001',0.000000,0.000000,'Faktur 03.2512012  CIM1081815','101RK260200005'
'101RK260200006','2026-02-17 00:00:00.000','102-001',247123579.070000,0.000000,'Faktur 03.2512025  CIM1081822','101RK260200006'
'101RK260200006','2026-02-17 00:00:00.000','102-001',0.000000,0.000000,'Faktur 03.2512025  CIM1081822','101RK260200006'
'101RK260200007','2026-02-17 00:00:00.000','102-001',247123579.070000,0.000000,'Faktur 03.2512024  CIM1081813','101RK260200007'
'101RK260200007','2026-02-17 00:00:00.000','102-001',0.000000,0.000000,'Faktur 03.2512024  CIM1081813','101RK260200007'
'101RK260200008','2026-02-17 00:00:00.000','102-001',247123579.070000,0.000000,'Faktur 03.2512048  CIM1081824','101RK260200008'
'101RK260200008','2026-02-17 00:00:00.000','102-001',0.000000,0.000000,'Faktur 03.2512048  CIM1081824','101RK260200008'
'101RK260200009','2026-02-17 00:00:00.000','102-001',247123579.070000,0.000000,'Faktur 03.2512058  CIM1081819','101RK260200009'
'101RK260200009','2026-02-17 00:00:00.000','102-001',0.000000,0.000000,'Faktur 03.2512058  CIM1081819','101RK260200009'
'101RK260200010','2026-02-17 00:00:00.000','102-001',247123579.070000,0.000000,'Faktur 03.2512061  CIM1081821','101RK260200010'
'101RK260200010','2026-02-17 00:00:00.000','102-001',0.000000,0.000000,'Faktur 03.2512061  CIM1081821','101RK260200010'
'101RK260200011','2026-02-17 00:00:00.000','102-001',247123579.070000,0.000000,'Faktur 03.2512071  CIM1081820','101RK260200011'
'101RK260200011','2026-02-17 00:00:00.000','102-001',0.000000,0.000000,'Faktur 03.2512071  CIM1081820','101RK260200011'
'101RK260200012','2026-02-17 00:00:00.000','102-001',247123579.070000,0.000000,'Faktur 03.2512074  CIM1081817','101RK260200012'
'101RK260200012','2026-02-17 00:00:00.000','102-001',0.000000,0.000000,'Faktur 03.2512074  CIM1081817','101RK260200012'
'101RK260200013','2026-02-17 00:00:00.000','102-001',247123579.070000,0.000000,'Faktur 03.2512081  CIM1081814','101RK260200013'
'101RK260200013','2026-02-17 00:00:00.000','102-001',0.000000,0.000000,'Faktur 03.2512081  CIM1081814','101RK260200013'
'10203260200030','2026-02-18 00:00:00.000','102-020',0.000000,247123579.070000,'101260200041 PT. MANGGALA KIAT ANANDA     KE-11','10203260200030'
'10203260200030','2026-02-18 00:00:00.000','102-001',247123579.070000,0.000000,'101260200041 PT. MANGGALA KIAT ANANDA     KE-11','10203260200030'
'10203260200022','2026-02-18 00:00:00.000','102-020',0.000000,247123579.070000,'101260200033 PT. MANGGALA KIAT ANANDA         KE-3','10203260200022'
'10203260200022','2026-02-18 00:00:00.000','102-001',247123579.070000,0.000000,'101260200033 PT. MANGGALA KIAT ANANDA         KE-3','10203260200022'
'10203260200023','2026-02-18 00:00:00.000','102-020',0.000000,247123579.070000,'101260200034 PT. MANGGALA KIAT ANANDA          KE-4','10203260200023'
'10203260200023','2026-02-18 00:00:00.000','102-001',247123579.070000,0.000000,'101260200034 PT. MANGGALA KIAT ANANDA          KE-4','10203260200023'
'10203260200024','2026-02-18 00:00:00.000','102-020',0.000000,247123579.070000,'101260200035 PT. MANGGALA KIAT ANANDA        KE-5','10203260200024'
'10203260200024','2026-02-18 00:00:00.000','102-001',247123579.070000,0.000000,'101260200035 PT. MANGGALA KIAT ANANDA        KE-5','10203260200024'
'10203260200019','2026-02-18 00:00:00.000','102-020',0.000000,50595413.020000,'101251200050 ANTHONY JAYA PERKASA ','10203260200019'
'10203260200019','2026-02-18 00:00:00.000','102-001',50595413.020000,0.000000,'101251200050 ANTHONY JAYA PERKASA ','10203260200019'
'10203260200025','2026-02-18 00:00:00.000','102-020',0.000000,247123579.070000,'101260200036 PT. MANGGALA KIAT ANANDA         KE-6','10203260200025'
'10203260200025','2026-02-18 00:00:00.000','102-001',247123579.070000,0.000000,'101260200036 PT. MANGGALA KIAT ANANDA         KE-6','10203260200025'
'10203260200031','2026-02-18 00:00:00.000','102-020',0.000000,247123579.070000,'101260200042 PT. MANGGALA KIAT ANANDA     KE-12','10203260200031'
'10203260200031','2026-02-18 00:00:00.000','102-001',247123579.070000,0.000000,'101260200042 PT. MANGGALA KIAT ANANDA     KE-12','10203260200031'
'10203260200026','2026-02-18 00:00:00.000','102-020',0.000000,247123579.070000,'101260200037 PT. MANGGALA KIAT ANANDA       KE-7','10203260200026'
'10203260200026','2026-02-18 00:00:00.000','102-001',247123579.070000,0.000000,'101260200037 PT. MANGGALA KIAT ANANDA       KE-7','10203260200026'
'101260200047','2026-02-18 00:00:00.000','102-020',211206845.080000,0.000000,'CIM1088565 KREASI SEJUK SARANA ','101260200047'
'101260200047','2026-02-18 00:00:00.000','102-001',0.000000,211206845.080000,'CIM1088565 KREASI SEJUK SARANA ','101260200047'
'10203260200032','2026-02-18 00:00:00.000','102-020',0.000000,247123579.070000,'101260200043 PT. MANGGALA KIAT ANANDA     KE-13','10203260200032'
'10203260200032','2026-02-18 00:00:00.000','102-001',247123579.070000,0.000000,'101260200043 PT. MANGGALA KIAT ANANDA     KE-13','10203260200032'
'10203260200027','2026-02-18 00:00:00.000','102-020',0.000000,247123579.070000,'101260200038 PT. MANGGALA KIAT ANADA KE-8','10203260200027'
'10203260200027','2026-02-18 00:00:00.000','102-001',247123579.070000,0.000000,'101260200038 PT. MANGGALA KIAT ANADA KE-8','10203260200027'
'10203260200040','2026-02-18 00:00:00.000','102-020',0.000000,39585996.530000,'101260200027 CV. INDOTHERMO CEMERLANG','10203260200040'
'10203260200040','2026-02-18 00:00:00.000','102-001',39585996.530000,0.000000,'101260200027 CV. INDOTHERMO CEMERLANG','10203260200040'
'101260200046','2026-02-18 00:00:00.000','102-020',247123579.070000,0.000000,'CIM1083280 PT. MANGGALA KIAT ANANDA       KE-18','101260200046'
'101260200046','2026-02-18 00:00:00.000','102-001',0.000000,247123579.070000,'CIM1083280 PT. MANGGALA KIAT ANANDA       KE-18','101260200046'
'10203260200028','2026-02-18 00:00:00.000','102-020',0.000000,247123579.070000,'101260200039 PT. MANGGALA KIAT ANANDA       KE-9','10203260200028'
'10203260200028','2026-02-18 00:00:00.000','102-001',247123579.070000,0.000000,'101260200039 PT. MANGGALA KIAT ANANDA       KE-9','10203260200028'
'101260200045','2026-02-18 00:00:00.000','102-020',211206845.080000,0.000000,'CIM1088564 CIPTA MANUNGGAL SAKTI','101260200045'
'101260200045','2026-02-18 00:00:00.000','102-001',0.000000,211206845.080000,'CIM1088564 CIPTA MANUNGGAL SAKTI','101260200045'
'10203260200029','2026-02-18 00:00:00.000','102-020',0.000000,247123579.070000,'101260200040 PT. MANGGALA KIAT ANANDA        KE-10','10203260200029'
'10203260200029','2026-02-18 00:00:00.000','102-001',247123579.070000,0.000000,'101260200040 PT. MANGGALA KIAT ANANDA        KE-10','10203260200029'
'101260200044','2026-02-18 00:00:00.000','102-020',35339050.590000,0.000000,'CIM1086221 JOGJA BOX','101260200044'
'101260200044','2026-02-18 00:00:00.000','102-001',0.000000,35339050.590000,'CIM1086221 JOGJA BOX','101260200044'
'101KM260200021','2026-02-18 00:00:00.000','102-110',0.000000,858816.700000,'JOGJA BOX/SV-400 24V/CIM 1086221/ISUZU NLR/J003740  06962','101KM260200021'
'101KM260200021','2026-02-18 00:00:00.000','102-102',0.000000,130647.000000,'JOGJA BOX/SV-400 24V/CIM 1086221/ISUZU NLR/J003740  06962','101KM260200021'
'101KM260200016','2026-02-18 00:00:00.000','102-110',0.000000,1412900.000000,'PT. MANGGALA KIAT ANANDA KE-17/T-1200R/CIM 1083287/HINO FL/18850  06830','101KM260200016'
'101KM260200017','2026-02-18 00:00:00.000','102-110',0.000000,1412900.000000,'PT. MANGGALA KIAT ANANDA KE-18/T-1200R/CIM 1083280/HINO FL/18847  06830','101KM260200017'
'10203260200020','2026-02-18 00:00:00.000','102-020',0.000000,247123579.070000,'101260200031 PT. MANGGALA KIAT ANANDA           KE-1','10203260200020'
'10203260200020','2026-02-18 00:00:00.000','102-001',247123579.070000,0.000000,'101260200031 PT. MANGGALA KIAT ANANDA           KE-1','10203260200020'
'10203260200021','2026-02-18 00:00:00.000','102-020',0.000000,247123579.070000,'101260200032 PT. MANGGALA KIAT ANANDA         KE-2','10203260200021'
'10203260200021','2026-02-18 00:00:00.000','102-001',247123579.070000,0.000000,'101260200032 PT. MANGGALA KIAT ANANDA         KE-2','10203260200021'
'10102260200018','2026-02-18 00:00:00.000','102-110',0.000000,800000.000000,'L-LOKAL','10102260200018'
'10103260200020','2026-02-18 00:00:00.000','102-001',0.000000,247123579.070000,'TR-UNIT TRUCK THERMO KING','10103260200020'
'10103260200021','2026-02-18 00:00:00.000','102-001',0.000000,247123579.070000,'TR-UNIT TRUCK THERMO KING','10103260200021'
'10103260200022','2026-02-18 00:00:00.000','102-001',0.000000,247123579.070000,'TR-UNIT TRUCK THERMO KING','10103260200022'
'10103260200030','2026-02-18 00:00:00.000','102-001',0.000000,247123579.070000,'TR-UNIT TRUCK THERMO KING','10103260200030'
'10103260200023','2026-02-18 00:00:00.000','102-001',0.000000,247123579.070000,'TR-UNIT TRUCK THERMO KING','10103260200023'
'10103260200024','2026-02-18 00:00:00.000','102-001',0.000000,247123579.070000,'TR-UNIT TRUCK THERMO KING','10103260200024'
'10103260200019','2026-02-18 00:00:00.000','102-001',0.000000,50595413.020000,'TR-UNIT TRUCK THERMO KING','10103260200019'
'10103260200025','2026-02-18 00:00:00.000','102-001',0.000000,247123579.070000,'TR-UNIT TRUCK THERMO KING','10103260200025'
'10103260200031','2026-02-18 00:00:00.000','102-001',0.000000,247123579.070000,'TR-UNIT TRUCK THERMO KING','10103260200031'
'10103260200026','2026-02-18 00:00:00.000','102-001',0.000000,247123579.070000,'TR-UNIT TRUCK THERMO KING','10103260200026'
'10103260200032','2026-02-18 00:00:00.000','102-001',0.000000,247123579.070000,'TR-UNIT TRUCK THERMO KING','10103260200032'
'10103260200027','2026-02-18 00:00:00.000','102-001',0.000000,247123579.070000,'TR-UNIT TRUCK THERMO KING','10103260200027'
'10103260200040','2026-02-18 00:00:00.000','102-001',0.000000,39585996.530000,'TR-UNIT TRUCK THERMO KING','10103260200040'
'10103260200028','2026-02-18 00:00:00.000','102-001',0.000000,247123579.070000,'TR-UNIT TRUCK THERMO KING','10103260200028'
'10103260200029','2026-02-18 00:00:00.000','102-001',0.000000,247123579.070000,'TR-UNIT TRUCK THERMO KING','10103260200029'
'10101260200030','2026-02-18 00:00:00.000','102-110',0.000000,563414.220000,'L-LOKAL','10101260200030'
'10101260200030','2026-02-18 00:00:00.000','102-102',0.000000,50595.000000,'TL-SPARE PARTS THERMO KING LOKAL','10101260200030'
'10101260200030','2026-02-18 00:00:00.000','102-101',0.000000,1013819.300000,'TS-SPARE PARTS THERMO KING','10101260200030'
'10101260200029','2026-02-18 00:00:00.000','102-110',0.000000,563414.220000,'L-LOKAL','10101260200029'
'10101260200029','2026-02-18 00:00:00.000','102-102',0.000000,50595.000000,'TL-SPARE PARTS THERMO KING LOKAL','10101260200029'
'10101260200029','2026-02-18 00:00:00.000','102-102',0.000000,72462.530000,'TL-SPARE PARTS THERMO KING LOKAL','10101260200029'
'10101260200029','2026-02-18 00:00:00.000','102-101',0.000000,58070.180000,'TS-SPARE PARTS THERMO KING','10101260200029'
'10101260200029','2026-02-18 00:00:00.000','102-101',0.000000,79399.520000,'TS-SPARE PARTS THERMO KING','10101260200029'
'10101260200029','2026-02-18 00:00:00.000','102-101',0.000000,300547.850000,'TS-SPARE PARTS THERMO KING','10101260200029'
'10101260200029','2026-02-18 00:00:00.000','102-101',0.000000,910159.470000,'TS-SPARE PARTS THERMO KING','10101260200029'
'101BTB260200028','2026-02-19 00:00:00.000','102-001',1907833920.000000,0.000000,'(UNIT TRUCK THERMO KING) TK.A601-060126 INV.5001887, TK.B601-060126 INV.5001888, TK.C601-060126 INV.5001889','101BTB260200028'
'101BTB260200015','2026-02-19 00:00:00.000','102-110',4231500.000000,0.000000,'(LOKAL) ALBERT AL73','101BTB260200015'
'101BTB260200016','2026-02-19 00:00:00.000','102-110',2821000.000000,0.000000,'(LOKAL) ALBERT AL75 ','101BTB260200016'
'101260200049','2026-02-19 00:00:00.000','102-020',39585996.530000,0.000000,'CIM1083232 CV. ANUGERAH CAHAYA ABADI TEKNIK','101260200049'
'101260200049','2026-02-19 00:00:00.000','102-001',0.000000,39585996.530000,'CIM1083232 CV. ANUGERAH CAHAYA ABADI TEKNIK','101260200049'
'101260200048','2026-02-19 00:00:00.000','102-020',39585996.530000,0.000000,'CIM1083227 BOGOR KIAT SARANA   ','101260200048'
'101260200048','2026-02-19 00:00:00.000','102-001',0.000000,39585996.530000,'CIM1083227 BOGOR KIAT SARANA   ','101260200048'
'10203260200038','2026-02-19 00:00:00.000','102-020',0.000000,211206845.080000,'101260200047 KREASI SEJUK SARANA ','10203260200038'
'10203260200038','2026-02-19 00:00:00.000','102-001',211206845.080000,0.000000,'101260200047 KREASI SEJUK SARANA ','10203260200038'
'10203260200039','2026-02-19 00:00:00.000','102-020',0.000000,38464452.490000,'101260200030 ANUGERAH MITRA LOGISTIK                       UNIT KE-2','10203260200039'
'10203260200039','2026-02-19 00:00:00.000','102-001',38464452.490000,0.000000,'101260200030 ANUGERAH MITRA LOGISTIK                       UNIT KE-2','10203260200039'
'101KM260200022','2026-02-19 00:00:00.000','102-110',0.000000,2437023.530000,'BOGOR KIAT SARANA/SV-600 24V/CIM 1083227/CD EURO 4/022217  06970','101KM260200022'
'101KM260200022','2026-02-19 00:00:00.000','102-102',0.000000,143711.700000,'BOGOR KIAT SARANA/SV-600 24V/CIM 1083227/CD EURO 4/022217  06970','101KM260200022'
'101BTB260200023','2026-02-19 00:00:00.000','102-102',12000000.000000,0.000000,'(SPARE PARTS THERMO KING LOKAL) MITRA MAJU COOL 1902/MMC/II/2025','101BTB260200023'
'101BTB260200024','2026-02-19 00:00:00.000','102-110',1385000.000000,0.000000,'(LOKAL) ALBERT AL74','101BTB260200024'
'101KM260200023','2026-02-19 00:00:00.000','102-110',0.000000,950887.120000,'ANUGERAH CAHAYA ABADY TEKNIK CV/SV-600 24V/CIM 1083232/CD FE-71/007193  06980','101KM260200023'
'101KM260200023','2026-02-19 00:00:00.000','102-102',0.000000,143711.700000,'ANUGERAH CAHAYA ABADY TEKNIK CV/SV-600 24V/CIM 1083232/CD FE-71/007193  06980','101KM260200023'
'101KM260200018','2026-02-19 00:00:00.000','102-110',0.000000,1419639.530000,'CV. CIPTA MANUNGGAL SAKTI/T-1080 PRO/CIM 1088564/HINO FL/19164  06963','101KM260200018'
'101KM260200019','2026-02-19 00:00:00.000','102-110',0.000000,1412900.000000,'KREASI SEJUK SARANA/T-1080 PRO/CIM 1088565/HINO FL/19344  06925','101KM260200019'
'10102260200019','2026-02-19 00:00:00.000','102-101',0.000000,178611.780000,'TS-SPARE PARTS THERMO KING','10102260200019'
'10102260200019','2026-02-19 00:00:00.000','102-101',0.000000,136627.880000,'TS-SPARE PARTS THERMO KING','10102260200019'
'10102260200019','2026-02-19 00:00:00.000','102-101',0.000000,216761.060000,'TS-SPARE PARTS THERMO KING','10102260200019'
'10102260200019','2026-02-19 00:00:00.000','102-101',0.000000,780565.000000,'TS-SPARE PARTS THERMO KING','10102260200019'
'101KM260200045','2026-02-19 00:00:00.000','102-101',0.000000,325978.300000,'PT. LINTAS BERSAMA SV-400 12V  07.2602031','101KM260200045'
'101KM260200046','2026-02-19 00:00:00.000','102-110',0.000000,1382901.530000,'PT. LINTAS BERSAMA LOGISTIK SV-400 12V  07.2602030','101KM260200046'
'101KM260200047','2026-02-19 00:00:00.000','102-101',0.000000,325978.300000,'PT. LINTAS BERSAMA LOGISTIK SV-400 12V  07.2602029','101KM260200047'
'101KM260200086','2026-02-19 00:00:00.000','102-101',0.000000,1099130.880000,'PERL. UNIT SV-600 24V BOGOR KIAT  KBS2602/023','101KM260200086'
'101KM260200087','2026-02-19 00:00:00.000','102-101',0.000000,1099130.880000,'PERL UNIT SV-600 24V ANUGERAH CAHAYA  KBS2602/022','101KM260200087'
'101KM260200088','2026-02-19 00:00:00.000','102-110',0.000000,10.000000,'PERL. ELECTRIC STANDBY SV-800 24V   KBS2602/021','101KM260200088'
'101KM260200088','2026-02-19 00:00:00.000','102-101',0.000000,8120833.640000,'PERL. ELECTRIC STANDBY SV-800 24V   KBS2602/021','101KM260200088'
'10103260200038','2026-02-19 00:00:00.000','102-001',0.000000,211206845.080000,'TR-UNIT TRUCK THERMO KING','10103260200038'
'10103260200039','2026-02-19 00:00:00.000','102-001',0.000000,38464452.490000,'TR-UNIT TRUCK THERMO KING','10103260200039'
'1012602FR05002','2026-02-19 00:00:00.000','102-601',0.000000,10943300.000000,'(UNIT TRUCK THERMO KING) TK.A601, TK.B601, TK.C601 - 060126 INV.5001887,8,9','1012602FR05002'
'1012602FR05002','2026-02-19 00:00:00.000','102-001',10943300.000000,0.000000,'(Ekspedisi : UNIT TRUCK THERMO KING) TK.A601, TK.B601, TK.C601 - 060126 INV.5001887,8,9','1012602FR05002'
'101260200056','2026-02-20 00:00:00.000','102-020',27165189.600000,0.000000,'CIM1083367 INDOTHERMO CEMERLANG ','101260200056'
'101260200056','2026-02-20 00:00:00.000','102-001',0.000000,27165189.600000,'CIM1083367 INDOTHERMO CEMERLANG ','101260200056'
'101260200055','2026-02-20 00:00:00.000','102-020',50595413.020000,0.000000,'CIM1091791 PT. SENTRAS BOX INDONESIA -           SUPA MAHKOTA    KE-2','101260200055'
'101260200055','2026-02-20 00:00:00.000','102-001',0.000000,50595413.020000,'CIM1091791 PT. SENTRAS BOX INDONESIA -           SUPA MAHKOTA    KE-2','101260200055'
'101260200054','2026-02-20 00:00:00.000','102-020',50595413.020000,0.000000,'CIM1091790 PT. SENTRAS BOX INDONESIA - SUPA MAHKOTA         KE-1','101260200054'
'101260200054','2026-02-20 00:00:00.000','102-001',0.000000,50595413.020000,'CIM1091790 PT. SENTRAS BOX INDONESIA - SUPA MAHKOTA         KE-1','101260200054'
'10203260200050','2026-02-20 00:00:00.000','102-020',0.000000,39585996.530000,'101260200048 BOGOR KIAT SARANA   ','10203260200050'
'10203260200050','2026-02-20 00:00:00.000','102-001',39585996.530000,0.000000,'101260200048 BOGOR KIAT SARANA   ','10203260200050'
'101260200053','2026-02-20 00:00:00.000','102-020',50595413.020000,0.000000,'CIM1091787 ANTIKA RAYA','101260200053'
'101260200053','2026-02-20 00:00:00.000','102-001',0.000000,50595413.020000,'CIM1091787 ANTIKA RAYA','101260200053'
'10203260200042','2026-02-20 00:00:00.000','102-020',0.000000,39585996.530000,'101260200049 CV. ANUGERAH CAHAYA ABADI TEKNIK','10203260200042'
'10203260200042','2026-02-20 00:00:00.000','102-001',39585996.530000,0.000000,'101260200049 CV. ANUGERAH CAHAYA ABADI TEKNIK','10203260200042'
'101260200052','2026-02-20 00:00:00.000','102-020',247123579.070000,0.000000,'CIM1083286 PT. MANGGALA KIAT ANANDA                    UNIT KE-19','101260200052'
'101260200052','2026-02-20 00:00:00.000','102-001',0.000000,247123579.070000,'CIM1083286 PT. MANGGALA KIAT ANANDA                    UNIT KE-19','101260200052'
'10203260200043','2026-02-20 00:00:00.000','102-020',0.000000,211206845.080000,'101260200045 CIPTA MANUNGGAL SAKTI','10203260200043'
'10203260200043','2026-02-20 00:00:00.000','102-001',211206845.080000,0.000000,'101260200045 CIPTA MANUNGGAL SAKTI','10203260200043'
'101260200051','2026-02-20 00:00:00.000','102-020',211206845.080000,0.000000,'CIM1088568 CIPTA MANUNGGAL SAKTI ','101260200051'
'101260200051','2026-02-20 00:00:00.000','102-001',0.000000,211206845.080000,'CIM1088568 CIPTA MANUNGGAL SAKTI ','101260200051'
'10203260200051','2026-02-20 00:00:00.000','102-020',0.000000,211206845.080000,'101260200018 U/ KHARISMA JAYA MANDIRI','10203260200051'
'10203260200051','2026-02-20 00:00:00.000','102-001',211206845.080000,0.000000,'101260200018 U/ KHARISMA JAYA MANDIRI','10203260200051'
'101260200050','2026-02-20 00:00:00.000','102-020',27165189.600000,0.000000,'CIM1083376 INDOTHERMO CEMERLANG ','101260200050'
'101260200050','2026-02-20 00:00:00.000','102-001',0.000000,27165189.600000,'CIM1083376 INDOTHERMO CEMERLANG ','101260200050'
'101KM260200024','2026-02-20 00:00:00.000','102-110',0.000000,1412900.000000,'CV. CIPTA MANUNGGAL SAKTI/T-1080 PRO/CIM 1088568/HINO FL/19354  06964','101KM260200024'
'101KM260200025','2026-02-20 00:00:00.000','102-110',0.000000,1035575.940000,'PT. INDOTHERMO CEMERLANG/RV-300 12V/CIM 1083376/ISUZU TRAGA/J574698  06942','101KM260200025'
'101KM260200025','2026-02-20 00:00:00.000','102-102',0.000000,119759.750000,'PT. INDOTHERMO CEMERLANG/RV-300 12V/CIM 1083376/ISUZU TRAGA/J574698  06942','101KM260200025'
'10203260200066','2026-02-20 00:00:00.000','102-020',0.000000,247123579.070000,'101260200046 PT. MANGGALA KIAT ANANDA       KE-18','10203260200066'
'10203260200066','2026-02-20 00:00:00.000','102-001',247123579.070000,0.000000,'101260200046 PT. MANGGALA KIAT ANANDA       KE-18','10203260200066'
'101KM260200084','2026-02-20 00:00:00.000','102-110',0.000000,50.000000,'RUBAH PULLEY COMPR THERMO ASRI MASYUR  KBS2602/025','101KM260200084'
'101KM260200085','2026-02-20 00:00:00.000','102-110',0.000000,10.000000,'RUBAH PULLEY COMPR RV-300 12V INDOTHERMO  KBS2602/024','101KM260200085'
'10103260200042','2026-02-20 00:00:00.000','102-001',0.000000,39585996.530000,'TR-UNIT TRUCK THERMO KING','10103260200042'
'10103260200050','2026-02-20 00:00:00.000','102-001',0.000000,39585996.530000,'TR-UNIT TRUCK THERMO KING','10103260200050'
'10103260200043','2026-02-20 00:00:00.000','102-001',0.000000,211206845.080000,'TR-UNIT TRUCK THERMO KING','10103260200043'
'10101260200031','2026-02-20 00:00:00.000','102-110',0.000000,763815.470000,'L-LOKAL','10101260200031'
'10101260200031','2026-02-20 00:00:00.000','102-101',0.000000,172189.560000,'TS-SPARE PARTS THERMO KING','10101260200031'
'10101260200031','2026-02-20 00:00:00.000','102-101',0.000000,161220.580000,'TS-SPARE PARTS THERMO KING','10101260200031'
'10103260200051','2026-02-20 00:00:00.000','102-001',0.000000,211206845.080000,'TR-UNIT TRUCK THERMO KING','10103260200051'
'10103260200066','2026-02-20 00:00:00.000','102-001',0.000000,247123579.070000,'TR-UNIT TRUCK THERMO KING','10103260200066'
'101BTB260200033','2026-02-21 00:00:00.000','102-001',4087278540.000000,0.000000,'(UNIT TRUCK THERMO KING) TK.F508-251225 INV.5001881, TK.G505-251225 INV.5001882, TK.J507-251225 INV.5001883','101BTB260200033'
'101BTB260200029','2026-02-21 00:00:00.000','102-001',1915906560.000000,0.000000,'(UNIT TRUCK THERMO KING) TK.A505-101225, TK.B506-101225, TK.C505-101225 INV.80786413','101BTB260200029'
'1012602FR05001','2026-02-21 00:00:00.000','102-601',0.000000,23444500.000000,'(UNIT TRUCK THERMO KING) TK.G505,TK.F508, TK.F507-251225 INV.5001881,82','1012602FR05001'
'1012602FR05001','2026-02-21 00:00:00.000','102-001',23444500.000000,0.000000,'(Ekspedisi : UNIT TRUCK THERMO KING) TK.G505,TK.F508, TK.F507-251225 INV.5001881,82','1012602FR05001'
'1012602FR05003','2026-02-21 00:00:00.000','102-601',0.000000,10989600.000000,'(UNIT TRUCK THERMO KING) TK.A505, TK.B506, TK.C505 -101225 INV.80786413','1012602FR05003'
'1012602FR05003','2026-02-21 00:00:00.000','102-001',10989600.000000,0.000000,'(Ekspedisi : UNIT TRUCK THERMO KING) TK.A505, TK.B506, TK.C505 -101225 INV.80786413','1012602FR05003'
'101BTB260200014','2026-02-23 00:00:00.000','102-103',493500.000000,0.000000,'(SPARE PART NORDIC) SEJUK SEJAHTERA SENTOSA 3S05.2601015','101BTB260200014'
'101BTB260200017','2026-02-23 00:00:00.000','102-110',11500000.000000,0.000000,'(LOKAL) LESTARI MACHINERY 05/2/2026-F','101BTB260200017'
'101260200059','2026-02-23 00:00:00.000','102-020',39585996.530000,0.000000,'CIM1083231 KRS. SIP','101260200059'
'101260200059','2026-02-23 00:00:00.000','102-001',0.000000,39585996.530000,'CIM1083231 KRS. SIP','101260200059'
'101260200058','2026-02-23 00:00:00.000','102-020',39585996.530000,0.000000,'CIM1083697 BP. CELLI','101260200058'
'101260200058','2026-02-23 00:00:00.000','102-001',0.000000,39585996.530000,'CIM1083697 BP. CELLI','101260200058'
'101260200069','2026-02-23 00:00:00.000','102-020',50595413.020000,0.000000,'CIM1091779 BAHARI TRANS LOGISTIK   KE-5','101260200069'
'101260200069','2026-02-23 00:00:00.000','102-001',0.000000,50595413.020000,'CIM1091779 BAHARI TRANS LOGISTIK   KE-5','101260200069'
'101260200057','2026-02-23 00:00:00.000','102-020',27165189.600000,0.000000,'CIM1083366 KRS. MASTER QQ IBU EUIS NURHAYATI ','101260200057'
'101260200057','2026-02-23 00:00:00.000','102-001',0.000000,27165189.600000,'CIM1083366 KRS. MASTER QQ IBU EUIS NURHAYATI ','101260200057'
'101260200068','2026-02-23 00:00:00.000','102-020',50595413.020000,0.000000,'CIM1091778 BAHARI TRANS LOGISTIK         KE-4','101260200068'
'101260200068','2026-02-23 00:00:00.000','102-001',0.000000,50595413.020000,'CIM1091778 BAHARI TRANS LOGISTIK         KE-4','101260200068'
'101260200067','2026-02-23 00:00:00.000','102-020',50595413.020000,0.000000,'CIM1091781 BAHARI TRANS LOGISTIK     KE-3','101260200067'
'101260200067','2026-02-23 00:00:00.000','102-001',0.000000,50595413.020000,'CIM1091781 BAHARI TRANS LOGISTIK     KE-3','101260200067'
'101260200066','2026-02-23 00:00:00.000','102-020',50595413.020000,0.000000,'CIM1091780 BAHARI TRANS LOGISTIK     KE-2','101260200066'
'101260200066','2026-02-23 00:00:00.000','102-001',0.000000,50595413.020000,'CIM1091780 BAHARI TRANS LOGISTIK     KE-2','101260200066'
'101260200065','2026-02-23 00:00:00.000','102-020',50595413.020000,0.000000,'CIM1091786 BAHARI TRANS LOGISTIK     KE-1','101260200065'
'101260200065','2026-02-23 00:00:00.000','102-001',0.000000,50595413.020000,'CIM1091786 BAHARI TRANS LOGISTIK     KE-1','101260200065'
'101260200064','2026-02-23 00:00:00.000','102-020',50595413.020000,0.000000,'CIM1091793 KRS. MASTER QQ ADI BINTANG ROLLAS ','101260200064'
'101260200064','2026-02-23 00:00:00.000','102-001',0.000000,50595413.020000,'CIM1091793 KRS. MASTER QQ ADI BINTANG ROLLAS ','101260200064'
'101260200063','2026-02-23 00:00:00.000','102-020',50595413.020000,0.000000,'CIM1091792 DAPUR BOGA NUSANTARA ','101260200063'
'101260200063','2026-02-23 00:00:00.000','102-001',0.000000,50595413.020000,'CIM1091792 DAPUR BOGA NUSANTARA ','101260200063'
'101260200062','2026-02-23 00:00:00.000','102-020',50595413.020000,0.000000,'CIM1091789 PAREWA ( DEXTRA AUTOTEX )    KE-2','101260200062'
'101260200062','2026-02-23 00:00:00.000','102-001',0.000000,50595413.020000,'CIM1091789 PAREWA ( DEXTRA AUTOTEX )    KE-2','101260200062'
'10203260200044','2026-02-23 00:00:00.000','102-020',0.000000,38464452.490000,'101260200023 KAROSERI LESTARI    UNIT KE-1','10203260200044'
'10203260200044','2026-02-23 00:00:00.000','102-001',38464452.490000,0.000000,'101260200023 KAROSERI LESTARI    UNIT KE-1','10203260200044'
'101260200061','2026-02-23 00:00:00.000','102-020',50595413.020000,0.000000,'CIM1091788 PAREWA ( DEXTRA AUTOTEX )      KE-1','101260200061'
'101260200061','2026-02-23 00:00:00.000','102-001',0.000000,50595413.020000,'CIM1091788 PAREWA ( DEXTRA AUTOTEX )      KE-1','101260200061'
'101260200072','2026-02-23 00:00:00.000','102-020',50595413.020000,0.000000,'CIM1091794 WELINDO - CV. DISTRIBUSI PANGAN INDONESIA    KE-2','101260200072'
'101260200072','2026-02-23 00:00:00.000','102-001',0.000000,50595413.020000,'CIM1091794 WELINDO - CV. DISTRIBUSI PANGAN INDONESIA    KE-2','101260200072'
'10203260200045','2026-02-23 00:00:00.000','102-020',0.000000,38464452.490000,'101260200024 KAROSERI LESTARI                         UNIT KE-2','10203260200045'
'10203260200045','2026-02-23 00:00:00.000','102-001',38464452.490000,0.000000,'101260200024 KAROSERI LESTARI                         UNIT KE-2','10203260200045'
'101260200071','2026-02-23 00:00:00.000','102-020',50595413.020000,0.000000,'CIM1091795 WELINDO - CV. DISTRIBUSI PANGAN INDONESIA         KE-1','101260200071'
'101260200071','2026-02-23 00:00:00.000','102-001',0.000000,50595413.020000,'CIM1091795 WELINDO - CV. DISTRIBUSI PANGAN INDONESIA         KE-1','101260200071'
'10203260200046','2026-02-23 00:00:00.000','102-020',0.000000,50595413.020000,'101251200018 TIRTAMAS COLDTRANS NUSANTARA                     UNIT KE-1','10203260200046'
'10203260200046','2026-02-23 00:00:00.000','102-001',50595413.020000,0.000000,'101251200018 TIRTAMAS COLDTRANS NUSANTARA                     UNIT KE-1','10203260200046'
'10203260200047','2026-02-23 00:00:00.000','102-020',0.000000,50595413.020000,'101251200019 TIRTAMAS COLDTRANS NUSANTARA            UNIT KE-2','10203260200047'
'10203260200047','2026-02-23 00:00:00.000','102-001',50595413.020000,0.000000,'101251200019 TIRTAMAS COLDTRANS NUSANTARA            UNIT KE-2','10203260200047'
'10203260200053','2026-02-23 00:00:00.000','102-020',0.000000,211206845.080000,'101260200051 CIPTA MANUNGGAL SAKTI ','10203260200053'
'10203260200053','2026-02-23 00:00:00.000','102-001',211206845.080000,0.000000,'101260200051 CIPTA MANUNGGAL SAKTI ','10203260200053'
'10203260200048','2026-02-23 00:00:00.000','102-020',0.000000,50595413.020000,'101260200003 TIRTAMAS COLD TRANS                           UNIT KE-3','10203260200048'
'10203260200048','2026-02-23 00:00:00.000','102-001',50595413.020000,0.000000,'101260200003 TIRTAMAS COLD TRANS                           UNIT KE-3','10203260200048'
'10102260200020','2026-02-23 00:00:00.000','102-101',0.000000,301378.780000,'TS-SPARE PARTS THERMO KING','10102260200020'
'101260200060','2026-02-23 00:00:00.000','102-020',39585996.530000,0.000000,'CIM1083244 KRS. MASTER QQ BPK BEN ','101260200060'
'101260200060','2026-02-23 00:00:00.000','102-001',0.000000,39585996.530000,'CIM1083244 KRS. MASTER QQ BPK BEN ','101260200060'
'10203260200049','2026-02-23 00:00:00.000','102-020',0.000000,50595413.020000,'101260100039 TIRTAMAS COLDTRANS NUSANTARA                   UNIT KE-4','10203260200049'
'10203260200049','2026-02-23 00:00:00.000','102-001',50595413.020000,0.000000,'101260100039 TIRTAMAS COLDTRANS NUSANTARA                   UNIT KE-4','10203260200049'
'101260200070','2026-02-23 00:00:00.000','102-020',39585996.530000,0.000000,'CIM1083233 KREASI SEJUK SARANA - BPK JONI','101260200070'
'101260200070','2026-02-23 00:00:00.000','102-001',0.000000,39585996.530000,'CIM1083233 KREASI SEJUK SARANA - BPK JONI','101260200070'
'101KM260200030','2026-02-23 00:00:00.000','102-110',0.000000,1412900.000000,'PT. MANGGALA KIAT ANANDA KE-19/T-1200R/CIM 1083286/HINO FL/18853  06830','101KM260200030'
'101BTB260200018','2026-02-23 00:00:00.000','102-110',3270500.000000,0.000000,'(LOKAL) ALBERT AL2437','101BTB260200018'
'10203260200063','2026-02-23 00:00:00.000','102-020',0.000000,50595413.020000,'101260200073 WELINDO - CV.DISTRIBUSI PANGAN INDONESIA      KE-3','10203260200063'
'10203260200063','2026-02-23 00:00:00.000','102-001',50595413.020000,0.000000,'101260200073 WELINDO - CV.DISTRIBUSI PANGAN INDONESIA      KE-3','10203260200063'
'10203260200064','2026-02-23 00:00:00.000','102-020',0.000000,50595413.020000,'101260200072 WELINDO - CV. DISTRIBUSI PANGAN INDONESIA    KE-2','10203260200064'
'10203260200064','2026-02-23 00:00:00.000','102-001',50595413.020000,0.000000,'101260200072 WELINDO - CV. DISTRIBUSI PANGAN INDONESIA    KE-2','10203260200064'
'10203260200065','2026-02-23 00:00:00.000','102-020',0.000000,50595413.020000,'101260200071 WELINDO - CV. DISTRIBUSI PANGAN INDONESIA         KE-1','10203260200065'
'10203260200065','2026-02-23 00:00:00.000','102-001',50595413.020000,0.000000,'101260200071 WELINDO - CV. DISTRIBUSI PANGAN INDONESIA         KE-1','10203260200065'
'101KM260200026','2026-02-23 00:00:00.000','102-110',0.000000,1759489.110000,'PT. INDOTHERMO CEMERLANG/RV-300 12V/CIM 1083367/L-300 EURO-4/006335  06941','101KM260200026'
'101KM260200026','2026-02-23 00:00:00.000','102-102',0.000000,130647.000000,'PT. INDOTHERMO CEMERLANG/RV-300 12V/CIM 1083367/L-300 EURO-4/006335  06941','101KM260200026'
'101KM260200027','2026-02-23 00:00:00.000','102-110',0.000000,2437023.530000,'KREASI SEJUK SARANA/SV-600 24V/CIM 1083233/CD EURO 4/003774  06982','101KM260200027'
'101KM260200027','2026-02-23 00:00:00.000','102-102',0.000000,143711.700000,'KREASI SEJUK SARANA/SV-600 24V/CIM 1083233/CD EURO 4/003774  06982','101KM260200027'
'101KM260200041','2026-02-23 00:00:00.000','102-101',0.000000,23249413.040000,'PT. DUA PUTRA PERKASA T-1200  07.2602035','101KM260200041'
'101KM260200042','2026-02-23 00:00:00.000','102-110',0.000000,300010.020000,'CV. SURYA INDAH PRATAMA SV-600 24V  07.2602034','101KM260200042'
'101KM260200042','2026-02-23 00:00:00.000','102-101',0.000000,6494476.350000,'CV. SURYA INDAH PRATAMA SV-600 24V  07.2602034','101KM260200042'
'101KM260200043','2026-02-23 00:00:00.000','102-101',0.000000,1305717.740000,'PT. MEGA INDO LOGISTIK T-1200  07.2602033','101KM260200043'
'101KM260200044','2026-02-23 00:00:00.000','102-101',0.000000,1305717.740000,'PT. MEGA INDO LOGISTIK T-1200   07.2602032','101KM260200044'
'101KM260200082','2026-02-23 00:00:00.000','102-101',0.000000,1099130.880000,'PERL.UNIT SV-600 24V KREASI SEJUK SARANA  KBS2602/027','101KM260200082'
'101KM260200083','2026-02-23 00:00:00.000','102-101',0.000000,40.000000,'PERL. UNIT SV-800 24V SENTRAS BOX  KBS2602/026','101KM260200083'
'10103260200044','2026-02-23 00:00:00.000','102-001',0.000000,38464452.490000,'TR-UNIT TRUCK THERMO KING','10103260200044'
'10101260200032','2026-02-23 00:00:00.000','102-110',0.000000,48251.750000,'L-LOKAL','10101260200032'
'10101260200032','2026-02-23 00:00:00.000','102-110',0.000000,763815.470000,'L-LOKAL','10101260200032'
'10101260200032','2026-02-23 00:00:00.000','102-101',0.000000,1147021.500000,'TS-SPARE PARTS THERMO KING','10101260200032'
'10101260200032','2026-02-23 00:00:00.000','102-101',0.000000,1401598.310000,'TS-SPARE PARTS THERMO KING','10101260200032'
'10101260200032','2026-02-23 00:00:00.000','102-101',0.000000,1494781.790000,'TS-SPARE PARTS THERMO KING','10101260200032'
'10101260200032','2026-02-23 00:00:00.000','102-101',0.000000,172189.560000,'TS-SPARE PARTS THERMO KING','10101260200032'
'10101260200032','2026-02-23 00:00:00.000','102-101',0.000000,190355.420000,'TS-SPARE PARTS THERMO KING','10101260200032'
'10101260200032','2026-02-23 00:00:00.000','102-101',0.000000,161220.580000,'TS-SPARE PARTS THERMO KING','10101260200032'
'10103260200045','2026-02-23 00:00:00.000','102-001',0.000000,38464452.490000,'TR-UNIT TRUCK THERMO KING','10103260200045'
'10101260200033','2026-02-23 00:00:00.000','102-110',0.000000,763815.470000,'L-LOKAL','10101260200033'
'10101260200033','2026-02-23 00:00:00.000','102-101',0.000000,1305716.130000,'TS-SPARE PARTS THERMO KING','10101260200033'
'10101260200033','2026-02-23 00:00:00.000','102-101',0.000000,172189.560000,'TS-SPARE PARTS THERMO KING','10101260200033'
'10101260200033','2026-02-23 00:00:00.000','102-101',0.000000,161220.580000,'TS-SPARE PARTS THERMO KING','10101260200033'
'10103260200046','2026-02-23 00:00:00.000','102-001',0.000000,50595413.020000,'TR-UNIT TRUCK THERMO KING','10103260200046'
'10101260200034','2026-02-23 00:00:00.000','102-110',0.000000,763815.470000,'L-LOKAL','10101260200034'
'10101260200034','2026-02-23 00:00:00.000','102-101',0.000000,172189.560000,'TS-SPARE PARTS THERMO KING','10101260200034'
'10101260200034','2026-02-23 00:00:00.000','102-101',0.000000,161220.580000,'TS-SPARE PARTS THERMO KING','10101260200034'
'10103260200047','2026-02-23 00:00:00.000','102-001',0.000000,50595413.020000,'TR-UNIT TRUCK THERMO KING','10103260200047'
'10103260200053','2026-02-23 00:00:00.000','102-001',0.000000,211206845.080000,'TR-UNIT TRUCK THERMO KING','10103260200053'
'10103260200048','2026-02-23 00:00:00.000','102-001',0.000000,50595413.020000,'TR-UNIT TRUCK THERMO KING','10103260200048'
'10103260200049','2026-02-23 00:00:00.000','102-001',0.000000,50595413.020000,'TR-UNIT TRUCK THERMO KING','10103260200049'
'10103260200063','2026-02-23 00:00:00.000','102-001',0.000000,50595413.020000,'TR-UNIT TRUCK THERMO KING','10103260200063'
'10103260200064','2026-02-23 00:00:00.000','102-001',0.000000,50595413.020000,'TR-UNIT TRUCK THERMO KING','10103260200064'
'10103260200065','2026-02-23 00:00:00.000','102-001',0.000000,50595413.020000,'TR-UNIT TRUCK THERMO KING','10103260200065'
'101BTB260200032','2026-02-24 00:00:00.000','102-110',2085000.000000,0.000000,'(LOKAL) ALBERT AL4937 ','101BTB260200032'
'101BTB260200021','2026-02-24 00:00:00.000','102-110',6215000.000000,0.000000,'(LOKAL) NUGROHO TEKNIK 056/II/2026/F.N','101BTB260200021'
'101BTB260200030','2026-02-24 00:00:00.000','102-110',5600000.000000,0.000000,'(LOKAL) MULIA JAYA 4329','101BTB260200030'
'101260200078','2026-02-24 00:00:00.000','102-020',39585996.530000,0.000000,'CIM1091058 CARLOSINDO UTAMA ','101260200078'
'101260200078','2026-02-24 00:00:00.000','102-001',0.000000,39585996.530000,'CIM1091058 CARLOSINDO UTAMA ','101260200078'
'101260200077','2026-02-24 00:00:00.000','102-020',26549047.790000,0.000000,'CIM1033128 CARLOSINDO UTAMA','101260200077'
'101260200077','2026-02-24 00:00:00.000','102-001',0.000000,26549047.790000,'CIM1033128 CARLOSINDO UTAMA','101260200077'
'101260200076','2026-02-24 00:00:00.000','102-020',27165189.600000,0.000000,'CIM1083369 CARLOSINDO ','101260200076'
'101260200076','2026-02-24 00:00:00.000','102-001',0.000000,27165189.600000,'CIM1083369 CARLOSINDO ','101260200076'
'101260200075','2026-02-24 00:00:00.000','102-020',247123579.070000,0.000000,'CIM1089920 KRISTAL TRASNPOTASI INDONESIA                 KE-1','101260200075'
'101260200075','2026-02-24 00:00:00.000','102-001',0.000000,247123579.070000,'CIM1089920 KRISTAL TRASNPOTASI INDONESIA                 KE-1','101260200075'
'101260200074','2026-02-24 00:00:00.000','102-020',211206845.080000,0.000000,'CIM1088566 SUMBER MANDIRI','101260200074'
'101260200074','2026-02-24 00:00:00.000','102-001',0.000000,211206845.080000,'CIM1088566 SUMBER MANDIRI','101260200074'
'101260200073','2026-02-24 00:00:00.000','102-020',50595413.020000,0.000000,'CIM1091065 WELINDO - CV.DISTRIBUSI PANGAN INDONESIA      KE-3','101260200073'
'101260200073','2026-02-24 00:00:00.000','102-001',0.000000,50595413.020000,'CIM1091065 WELINDO - CV.DISTRIBUSI PANGAN INDONESIA      KE-3','101260200073'
'10102260200021','2026-02-24 00:00:00.000','102-101',0.000000,2307847.540000,'TS-SPARE PARTS THERMO KING','10102260200021'
'10203260200058','2026-02-24 00:00:00.000','102-020',0.000000,247123579.070000,'101260200075 KRISTAL TRASNPOTASI INDONESIA                 KE-1','10203260200058'
'10203260200058','2026-02-24 00:00:00.000','102-001',247123579.070000,0.000000,'101260200075 KRISTAL TRASNPOTASI INDONESIA                 KE-1','10203260200058'
'10102260200023','2026-02-24 00:00:00.000','102-101',0.000000,528213.030000,'TS-SPARE PARTS THERMO KING','10102260200023'
'10102260200024','2026-02-24 00:00:00.000','102-110',0.000000,2184128.600000,'L-LOKAL','10102260200024'
'101KM260200031','2026-02-24 00:00:00.000','102-110',0.000000,1412900.000000,'KRISTAL TRANSPORTASI INDONESIA KE-1/T-1200R/CIM 1089920/HINO FL/17431  06998','101KM260200031'
'10203260200067','2026-02-24 00:00:00.000','102-020',0.000000,247123579.070000,'101260200052 PT. MANGGALA KIAT ANANDA                    UNIT KE-19','10203260200067'
'10203260200067','2026-02-24 00:00:00.000','102-001',247123579.070000,0.000000,'101260200052 PT. MANGGALA KIAT ANANDA                    UNIT KE-19','10203260200067'
'101KM260200032','2026-02-24 00:00:00.000','102-110',0.000000,2442074.060000,'CV. DISTRIBUSI PANGAN INDONESIA KE-2/SV-800 24V/CIM 1091794/CD EURO 4/002481  06986','101KM260200032'
'101KM260200032','2026-02-24 00:00:00.000','102-102',0.000000,143711.700000,'CV. DISTRIBUSI PANGAN INDONESIA KE-2/SV-800 24V/CIM 1091794/CD EURO 4/002481  06986','101KM260200032'
'101KM260200028','2026-02-24 00:00:00.000','102-110',0.000000,1653663.790000,'PT. SENTRAS BOX INDONESIA KE-1/SV-800 24V/CIM 1091790/ISUZU NMR/J132268  06870','101KM260200028'
'101KM260200028','2026-02-24 00:00:00.000','102-102',0.000000,143711.700000,'PT. SENTRAS BOX INDONESIA KE-1/SV-800 24V/CIM 1091790/ISUZU NMR/J132268  06870','101KM260200028'
'101KM260200033','2026-02-24 00:00:00.000','102-110',0.000000,1454718.180000,'PT. SUMBER MANDIRI SEJAHTERA KE-1/T-1080 PRO/CIM 1088566/HINO FL/19162  06985','101KM260200033'
'101KM260200029','2026-02-24 00:00:00.000','102-110',0.000000,2453893.290000,'CV. DISTRIBUSI PANGAN INDONESIA KE-1/SV-800 24V/CIM 1091795/CD EURO 4/002477  06986','101KM260200029'
'101KM260200029','2026-02-24 00:00:00.000','102-102',0.000000,143711.700000,'CV. DISTRIBUSI PANGAN INDONESIA KE-1/SV-800 24V/CIM 1091795/CD EURO 4/002477  06986','101KM260200029'
'101KM260200080','2026-02-24 00:00:00.000','102-110',0.000000,10.000000,'RUBAH PULLEY COMPR SENTRAS BOX  KBS2602/029','101KM260200080'
'101KM260200081','2026-02-24 00:00:00.000','102-110',0.000000,10.000000,'PERL. UNIT SV-800 24V SENTRAS BOX  KBS2602/028','101KM260200081'
'101KM260200081','2026-02-24 00:00:00.000','102-101',0.000000,40.000000,'PERL. UNIT SV-800 24V SENTRAS BOX  KBS2602/028','101KM260200081'
'101KM260200078','2026-02-24 00:00:00.000','102-101',0.000000,40.000000,'PERL. UNIT SV-800 24V WELINDO  KBS2602/031','101KM260200078'
'101KM260200079','2026-02-24 00:00:00.000','102-101',0.000000,80.000000,'PERL 2 UNIT SV-800 24V WELINDO QQ DISTRIBUSI PANGAN  KBS2602/030','101KM260200079'
'10101260200035','2026-02-24 00:00:00.000','102-101',0.000000,652217.280000,'TS-SPARE PARTS THERMO KING','10101260200035'
'10103260200058','2026-02-24 00:00:00.000','102-001',0.000000,247123579.070000,'TR-UNIT TRUCK THERMO KING','10103260200058'
'10103260200067','2026-02-24 00:00:00.000','102-001',0.000000,247123579.070000,'TR-UNIT TRUCK THERMO KING','10103260200067'
'10203260200052','2026-02-25 00:00:00.000','102-020',0.000000,50595413.020000,'101260200055 PT. SENTRAS BOX INDONESIA -           SUPA MAHKOTA    KE-2','10203260200052'
'10203260200052','2026-02-25 00:00:00.000','102-001',50595413.020000,0.000000,'101260200055 PT. SENTRAS BOX INDONESIA -           SUPA MAHKOTA    KE-2','10203260200052'
'10203260200054','2026-02-25 00:00:00.000','102-020',0.000000,39585996.530000,'101260200070 KREASI SEJUK SARANA - BPK JONI','10203260200054'
'10203260200054','2026-02-25 00:00:00.000','102-001',39585996.530000,0.000000,'101260200070 KREASI SEJUK SARANA - BPK JONI','10203260200054'
'10203260200055','2026-02-25 00:00:00.000','102-020',0.000000,27165189.600000,'101260200050 INDOTHERMO CEMERLANG ','10203260200055'
'10203260200055','2026-02-25 00:00:00.000','102-001',27165189.600000,0.000000,'101260200050 INDOTHERMO CEMERLANG ','10203260200055'
'10203260200056','2026-02-25 00:00:00.000','102-020',0.000000,27165189.600000,'101260200056 INDOTHERMO CEMERLANG ','10203260200056'
'10203260200056','2026-02-25 00:00:00.000','102-001',27165189.600000,0.000000,'101260200056 INDOTHERMO CEMERLANG ','10203260200056'
'101BTB260200026','2026-02-25 00:00:00.000','102-110',17567570.000000,0.000000,'(LOKAL) PT. GUNUNGES TIGA BELAS FI/G13/26/02/00600','101BTB260200026'
'10102260200025','2026-02-25 00:00:00.000','102-110',0.000000,2184128.600000,'L-LOKAL','10102260200025'
'10102260200026','2026-02-25 00:00:00.000','102-101',0.000000,6296260.940000,'TS-SPARE PARTS THERMO KING','10102260200026'
'101KM260200040','2026-02-25 00:00:00.000','102-110',0.000000,374930.640000,'PT. LINTAS BERSAMA LOGISTIK SV-400 12V  07.2602036','101KM260200040'
'10102260200028','2026-02-25 00:00:00.000','102-101',0.000000,1013819.300000,'TS-SPARE PARTS THERMO KING','10102260200028'
'10102260200028','2026-02-25 00:00:00.000','102-101',0.000000,1152485.470000,'TS-SPARE PARTS THERMO KING','10102260200028'
'101KM260200034','2026-02-25 00:00:00.000','102-110',0.000000,2453893.290000,'CV. DISTRIBUSI PANGAN INDONESIA KE-3/SV-800 24V/CIM 1091065/CD EURO 4/002483  06986','101KM260200034'
'101KM260200034','2026-02-25 00:00:00.000','102-102',0.000000,143711.700000,'CV. DISTRIBUSI PANGAN INDONESIA KE-3/SV-800 24V/CIM 1091065/CD EURO 4/002483  06986','101KM260200034'
'101KM260200035','2026-02-25 00:00:00.000','102-110',0.000000,2902593.590000,'CV. CIPTA MANUNGGAL SAKTI/T-1280E/CIM 1089523/HINO FL/19252  06999','101KM260200035'
'10102260200034','2026-02-25 00:00:00.000','102-201',0.000000,251172.450000,'MT-MATERIAL TAMBAHAN','10102260200034'
'10103260200052','2026-02-25 00:00:00.000','102-001',0.000000,50595413.020000,'TR-UNIT TRUCK THERMO KING','10103260200052'
'10101260200036','2026-02-25 00:00:00.000','102-101',0.000000,977971.450000,'TS-SPARE PARTS THERMO KING','10101260200036'
'10101260200036','2026-02-25 00:00:00.000','102-101',0.000000,1402422.780000,'TS-SPARE PARTS THERMO KING','10101260200036'
'10103260200054','2026-02-25 00:00:00.000','102-001',0.000000,39585996.530000,'TR-UNIT TRUCK THERMO KING','10103260200054'
'10103260200055','2026-02-25 00:00:00.000','102-001',0.000000,27165189.600000,'TR-UNIT TRUCK THERMO KING','10103260200055'
'10101260200038','2026-02-25 00:00:00.000','102-201',0.000000,50234.490000,'MT-MATERIAL TAMBAHAN','10101260200038'
'10103260200056','2026-02-25 00:00:00.000','102-001',0.000000,27165189.600000,'TR-UNIT TRUCK THERMO KING','10103260200056'
'101BTB260200027','2026-02-26 00:00:00.000','102-110',6690000.000000,0.000000,'(LOKAL) NUGROHO TEKNIK 057/II/2026/F.NT','101BTB260200027'
'101BTB260200034','2026-02-26 00:00:00.000','102-110',5600000.000000,0.000000,'(LOKAL) MULIA JAYA 2739','101BTB260200034'
'101BTB260200035','2026-02-26 00:00:00.000','102-110',4231500.000000,0.000000,'(LOKAL) ALBERT AL3460','101BTB260200035'
'101260200079','2026-02-26 00:00:00.000','102-020',201915420.180000,0.000000,'CIM1089525 PT. WINSON SINGA LOGISTIK       KE-2','101260200079'
'101260200079','2026-02-26 00:00:00.000','102-001',0.000000,201915420.180000,'CIM1089525 PT. WINSON SINGA LOGISTIK       KE-2','101260200079'
'101260200083','2026-02-26 00:00:00.000','102-020',34649470.030000,0.000000,'CIM1084297 KREASI INTI SEJAHTERA','101260200083'
'101260200083','2026-02-26 00:00:00.000','102-001',0.000000,34649470.030000,'CIM1084297 KREASI INTI SEJAHTERA','101260200083'
'101260200082','2026-02-26 00:00:00.000','102-020',247123579.070000,0.000000,'CIM1089921 PT. MANGGALA KIAT ANANDA       KE-20','101260200082'
'101260200082','2026-02-26 00:00:00.000','102-001',0.000000,247123579.070000,'CIM1089921 PT. MANGGALA KIAT ANANDA       KE-20','101260200082'
'101260200081','2026-02-26 00:00:00.000','102-020',201915420.180000,0.000000,'CIM1089524 PT. TIRTAMAS COLDTRANS        KE-9','101260200081'
'101260200081','2026-02-26 00:00:00.000','102-001',0.000000,201915420.180000,'CIM1089524 PT. TIRTAMAS COLDTRANS        KE-9','101260200081'
'101260200080','2026-02-26 00:00:00.000','102-020',201915420.180000,0.000000,'CIM1089523 CV. CIPTA MANUNGGAL SAKTI ','101260200080'
'101260200080','2026-02-26 00:00:00.000','102-001',0.000000,201915420.180000,'CIM1089523 CV. CIPTA MANUNGGAL SAKTI ','101260200080'
'10203260200061','2026-02-26 00:00:00.000','102-020',0.000000,50595413.020000,'101260200054 PT. SENTRAS BOX INDONESIA - SUPA MAHKOTA         KE-1','10203260200061'
'10203260200061','2026-02-26 00:00:00.000','102-001',50595413.020000,0.000000,'101260200054 PT. SENTRAS BOX INDONESIA - SUPA MAHKOTA         KE-1','10203260200061'
'10203260200057','2026-02-26 00:00:00.000','102-020',0.000000,211206845.080000,'101260200074 SUMBER MANDIRI','10203260200057'
'10203260200057','2026-02-26 00:00:00.000','102-001',211206845.080000,0.000000,'101260200074 SUMBER MANDIRI','10203260200057'
'101BTB260200031','2026-02-26 00:00:00.000','102-110',3132000.000000,0.000000,'(LOKAL) MULIA JAYA 4933','101BTB260200031'
'10102260200030','2026-02-26 00:00:00.000','102-101',0.000000,58859.570000,'TS-SPARE PARTS THERMO KING','10102260200030'
'10102260200030','2026-02-26 00:00:00.000','102-101',0.000000,12874.000000,'TS-SPARE PARTS THERMO KING','10102260200030'
'10102260200031','2026-02-26 00:00:00.000','102-101',0.000000,902966.160000,'TS-SPARE PARTS THERMO KING','10102260200031'
'10102260200031','2026-02-26 00:00:00.000','102-101',0.000000,1303783.790000,'TS-SPARE PARTS THERMO KING','10102260200031'
'10102260200032','2026-02-26 00:00:00.000','102-102',0.000000,844423.080000,'TL-SPARE PARTS THERMO KING LOKAL','10102260200032'
'10102260200029','2026-02-26 00:00:00.000','102-101',0.000000,2631513.000000,'TS-SPARE PARTS THERMO KING','10102260200029'
'101KM260200036','2026-02-26 00:00:00.000','102-110',0.000000,2903112.310000,'PT. WINSON SINGA LOGISTIK KE-2/T-1280E/CIM 1089525/HINO FL/19166  06873','101KM260200036'
'101KM260200077','2026-02-26 00:00:00.000','102-110',0.000000,560000.000000,'RUBAH PULLEY KREASI INTI SV-400 12V  KBS2602/032','101KM260200077'
'10101260200040','2026-02-26 00:00:00.000','102-110',0.000000,763815.470000,'L-LOKAL','10101260200040'
'10101260200040','2026-02-26 00:00:00.000','102-101',0.000000,172189.560000,'TS-SPARE PARTS THERMO KING','10101260200040'
'10101260200040','2026-02-26 00:00:00.000','102-101',0.000000,161220.580000,'TS-SPARE PARTS THERMO KING','10101260200040'
'10101260200041','2026-02-26 00:00:00.000','102-110',0.000000,2700.000000,'L-LOKAL','10101260200041'
'10101260200041','2026-02-26 00:00:00.000','102-110',0.000000,763815.470000,'L-LOKAL','10101260200041'
'10101260200041','2026-02-26 00:00:00.000','102-101',0.000000,130502.860000,'TS-SPARE PARTS THERMO KING','10101260200041'
'10101260200041','2026-02-26 00:00:00.000','102-101',0.000000,138235.980000,'TS-SPARE PARTS THERMO KING','10101260200041'
'10101260200041','2026-02-26 00:00:00.000','102-101',0.000000,5355702.930000,'TS-SPARE PARTS THERMO KING','10101260200041'
'10101260200041','2026-02-26 00:00:00.000','102-101',0.000000,1305716.130000,'TS-SPARE PARTS THERMO KING','10101260200041'
'10101260200041','2026-02-26 00:00:00.000','102-101',0.000000,172189.560000,'TS-SPARE PARTS THERMO KING','10101260200041'
'10101260200041','2026-02-26 00:00:00.000','102-101',0.000000,161220.580000,'TS-SPARE PARTS THERMO KING','10101260200041'
'10101260200042','2026-02-26 00:00:00.000','102-110',0.000000,375609.480000,'L-LOKAL','10101260200042'
'10101260200042','2026-02-26 00:00:00.000','102-110',0.000000,167500.000000,'L-LOKAL','10101260200042'
'10101260200042','2026-02-26 00:00:00.000','102-110',0.000000,915401.510000,'L-LOKAL','10101260200042'
'10101260200042','2026-02-26 00:00:00.000','102-110',0.000000,226786.880000,'L-LOKAL','10101260200042'
'10101260200042','2026-02-26 00:00:00.000','102-102',0.000000,50595.000000,'TL-SPARE PARTS THERMO KING LOKAL','10101260200042'
'10103260200061','2026-02-26 00:00:00.000','102-001',0.000000,50595413.020000,'TR-UNIT TRUCK THERMO KING','10103260200061'
'10101260200039','2026-02-26 00:00:00.000','102-110',0.000000,64500.000000,'L-LOKAL','10101260200039'
'10101260200039','2026-02-26 00:00:00.000','102-110',0.000000,51023.240000,'L-LOKAL','10101260200039'
'10101260200039','2026-02-26 00:00:00.000','102-110',0.000000,375609.480000,'L-LOKAL','10101260200039'
'10101260200039','2026-02-26 00:00:00.000','102-110',0.000000,86499.980000,'L-LOKAL','10101260200039'
'10101260200039','2026-02-26 00:00:00.000','102-110',0.000000,73757.940000,'L-LOKAL','10101260200039'
'10101260200039','2026-02-26 00:00:00.000','102-110',0.000000,49521.950000,'L-LOKAL','10101260200039'
'10101260200039','2026-02-26 00:00:00.000','102-110',0.000000,10.000000,'L-LOKAL','10101260200039'
'10101260200039','2026-02-26 00:00:00.000','102-110',0.000000,112334.700000,'L-LOKAL','10101260200039'
'10101260200039','2026-02-26 00:00:00.000','102-110',0.000000,17736.040000,'L-LOKAL','10101260200039'
'10101260200039','2026-02-26 00:00:00.000','102-110',0.000000,20555.760000,'L-LOKAL','10101260200039'
'10101260200039','2026-02-26 00:00:00.000','102-110',0.000000,121955.760000,'L-LOKAL','10101260200039'
'10101260200039','2026-02-26 00:00:00.000','102-110',0.000000,90997.200000,'L-LOKAL','10101260200039'
'10101260200039','2026-02-26 00:00:00.000','102-110',0.000000,476176.810000,'L-LOKAL','10101260200039'
'10101260200039','2026-02-26 00:00:00.000','102-110',0.000000,207678.920000,'L-LOKAL','10101260200039'
'10101260200039','2026-02-26 00:00:00.000','102-110',0.000000,6.000000,'L-LOKAL','10101260200039'
'10101260200039','2026-02-26 00:00:00.000','102-110',0.000000,457152.640000,'L-LOKAL','10101260200039'
'10101260200039','2026-02-26 00:00:00.000','102-110',0.000000,279839.520000,'L-LOKAL','10101260200039'
'10101260200039','2026-02-26 00:00:00.000','102-110',0.000000,190953.350000,'L-LOKAL','10101260200039'
'10101260200039','2026-02-26 00:00:00.000','102-102',0.000000,151785.000000,'TL-SPARE PARTS THERMO KING LOKAL','10101260200039'
'10103260200057','2026-02-26 00:00:00.000','102-001',0.000000,211206845.080000,'TR-UNIT TRUCK THERMO KING','10103260200057'
'101260200084','2026-02-27 00:00:00.000','102-020',247123579.070000,0.000000,'CIM1091574 PT. KRISTAL TRANSPORTASI INDONESIA        KE-7','101260200084'
'101260200084','2026-02-27 00:00:00.000','102-001',0.000000,247123579.070000,'CIM1091574 PT. KRISTAL TRANSPORTASI INDONESIA        KE-7','101260200084'
'10203260200060','2026-02-27 00:00:00.000','102-020',0.000000,201915420.180000,'101260200081 PT. TIRTAMAS COLDTRANS        KE-9','10203260200060'
'10203260200060','2026-02-27 00:00:00.000','102-001',201915420.180000,0.000000,'101260200081 PT. TIRTAMAS COLDTRANS        KE-9','10203260200060'
'10203260200062','2026-02-27 00:00:00.000','102-020',0.000000,50595413.020000,'101260200053 ANTIKA RAYA','10203260200062'
'10203260200062','2026-02-27 00:00:00.000','102-001',50595413.020000,0.000000,'101260200053 ANTIKA RAYA','10203260200062'
'10203260200059','2026-02-27 00:00:00.000','102-020',0.000000,201915420.180000,'101260200079 PT. WINSON SINGA LOGISTIK       KE-2','10203260200059'
'10203260200059','2026-02-27 00:00:00.000','102-001',201915420.180000,0.000000,'101260200079 PT. WINSON SINGA LOGISTIK       KE-2','10203260200059'
'10203260200071','2026-02-27 00:00:00.000','102-020',0.000000,50595413.020000,'101260200061 PAREWA ( DEXTRA AUTOTEX )      KE-1','10203260200071'
'10203260200071','2026-02-27 00:00:00.000','102-001',50595413.020000,0.000000,'101260200061 PAREWA ( DEXTRA AUTOTEX )      KE-1','10203260200071'
'10203260200068','2026-02-27 00:00:00.000','102-020',0.000000,247123579.070000,'101260200082 PT. MANGGALA KIAT ANANDA       KE-20','10203260200068'
'10203260200068','2026-02-27 00:00:00.000','102-001',247123579.070000,0.000000,'101260200082 PT. MANGGALA KIAT ANANDA       KE-20','10203260200068'
'10102260200033','2026-02-27 00:00:00.000','102-101',0.000000,528213.030000,'TS-SPARE PARTS THERMO KING','10102260200033'
'101KM260200038','2026-02-27 00:00:00.000','102-110',0.000000,1419639.530000,'KRISTAL TRANSPORTASI INDONESIA KE-7/T-1200R/CIM 1091574/HINO FL/19418  06877','101KM260200038'
'101KM260200039','2026-02-27 00:00:00.000','102-110',0.000000,1412900.000000,'PT. MANGGALA KIAT ANANDA KE-20/T-1200R/CIM 1089921/HINO FL/18856  06830','101KM260200039'
'101KM260200076','2026-02-27 00:00:00.000','102-101',0.000000,1099130.880000,'PERL SV-600 24V SURYA PUTRA  KBS2602/033','101KM260200076'
'10103260200060','2026-02-27 00:00:00.000','102-001',0.000000,201915420.180000,'TR-UNIT TRUCK THERMO KING','10103260200060'
'10101260200043','2026-02-27 00:00:00.000','102-110',0.000000,763815.470000,'L-LOKAL','10101260200043'
'10101260200043','2026-02-27 00:00:00.000','102-101',0.000000,172189.560000,'TS-SPARE PARTS THERMO KING','10101260200043'
'10101260200043','2026-02-27 00:00:00.000','102-101',0.000000,161220.580000,'TS-SPARE PARTS THERMO KING','10101260200043'
'10101260200044','2026-02-27 00:00:00.000','102-110',0.000000,563414.220000,'L-LOKAL','10101260200044'
'10101260200044','2026-02-27 00:00:00.000','102-102',0.000000,50595.000000,'TL-SPARE PARTS THERMO KING LOKAL','10101260200044'
'10101260200044','2026-02-27 00:00:00.000','102-101',0.000000,1013819.300000,'TS-SPARE PARTS THERMO KING','10101260200044'
'10103260200062','2026-02-27 00:00:00.000','102-201',0.000000,50234.490000,'MT-MATERIAL TAMBAHAN','10103260200062'
'10103260200062','2026-02-27 00:00:00.000','102-001',0.000000,50595413.020000,'TR-UNIT TRUCK THERMO KING','10103260200062'
'10103260200059','2026-02-27 00:00:00.000','102-001',0.000000,201915420.180000,'TR-UNIT TRUCK THERMO KING','10103260200059'
'10103260200071','2026-02-27 00:00:00.000','102-001',0.000000,50595413.020000,'TR-UNIT TRUCK THERMO KING','10103260200071'
'10103260200068','2026-02-27 00:00:00.000','102-001',0.000000,247123579.070000,'TR-UNIT TRUCK THERMO KING','10103260200068'
'10103260200069','2026-02-27 00:00:00.000','102-203',0.000000,67000000.000000,'BX-BOX FIBERGLASS','10103260200069'
'10103260200069','2026-02-27 00:00:00.000','102-010',0.000000,20000000.000000,'TYU-TOYO UNIT','10103260200069'
'101BTB260400004','2026-02-27 00:00:00.000','102-203',67000000.000000,0.000000,'(BOX FIBERGLASS) PEMBELAN 1 UNIT FULL BOX201/KW/IV/2026','101BTB260400004'
'101BTB260200036','2026-02-28 00:00:00.000','102-010',20000000.000000,0.000000,'(TOYO UNIT) THERMO ASRI MASYUR (TAM/055/02/2026)','101BTB260200036'
'101BTB260200038','2026-02-28 00:00:00.000','102-110',2695500.000000,0.000000,'(LOKAL) PT. THERMO ASRI MASYUR SEJAHTERA TAM/060/02/2026','101BTB260200038'
'101KP260300009','2026-03-01 00:00:00.000','102-110',458328.000000,0.000000,'  MAR''26','101KP260300009'
'101KP260300009','2026-03-01 00:00:00.000','102-102',50.000000,0.000000,'  MAR''26','101KP260300009'
'10203260300002','2026-03-02 00:00:00.000','102-020',0.000000,201915420.180000,'101260200080 CV. CIPTA MANUNGGAL SAKTI ','10203260300002'
'10203260300002','2026-03-02 00:00:00.000','102-001',201915420.180000,0.000000,'101260200080 CV. CIPTA MANUNGGAL SAKTI ','10203260300002'
'101KP260300004','2026-03-02 00:00:00.000','102-001',26549048.000000,0.000000,'RUBAHAN UNIT, MABA TRANS   TAM.03.01.2026','101KP260300004'
'101KP260300005','2026-03-02 00:00:00.000','102-110',10.000000,0.000000,'INTERN  001','101KP260300005'
'101KP260300005','2026-03-02 00:00:00.000','102-101',5333707.000000,0.000000,'INTERN  001','101KP260300005'
'101260300005','2026-03-02 00:00:00.000','102-020',40632066.740000,0.000000,'CIM1091059 INDOSALUYU PRIMAJAYA','101260300005'
'101260300005','2026-03-02 00:00:00.000','102-001',0.000000,40632066.740000,'CIM1091059 INDOSALUYU PRIMAJAYA','101260300005'
'101260300004','2026-03-02 00:00:00.000','102-020',26549048.000000,0.000000,'CIM1083368 PT. MABA TRANS NUSANTARA','101260300004'
'101260300004','2026-03-02 00:00:00.000','102-001',0.000000,26549048.000000,'CIM1083368 PT. MABA TRANS NUSANTARA','101260300004'
'101260300003','2026-03-02 00:00:00.000','102-020',51996926.570000,0.000000,'CIM1091066 PT. SENTRAS BOX INDONESIA - BOSOWA BERLIAN','101260300003'
'101260300003','2026-03-02 00:00:00.000','102-001',0.000000,51996926.570000,'CIM1091066 PT. SENTRAS BOX INDONESIA - BOSOWA BERLIAN','101260300003'
'101260300002','2026-03-02 00:00:00.000','102-020',198563196.760000,0.000000,'CIM1089923 WINSON SINGA LOGISTIK       KE-3','101260300002'
'101260300002','2026-03-02 00:00:00.000','102-001',0.000000,198563196.760000,'CIM1089923 WINSON SINGA LOGISTIK       KE-3','101260300002'
'101260300001','2026-03-02 00:00:00.000','102-020',35916332.420000,0.000000,'CIM1086219 CV. KREASI INTI SEJAHTERA- RAIS','101260300001'
'101260300001','2026-03-02 00:00:00.000','102-001',0.000000,35916332.420000,'CIM1086219 CV. KREASI INTI SEJAHTERA- RAIS','101260300001'
'101KM260300001','2026-03-02 00:00:00.000','102-110',0.000000,2359987.100000,'KREASI INTI SEJAHTERA/SV-400 24V/CIM 1086219/CD EURO 4/007190  07002','101KM260300001'
'101KM260300001','2026-03-02 00:00:00.000','102-102',0.000000,166963.500000,'KREASI INTI SEJAHTERA/SV-400 24V/CIM 1086219/CD EURO 4/007190  07002','101KM260300001'
'10102260300001','2026-03-02 00:00:00.000','102-110',0.000000,3168367.400000,'L-LOKAL','10102260300001'
'10102260300001','2026-03-02 00:00:00.000','102-101',0.000000,1805932.320000,'TS-SPARE PARTS THERMO KING','10102260300001'
'10102260300001','2026-03-02 00:00:00.000','102-101',0.000000,1303783.790000,'TS-SPARE PARTS THERMO KING','10102260300001'
'10102260300001','2026-03-02 00:00:00.000','102-101',0.000000,764680.960000,'TS-SPARE PARTS THERMO KING','10102260300001'
'10102260300001','2026-03-02 00:00:00.000','102-101',0.000000,5333707.000000,'TS-SPARE PARTS THERMO KING','10102260300001'
'101KM260300002','2026-03-02 00:00:00.000','102-110',0.000000,2502019.930000,'PT. SENTRAS BOX INDONESIA/SV-800 24V/CIM 1091066/CD EURO 4/003770  06935','101KM260300002'
'101KM260300002','2026-03-02 00:00:00.000','102-102',0.000000,166963.500000,'PT. SENTRAS BOX INDONESIA/SV-800 24V/CIM 1091066/CD EURO 4/003770  06935','101KM260300002'
'101KP260300001','2026-03-02 00:00:00.000','102-110',560010.000000,0.000000,'GUDANG BESAR RUBAH UNIT 12V - 24V  005','101KP260300001'
'101KP260300001','2026-03-02 00:00:00.000','102-101',7300412.000000,0.000000,'GUDANG BESAR RUBAH UNIT 12V - 24V  005','101KP260300001'
'10203260300001','2026-03-02 00:00:00.000','102-020',0.000000,247123579.070000,'101260200084 PT. KRISTAL TRANSPORTASI INDONESIA        KE-7','10203260300001'
'10203260300001','2026-03-02 00:00:00.000','102-001',247123579.070000,0.000000,'101260200084 PT. KRISTAL TRANSPORTASI INDONESIA        KE-7','10203260300001'
'101KM260300003','2026-03-02 00:00:00.000','102-110',0.000000,883274.440000,'PT. MABA TRANS NUSANTARA/RV-300 24V/CIM 1083368/ISUZU NLR85/J007774  06973','101KM260300003'
'101KM260300003','2026-03-02 00:00:00.000','102-102',0.000000,151785.000000,'PT. MABA TRANS NUSANTARA/RV-300 24V/CIM 1083368/ISUZU NLR85/J007774  06973','101KM260300003'
'101KM260300065','2026-03-02 00:00:00.000','102-110',0.000000,681111.040000,'PT. LINTAS BERSAMA LOGISTIK SV-400 12V  07.2603001','101KM260300065'
'101KM260300080','2026-03-02 00:00:00.000','102-110',0.000000,130631.000000,'PERL. UNIT SV-800 24V SENTRAS BOX  KBS2603/003','101KM260300080'
'101KM260300080','2026-03-02 00:00:00.000','102-101',0.000000,409768.480000,'PERL. UNIT SV-800 24V SENTRAS BOX  KBS2603/003','101KM260300080'
'101KM260300081','2026-03-02 00:00:00.000','102-101',0.000000,40.000000,'PERL. UNIT SV-800 24V TIRTAMAS  KBS2603/002','101KM260300081'
'101KM260300082','2026-03-02 00:00:00.000','102-110',0.000000,20.000000,'PERL. RUBAH UNIT RV-300 12V MABA TRANS  KBS2603/001','101KM260300082'
'101KM260300082','2026-03-02 00:00:00.000','102-101',0.000000,10910805.870000,'PERL. RUBAH UNIT RV-300 12V MABA TRANS  KBS2603/001','101KM260300082'
'101KM260300078','2026-03-02 00:00:00.000','102-110',0.000000,10.000000,'INTERN, RUBAH MAGNET COMPR  KBS2603/005','101KM260300078'
'101KM260300078','2026-03-02 00:00:00.000','102-101',0.000000,4478750.120000,'INTERN, RUBAH MAGNET COMPR  KBS2603/005','101KM260300078'
'101KM260300079','2026-03-02 00:00:00.000','102-101',0.000000,1305718.100000,'CLAIM SERVICE T-1080 SEINO INDOMOBIL  KBS2603/004','101KM260300079'
'101BTB260300003','2026-03-02 00:00:00.000','102-110',5721000.000000,0.000000,'(LOKAL) ALBERT AL5933','101BTB260300003'
'101BTB260300032','2026-03-02 00:00:00.000','102-103',2172480.000000,0.000000,'(SPARE PART NORDIC) SEJUK SEJAHTERA SANTOSA 3S05.2603002','101BTB260300032'
'10103260300001','2026-03-02 00:00:00.000','102-001',0.000000,247123579.070000,'TR-UNIT TRUCK THERMO KING','10103260300001'
'10103260300002','2026-03-02 00:00:00.000','102-001',0.000000,201915420.180000,'TR-UNIT TRUCK THERMO KING','10103260300002'
'10101260300001','2026-03-02 00:00:00.000','102-110',0.000000,763846.820000,'L-LOKAL','10101260300001'
'10101260300001','2026-03-02 00:00:00.000','102-101',0.000000,1276924.510000,'TS-SPARE PARTS THERMO KING','10101260300001'
'10101260300001','2026-03-02 00:00:00.000','102-101',0.000000,1305372.950000,'TS-SPARE PARTS THERMO KING','10101260300001'
'10101260300001','2026-03-02 00:00:00.000','102-101',0.000000,1494781.790000,'TS-SPARE PARTS THERMO KING','10101260300001'
'10101260300001','2026-03-02 00:00:00.000','102-101',0.000000,172178.650000,'TS-SPARE PARTS THERMO KING','10101260300001'
'10101260300001','2026-03-02 00:00:00.000','102-101',0.000000,190355.420000,'TS-SPARE PARTS THERMO KING','10101260300001'
'10101260300001','2026-03-02 00:00:00.000','102-101',0.000000,161575.680000,'TS-SPARE PARTS THERMO KING','10101260300001'
'10101260300002','2026-03-02 00:00:00.000','102-103',0.000000,1086240.000000,'NDS-SPARE PART NORDIC','10101260300002'
'10101260300003','2026-03-02 00:00:00.000','102-110',0.000000,560167.290000,'L-LOKAL','10101260300003'
'10101260300003','2026-03-02 00:00:00.000','102-110',0.000000,42895.830000,'L-LOKAL','10101260300003'
'10101260300003','2026-03-02 00:00:00.000','102-102',0.000000,44780.000000,'TL-SPARE PARTS THERMO KING LOKAL','10101260300003'
'10101260300003','2026-03-02 00:00:00.000','102-101',0.000000,325978.300000,'TS-SPARE PARTS THERMO KING','10101260300003'
'10101260300004','2026-03-02 00:00:00.000','102-110',0.000000,295457.040000,'L-LOKAL','10101260300004'
'10101260300004','2026-03-02 00:00:00.000','102-110',0.000000,84821.730000,'L-LOKAL','10101260300004'
'10101260300004','2026-03-02 00:00:00.000','102-103',0.000000,1086240.000000,'NDS-SPARE PART NORDIC','10101260300004'
'101260300006','2026-03-03 00:00:00.000','102-020',198563196.760000,0.000000,'CIM1089520 PT. WINSON SINGA LOGISTIK         KE-4','101260300006'
'101260300006','2026-03-03 00:00:00.000','102-001',0.000000,198563196.760000,'CIM1089520 PT. WINSON SINGA LOGISTIK         KE-4','101260300006'
'10203260300006','2026-03-03 00:00:00.000','102-020',0.000000,35916332.420000,'101260300001 CV. KREASI INTI SEJAHTERA- RAIS','10203260300006'
'10203260300006','2026-03-03 00:00:00.000','102-001',35916332.420000,0.000000,'101260300001 CV. KREASI INTI SEJAHTERA- RAIS','10203260300006'
'10203260300007','2026-03-03 00:00:00.000','102-020',0.000000,198563196.760000,'101260300002 WINSON SINGA LOGISTIK       KE-3','10203260300007'
'10203260300007','2026-03-03 00:00:00.000','102-001',198563196.760000,0.000000,'101260300002 WINSON SINGA LOGISTIK       KE-3','10203260300007'
'10203260300020','2026-03-03 00:00:00.000','102-020',0.000000,27165189.600000,'101260200057 KRS. MASTER QQ IBU EUIS NURHAYATI ','10203260300020'
'10203260300020','2026-03-03 00:00:00.000','102-001',27165189.600000,0.000000,'101260200057 KRS. MASTER QQ IBU EUIS NURHAYATI ','10203260300020'
'10102260300002','2026-03-03 00:00:00.000','102-101',0.000000,528213.030000,'TS-SPARE PARTS THERMO KING','10102260300002'
'10102260300003','2026-03-03 00:00:00.000','102-101',0.000000,1889539.340000,'TS-SPARE PARTS THERMO KING','10102260300003'
'101KM260300004','2026-03-03 00:00:00.000','102-110',0.000000,2903112.310000,'PT. WINSON SINGA LOGISTIK KE-3/T-1280E/CIM 1089923/HINO FL/19151  06873','101KM260300004'
'10102260300004','2026-03-03 00:00:00.000','102-101',0.000000,602757.560000,'TS-SPARE PARTS THERMO KING','10102260300004'
'101KM260300005','2026-03-03 00:00:00.000','102-110',0.000000,2902074.870000,'PT. WINSON SINGA LOGISTIK KE-4/T-1280E/CIM 1089520/HINO FL/11317  06873','101KM260300005'
'101KM260200037','2026-03-03 00:00:00.000','102-110',0.000000,2903112.310000,'PT. TIRTAMAS COLDTRANS NUSANTARA KE-9/T-1280E/CIM 1089524/GIGA/J005976  06861','101KM260200037'
'101KM260300063','2026-03-03 00:00:00.000','102-102',0.000000,140335.330000,'PT. LKM JAYA T-1200  07.2603003','101KM260300063'
'101KM260300064','2026-03-03 00:00:00.000','102-101',0.000000,938994.120000,'PT. MANGGALA KIAT ANANDA T-1200  07.2603002','101KM260300064'
'101BTB260300002','2026-03-03 00:00:00.000','102-110',8700000.000000,0.000000,'(LOKAL) ALBERT AL838','101BTB260300002'
'101BTB260300029','2026-03-03 00:00:00.000','102-201',132000.000000,0.000000,'(MATERIAL TAMBAHAN) H-TECH 16143','101BTB260300029'
'101BTB260300029','2026-03-03 00:00:00.000','102-110',9100000.000000,0.000000,'(LOKAL) H-TECH 16143','101BTB260300029'
'10103260300006','2026-03-03 00:00:00.000','102-001',0.000000,35916332.420000,'TR-UNIT TRUCK THERMO KING','10103260300006'
'10103260300007','2026-03-03 00:00:00.000','102-001',0.000000,198563196.760000,'TR-UNIT TRUCK THERMO KING','10103260300007'
'10103260300020','2026-03-03 00:00:00.000','102-001',0.000000,27165189.600000,'TR-UNIT TRUCK THERMO KING','10103260300020'
'101260300009','2026-03-04 00:00:00.000','102-020',35916332.420000,0.000000,'CIM1091769 UNIT ONLY   ','101260300009'
'101260300009','2026-03-04 00:00:00.000','102-001',0.000000,35916332.420000,'CIM1091769 UNIT ONLY   ','101260300009'
'10203260300003','2026-03-04 00:00:00.000','102-020',0.000000,35916332.420000,'101260300008 UNIT ONLY  ','10203260300003'
'10203260300003','2026-03-04 00:00:00.000','102-001',35916332.420000,0.000000,'101260300008 UNIT ONLY  ','10203260300003'
'101260300008','2026-03-04 00:00:00.000','102-020',35916332.420000,0.000000,'CIM1091768 UNIT ONLY  ','101260300008'
'101260300008','2026-03-04 00:00:00.000','102-001',0.000000,35916332.420000,'CIM1091768 UNIT ONLY  ','101260300008'
'10203260300004','2026-03-04 00:00:00.000','102-020',0.000000,35916332.420000,'101260300009 UNIT ONLY   ','10203260300004'
'10203260300004','2026-03-04 00:00:00.000','102-001',35916332.420000,0.000000,'101260300009 UNIT ONLY   ','10203260300004'
'101260300007','2026-03-04 00:00:00.000','102-020',248222043.640000,0.000000,'CIM1090966 PT. KRISTAL TRANSPORTASI INDONESIA      KE-2','101260300007'
'101260300007','2026-03-04 00:00:00.000','102-001',0.000000,248222043.640000,'CIM1090966 PT. KRISTAL TRANSPORTASI INDONESIA      KE-2','101260300007'
'10203260300005','2026-03-04 00:00:00.000','102-020',0.000000,35916332.420000,'101260300010 UNIT ONLY','10203260300005'
'10203260300005','2026-03-04 00:00:00.000','102-001',35916332.420000,0.000000,'101260300010 UNIT ONLY','10203260300005'
'10203260300008','2026-03-04 00:00:00.000','102-020',0.000000,51996926.570000,'101260300003 PT. SENTRAS BOX INDONESIA - BOSOWA BERLIAN','10203260300008'
'10203260300008','2026-03-04 00:00:00.000','102-001',51996926.570000,0.000000,'101260300003 PT. SENTRAS BOX INDONESIA - BOSOWA BERLIAN','10203260300008'
'101260300012','2026-03-04 00:00:00.000','102-020',40632066.740000,0.000000,'CIM1091057 CV. ULTIMA JAYA ','101260300012'
'101260300012','2026-03-04 00:00:00.000','102-001',0.000000,40632066.740000,'CIM1091057 CV. ULTIMA JAYA ','101260300012'
'101260300011','2026-03-04 00:00:00.000','102-020',35916332.420000,0.000000,'CIM1086218 RAJA BENUR','101260300011'
'101260300011','2026-03-04 00:00:00.000','102-001',0.000000,35916332.420000,'CIM1086218 RAJA BENUR','101260300011'
'101260300010','2026-03-04 00:00:00.000','102-020',35916332.420000,0.000000,'CIM1091776 UNIT ONLY','101260300010'
'101260300010','2026-03-04 00:00:00.000','102-001',0.000000,35916332.420000,'CIM1091776 UNIT ONLY','101260300010'
'10102260300005','2026-03-04 00:00:00.000','102-101',0.000000,1344810.220000,'TS-SPARE PARTS THERMO KING','10102260300005'
'10102260300005','2026-03-04 00:00:00.000','102-101',0.000000,902966.160000,'TS-SPARE PARTS THERMO KING','10102260300005'
'10102260300005','2026-03-04 00:00:00.000','102-101',0.000000,1303783.790000,'TS-SPARE PARTS THERMO KING','10102260300005'
'10102260300005','2026-03-04 00:00:00.000','102-101',0.000000,2553849.020000,'TS-SPARE PARTS THERMO KING','10102260300005'
'101KM260300006','2026-03-04 00:00:00.000','102-110',0.000000,1055759.980000,'PT. LINTAS BERSAMA LOGISTIK (WINGS CORP)/NR-450I 12V/801010644BEFBC050/ISUZU TRAGA/J578752  07039','101KM260300006'
'101KM260300006','2026-03-04 00:00:00.000','102-102',0.000000,139136.250000,'PT. LINTAS BERSAMA LOGISTIK (WINGS CORP)/NR-450I 12V/801010644BEFBC050/ISUZU TRAGA/J578752  07039','101KM260300006'
'10102260300006','2026-03-04 00:00:00.000','102-101',0.000000,962510.960000,'TS-SPARE PARTS THERMO KING','10102260300006'
'101KM260300007','2026-03-04 00:00:00.000','102-110',0.000000,1055759.980000,'PT. LINTAS BERSAMA LOGISTIK (WINGS CORP) KE-2/NR-450I 12V/801010644BEFBC030/ISUZU TRAGA/J578746  070','101KM260300007'
'101KM260300007','2026-03-04 00:00:00.000','102-102',0.000000,139136.250000,'PT. LINTAS BERSAMA LOGISTIK (WINGS CORP) KE-2/NR-450I 12V/801010644BEFBC030/ISUZU TRAGA/J578746  070','101KM260300007'
'101KM260300008','2026-03-04 00:00:00.000','102-110',0.000000,2485002.530000,'CV. ULTIMA JAYA SEJAHTERA/SV-600 24V/CIM 1091057/CD EURO 4/002536  06900','101KM260300008'
'101KM260300008','2026-03-04 00:00:00.000','102-102',0.000000,166963.500000,'CV. ULTIMA JAYA SEJAHTERA/SV-600 24V/CIM 1091057/CD EURO 4/002536  06900','101KM260300008'
'101KM260300009','2026-03-04 00:00:00.000','102-110',0.000000,1055759.980000,'PT. LINTAS BERSAMA LOGISTIK (WINGS CORP) KE-3/NR-450I 12V/801010644BEFBC029/ISUZU TRAGA/J578753  070','101KM260300009'
'101KM260300009','2026-03-04 00:00:00.000','102-102',0.000000,139136.250000,'PT. LINTAS BERSAMA LOGISTIK (WINGS CORP) KE-3/NR-450I 12V/801010644BEFBC029/ISUZU TRAGA/J578753  070','101KM260300009'
'101KM260300010','2026-03-04 00:00:00.000','102-110',0.000000,1405100.000000,'KRISTAL TRANSPORTASI INDONESIA KE-2/T-1200R/CIM 1090966/HINO FL/17412  06998','101KM260300010'
'101BTB260300001','2026-03-04 00:00:00.000','102-110',3100000.000000,0.000000,'(LOKAL) NUGROHO TEKNIK 058/III/2026/F.NT','101BTB260300001'
'101BTB260300022','2026-03-04 00:00:00.000','102-102',8600000.000000,0.000000,'(SPARE PARTS THERMO KING LOKAL) AMARI INTI ROYAL (AIR926030423)','101BTB260300022'
'10103260300003','2026-03-04 00:00:00.000','102-001',0.000000,35916332.420000,'TR-UNIT TRUCK THERMO KING','10103260300003'
'10103260300004','2026-03-04 00:00:00.000','102-001',0.000000,35916332.420000,'TR-UNIT TRUCK THERMO KING','10103260300004'
'10103260300005','2026-03-04 00:00:00.000','102-001',0.000000,35916332.420000,'TR-UNIT TRUCK THERMO KING','10103260300005'
'10103260300008','2026-03-04 00:00:00.000','102-001',0.000000,51996926.570000,'TR-UNIT TRUCK THERMO KING','10103260300008'
'10203260300009','2026-03-05 00:00:00.000','102-020',0.000000,26549048.000000,'101260300004 PT. MABA TRANS NUSANTARA','10203260300009'
'10203260300009','2026-03-05 00:00:00.000','102-001',26549048.000000,0.000000,'101260300004 PT. MABA TRANS NUSANTARA','10203260300009'
'101260300013','2026-03-05 00:00:00.000','102-020',198563196.760000,0.000000,'CIM1089519 TIRTA MAS COLDTRANS                                   UNIT KE-10','101260300013'
'101260300013','2026-03-05 00:00:00.000','102-001',0.000000,198563196.760000,'CIM1089519 TIRTA MAS COLDTRANS                                   UNIT KE-10','101260300013'
'10102260300007','2026-03-05 00:00:00.000','102-101',0.000000,325978.300000,'TS-SPARE PARTS THERMO KING','10102260300007'
'10102260300008','2026-03-05 00:00:00.000','102-110',0.000000,5385000.000000,'L-LOKAL','10102260300008'
'10102260300008','2026-03-05 00:00:00.000','102-102',0.000000,735919.390000,'TL-SPARE PARTS THERMO KING LOKAL','10102260300008'
'10102260300008','2026-03-05 00:00:00.000','102-101',0.000000,294626.210000,'TS-SPARE PARTS THERMO KING','10102260300008'
'10102260300008','2026-03-05 00:00:00.000','102-101',0.000000,1491100.870000,'TS-SPARE PARTS THERMO KING','10102260300008'
'10102260300009','2026-03-05 00:00:00.000','102-101',0.000000,257911.490000,'TS-SPARE PARTS THERMO KING','10102260300009'
'10102260300009','2026-03-05 00:00:00.000','102-101',0.000000,1129035.570000,'TS-SPARE PARTS THERMO KING','10102260300009'
'10102260300009','2026-03-05 00:00:00.000','102-101',0.000000,1889975.200000,'TS-SPARE PARTS THERMO KING','10102260300009'
'10203260300039','2026-03-05 00:00:00.000','102-020',0.000000,39585996.530000,'101260100038 SURYA PUTRA BARUTAMA','10203260300039'
'10203260300039','2026-03-05 00:00:00.000','102-001',39585996.530000,0.000000,'101260100038 SURYA PUTRA BARUTAMA','10203260300039'
'101KM260300062','2026-03-05 00:00:00.000','102-102',0.000000,753435.000000,'PT. WINSON SINGA LOGISTIK T-1200  07.2603004','101KM260300062'
'101BTB260300012','2026-03-05 00:00:00.000','102-110',2580000.000000,0.000000,'(LOKAL) ALBERT AL9477','101BTB260300012'
'101BTB260300014','2026-03-05 00:00:00.000','102-110',860000.000000,0.000000,'(LOKAL) ALBERT AL966','101BTB260300014'
'101BTB260300033','2026-03-05 00:00:00.000','102-110',9999936.000000,0.000000,'(LOKAL) PT. MANDIRI INDONUSA PERKASA 067/IMP/INV/III/2026','101BTB260300033'
'10103260300009','2026-03-05 00:00:00.000','102-001',0.000000,26549048.000000,'TR-UNIT TRUCK THERMO KING','10103260300009'
'10101260300008','2026-03-05 00:00:00.000','102-110',0.000000,763846.820000,'L-LOKAL','10101260300008'
'10101260300008','2026-03-05 00:00:00.000','102-101',0.000000,172178.650000,'TS-SPARE PARTS THERMO KING','10101260300008'
'10101260300008','2026-03-05 00:00:00.000','102-101',0.000000,161575.680000,'TS-SPARE PARTS THERMO KING','10101260300008'
'10103260300039','2026-03-05 00:00:00.000','102-001',0.000000,39585996.530000,'TR-UNIT TRUCK THERMO KING','10103260300039'
'101260300015','2026-03-06 00:00:00.000','102-020',35916332.420000,0.000000,'CIM1091771 PT. CIPTA LAKSANA ARMADA SELARAS','101260300015'
'101260300015','2026-03-06 00:00:00.000','102-001',0.000000,35916332.420000,'CIM1091771 PT. CIPTA LAKSANA ARMADA SELARAS','101260300015'
'101260300014','2026-03-06 00:00:00.000','102-020',27165189.600000,0.000000,'CIM1083389 PT. MABA TRANS NUSANTARA','101260300014'
'101260300014','2026-03-06 00:00:00.000','102-001',0.000000,27165189.600000,'CIM1083389 PT. MABA TRANS NUSANTARA','101260300014'
'10203260300010','2026-03-06 00:00:00.000','102-020',0.000000,198563196.760000,'101260300006 PT. WINSON SINGA LOGISTIK         KE-4','10203260300010'
'10203260300010','2026-03-06 00:00:00.000','102-001',198563196.760000,0.000000,'101260300006 PT. WINSON SINGA LOGISTIK         KE-4','10203260300010'
'10203260300011','2026-03-06 00:00:00.000','102-020',0.000000,40632066.740000,'101260300012 CV. ULTIMA JAYA ','10203260300011'
'10203260300011','2026-03-06 00:00:00.000','102-001',40632066.740000,0.000000,'101260300012 CV. ULTIMA JAYA ','10203260300011'
'10203260300012','2026-03-06 00:00:00.000','102-020',0.000000,248222043.640000,'101260300007 PT. KRISTAL TRANSPORTASI INDONESIA      KE-2','10203260300012'
'10203260300012','2026-03-06 00:00:00.000','102-001',248222043.640000,0.000000,'101260300007 PT. KRISTAL TRANSPORTASI INDONESIA      KE-2','10203260300012'
'101KM260300011','2026-03-06 00:00:00.000','102-110',0.000000,2351221.340000,'PT. CIPTA LAKSANA SELARAS/VCLASS/CIM 1091771/CD EURO 4/007032  06896','101KM260300011'
'101KM260300011','2026-03-06 00:00:00.000','102-102',0.000000,166963.500000,'PT. CIPTA LAKSANA SELARAS/VCLASS/CIM 1091771/CD EURO 4/007032  06896','101KM260300011'
'101KM260300021','2026-03-06 00:00:00.000','102-110',0.000000,2902074.870000,'PT. TIRTAMAS COLDTRANS NUSANTARA KE-10/T-1280E/CIM 1089519/FVM 34 U/J005977  06861','101KM260300021'
'101KM260300060','2026-03-06 00:00:00.000','102-102',0.000000,140335.330000,'PT. MEGA INDO LOGISTIK T-1200  07.2603006','101KM260300060'
'101KM260300061','2026-03-06 00:00:00.000','102-101',0.000000,400426.620000,'PT. SELARAS MANDIRI T-1280E  07.2603005','101KM260300061'
'101KM260300058','2026-03-06 00:00:00.000','102-101',0.000000,400426.620000,'PT. TIRTAMAS COLDTRANS T-1280E  07.2603008','101KM260300058'
'101KM260300059','2026-03-06 00:00:00.000','102-110',0.000000,381111.020000,'PT. LINTAS BERSAMA SV-400 12V  07.2603007','101KM260300059'
'101BTB260300016','2026-03-06 00:00:00.000','102-110',1385000.100000,0.000000,'(LOKAL) ALBERT AL4387 ','101BTB260300016'
'10101260300009','2026-03-06 00:00:00.000','102-110',0.000000,171409.020000,'L-LOKAL','10101260300009'
'10101260300009','2026-03-06 00:00:00.000','102-110',0.000000,41017.740000,'L-LOKAL','10101260300009'
'10101260300009','2026-03-06 00:00:00.000','102-110',0.000000,373444.860000,'L-LOKAL','10101260300009'
'10101260300009','2026-03-06 00:00:00.000','102-110',0.000000,381111.020000,'L-LOKAL','10101260300009'
'10101260300009','2026-03-06 00:00:00.000','102-102',0.000000,134340.000000,'TL-SPARE PARTS THERMO KING LOKAL','10101260300009'
'10101260300009','2026-03-06 00:00:00.000','102-101',0.000000,392128.580000,'TS-SPARE PARTS THERMO KING','10101260300009'
'10101260300009','2026-03-06 00:00:00.000','102-101',0.000000,528213.030000,'TS-SPARE PARTS THERMO KING','10101260300009'
'10103260300010','2026-03-06 00:00:00.000','102-001',0.000000,198563196.760000,'TR-UNIT TRUCK THERMO KING','10103260300010'
'10103260300011','2026-03-06 00:00:00.000','102-001',0.000000,40632066.740000,'TR-UNIT TRUCK THERMO KING','10103260300011'
'10103260300012','2026-03-06 00:00:00.000','102-001',0.000000,248222043.640000,'TR-UNIT TRUCK THERMO KING','10103260300012'
'10101260300010','2026-03-06 00:00:00.000','102-110',0.000000,41017.740000,'L-LOKAL','10101260300010'
'10101260300010','2026-03-06 00:00:00.000','102-110',0.000000,560167.290000,'L-LOKAL','10101260300010'
'10101260300010','2026-03-06 00:00:00.000','102-110',0.000000,316836.740000,'L-LOKAL','10101260300010'
'10101260300010','2026-03-06 00:00:00.000','102-102',0.000000,134340.000000,'TL-SPARE PARTS THERMO KING LOKAL','10101260300010'
'10101260300012','2026-03-06 00:00:00.000','102-110',0.000000,171409.020000,'L-LOKAL','10101260300012'
'10101260300012','2026-03-06 00:00:00.000','102-110',0.000000,41017.740000,'L-LOKAL','10101260300012'
'10101260300012','2026-03-06 00:00:00.000','102-110',0.000000,316836.740000,'L-LOKAL','10101260300012'
'10101260300012','2026-03-06 00:00:00.000','102-102',0.000000,134340.000000,'TL-SPARE PARTS THERMO KING LOKAL','10101260300012'
'10101260300012','2026-03-06 00:00:00.000','102-102',0.000000,97152.290000,'TL-SPARE PARTS THERMO KING LOKAL','10101260300012'
'10101260300012','2026-03-06 00:00:00.000','102-102',0.000000,159138.760000,'TL-SPARE PARTS THERMO KING LOKAL','10101260300012'
'10101260300012','2026-03-06 00:00:00.000','102-101',0.000000,3614753.140000,'TS-SPARE PARTS THERMO KING','10101260300012'
'101260300017','2026-03-09 00:00:00.000','102-020',198563196.760000,0.000000,'CIM1089521 CV. SUMBER KREASI SARANA        KE-1','101260300017'
'101260300017','2026-03-09 00:00:00.000','102-001',0.000000,198563196.760000,'CIM1089521 CV. SUMBER KREASI SARANA        KE-1','101260300017'
'101260300016','2026-03-09 00:00:00.000','102-020',211169048.430000,0.000000,'CIM1089514 CIPTA MANUNGGAL SAKTI','101260300016'
'101260300016','2026-03-09 00:00:00.000','102-001',0.000000,211169048.430000,'CIM1089514 CIPTA MANUNGGAL SAKTI','101260300016'
'10203260300013','2026-03-09 00:00:00.000','102-020',0.000000,27165189.600000,'101260200076 CARLOSINDO ','10203260300013'
'10203260300013','2026-03-09 00:00:00.000','102-001',27165189.600000,0.000000,'101260200076 CARLOSINDO ','10203260300013'
'10203260300014','2026-03-09 00:00:00.000','102-020',0.000000,26549047.790000,'101260200077 CARLOSINDO UTAMA','10203260300014'
'10203260300014','2026-03-09 00:00:00.000','102-001',26549047.790000,0.000000,'101260200077 CARLOSINDO UTAMA','10203260300014'
'10203260300015','2026-03-09 00:00:00.000','102-020',0.000000,35916332.420000,'101260300015 PT. CIPTA LAKSANA ARMADA SELARAS','10203260300015'
'10203260300015','2026-03-09 00:00:00.000','102-001',35916332.420000,0.000000,'101260300015 PT. CIPTA LAKSANA ARMADA SELARAS','10203260300015'
'10203260300016','2026-03-09 00:00:00.000','102-020',0.000000,198563196.760000,'101260300013 TIRTA MAS COLDTRANS                                   UNIT KE-10','10203260300016'
'10203260300016','2026-03-09 00:00:00.000','102-001',198563196.760000,0.000000,'101260300013 TIRTA MAS COLDTRANS                                   UNIT KE-10','10203260300016'
'10203260300043','2026-03-09 00:00:00.000','102-020',0.000000,35916332.420000,'101260300011 RAJA BENUR','10203260300043'
'10203260300043','2026-03-09 00:00:00.000','102-001',35916332.420000,0.000000,'101260300011 RAJA BENUR','10203260300043'
'101KM260300012','2026-03-09 00:00:00.000','102-110',0.000000,1055759.980000,'PT. MABA TRANS NUSANTARA/RV-300 12V/CIM 1083389/ISUZU TRAGA/J572967  06981','101KM260300012'
'101KM260300012','2026-03-09 00:00:00.000','102-102',0.000000,139136.250000,'PT. MABA TRANS NUSANTARA/RV-300 12V/CIM 1083389/ISUZU TRAGA/J572967  06981','101KM260300012'
'101KM260300013','2026-03-09 00:00:00.000','102-110',0.000000,1055759.980000,'PT. LINTAS BERSAMA LOGISTIK KE-5/NR-450I 12V/801010644BEFBC054/ISUZU TRAGA/J578748  07039','101KM260300013'
'101KM260300013','2026-03-09 00:00:00.000','102-102',0.000000,139136.250000,'PT. LINTAS BERSAMA LOGISTIK KE-5/NR-450I 12V/801010644BEFBC054/ISUZU TRAGA/J578748  07039','101KM260300013'
'101KM260300014','2026-03-09 00:00:00.000','102-110',0.000000,1418579.060000,'CV. CIPTA MANUNGGAL SAKTI/T-1080 PRO/CIM 1089514/HINO FL/19684  06926','101KM260300014'
'101KM260300023','2026-03-09 00:00:00.000','102-110',0.000000,1055759.980000,'PT. LINTAS BERSAMA LOGISTIK KE-6/NR-450I 12V/801010644BEFBC046/ISUZU TRAGA/J578751  07039','101KM260300023'
'101KM260300023','2026-03-09 00:00:00.000','102-102',0.000000,139136.250000,'PT. LINTAS BERSAMA LOGISTIK KE-6/NR-450I 12V/801010644BEFBC046/ISUZU TRAGA/J578751  07039','101KM260300023'
'101KM260300057','2026-03-09 00:00:00.000','102-101',0.000000,1305718.100000,'PT. SENTRAS BOX T-1200  07.2603009','101KM260300057'
'101KM260300077','2026-03-09 00:00:00.000','102-110',0.000000,10.000000,'RUBAH PULLEY COMPR RV-300 12V  KBS2603/006','101KM260300077'
'101BTB260300013','2026-03-09 00:00:00.000','102-110',7170000.000000,0.000000,'(LOKAL) MULIA JAYA 5722','101BTB260300013'
'101BTB260300015','2026-03-09 00:00:00.000','102-110',10000000.000000,0.000000,'(LOKAL) MULIA JAYA 9320','101BTB260300015'
'101BTB260300017','2026-03-09 00:00:00.000','102-110',8700000.000000,0.000000,'(LOKAL) ALBERT AL4279','101BTB260300017'
'10103260300013','2026-03-09 00:00:00.000','102-001',0.000000,27165189.600000,'TR-UNIT TRUCK THERMO KING','10103260300013'
'10103260300014','2026-03-09 00:00:00.000','102-001',0.000000,26549047.790000,'TR-UNIT TRUCK THERMO KING','10103260300014'
'10103260300015','2026-03-09 00:00:00.000','102-001',0.000000,35916332.420000,'TR-UNIT TRUCK THERMO KING','10103260300015'
'10103260300016','2026-03-09 00:00:00.000','102-001',0.000000,198563196.760000,'TR-UNIT TRUCK THERMO KING','10103260300016'
'10101260300013','2026-03-09 00:00:00.000','102-201',0.000000,49804.820000,'MT-MATERIAL TAMBAHAN','10101260300013'
'10101260300014','2026-03-09 00:00:00.000','102-201',0.000000,49804.820000,'MT-MATERIAL TAMBAHAN','10101260300014'
'10103260300043','2026-03-09 00:00:00.000','102-001',0.000000,35916332.420000,'TR-UNIT TRUCK THERMO KING','10103260300043'
'101KP260300002','2026-03-10 00:00:00.000','102-102',2400000.000000,0.000000,'INTERN,  024','101KP260300002'
'101260300018','2026-03-10 00:00:00.000','102-020',248222043.640000,0.000000,'CIM1091573 PT. KRISTAL TRANSPORTASI INDONESIA                         UNIT KE-3','101260300018'
'101260300018','2026-03-10 00:00:00.000','102-001',0.000000,248222043.640000,'CIM1091573 PT. KRISTAL TRANSPORTASI INDONESIA                         UNIT KE-3','101260300018'
'10203260300019','2026-03-10 00:00:00.000','102-020',0.000000,211169048.430000,'101260300016 CIPTA MANUNGGAL SAKTI','10203260300019'
'10203260300019','2026-03-10 00:00:00.000','102-001',211169048.430000,0.000000,'101260300016 CIPTA MANUNGGAL SAKTI','10203260300019'
'10102260300010','2026-03-10 00:00:00.000','102-101',0.000000,2766237.900000,'TS-SPARE PARTS THERMO KING','10102260300010'
'10102260300011','2026-03-10 00:00:00.000','102-101',0.000000,528213.030000,'TS-SPARE PARTS THERMO KING','10102260300011'
'101KM260300020','2026-03-10 00:00:00.000','102-110',0.000000,7570315.320000,'ANUGERAH MANDIRI/SV-800 24V + ALTENATOR + ACCU/CIM 1091064/FRR 90 Q/J002077  06915','101KM260300020'
'101KM260300015','2026-03-10 00:00:00.000','102-110',0.000000,1055759.980000,'PT. LINTAS BERSAMA LOGISTIK (WINGS CORP) KE-4/NR-450I 12V/801010644BEFBC053/ISUZU TRAGA/J578749  070','101KM260300015'
'101KM260300015','2026-03-10 00:00:00.000','102-102',0.000000,139136.250000,'PT. LINTAS BERSAMA LOGISTIK (WINGS CORP) KE-4/NR-450I 12V/801010644BEFBC053/ISUZU TRAGA/J578749  070','101KM260300015'
'101KM260300016','2026-03-10 00:00:00.000','102-110',0.000000,1405100.000000,'PT. MODERN PRIMA TRANSPORTASI KE-7/T-1080 PRO/CIM 1088562/HINO FL/17385  06764','101KM260300016'
'101KM260300024','2026-03-10 00:00:00.000','102-110',0.000000,1055759.980000,'PT. LINTAS BERSAMA LOGISTIK (WINGS CORP) KE-7/NR-450I 12V/801010644BEFBC017/ISUZU TRAGA/J578745  070','101KM260300024'
'101KM260300024','2026-03-10 00:00:00.000','102-102',0.000000,139136.250000,'PT. LINTAS BERSAMA LOGISTIK (WINGS CORP) KE-7/NR-450I 12V/801010644BEFBC017/ISUZU TRAGA/J578745  070','101KM260300024'
'101KM260300056','2026-03-10 00:00:00.000','102-101',0.000000,1889539.340000,'PT. QL HASIL LAUT SV-600 24V  07.2603010','101KM260300056'
'101KM260300076','2026-03-10 00:00:00.000','102-110',0.000000,2100039.440000,'INTERN, MUTASI STOCK SPAREPART  KBS2603/007','101KM260300076'
'101BTB260300004','2026-03-10 00:00:00.000','102-201',2200000.000000,0.000000,'(MATERIAL TAMBAHAN) NUGROHO TEKNIK 059/III/2026/F.NT','101BTB260300004'
'101BTB260300004','2026-03-10 00:00:00.000','102-110',895000.000000,0.000000,'(LOKAL) NUGROHO TEKNIK 059/III/2026/F.NT','101BTB260300004'
'101BTB260300007','2026-03-10 00:00:00.000','102-201',925000.000000,0.000000,'(MATERIAL TAMBAHAN) MULIA JAYA 9723','101BTB260300007'
'101BTB260300007','2026-03-10 00:00:00.000','102-110',7052000.000000,0.000000,'(LOKAL) MULIA JAYA 9723','101BTB260300007'
'101BTB260300008','2026-03-10 00:00:00.000','102-110',4231500.000000,0.000000,'(LOKAL) ALBERT AL7833','101BTB260300008'
'101BTB260300009','2026-03-10 00:00:00.000','102-110',2821000.000000,0.000000,'(LOKAL) ALBERT AL7834','101BTB260300009'
'101BTB260300010','2026-03-10 00:00:00.000','102-110',312000.000000,0.000000,'(LOKAL) ALBERT AL4372','101BTB260300010'
'101BTB260300011','2026-03-10 00:00:00.000','102-110',2072000.000000,0.000000,'(LOKAL) ALBERT AL7980','101BTB260300011'
'10103260300019','2026-03-10 00:00:00.000','102-001',0.000000,211169048.430000,'TR-UNIT TRUCK THERMO KING','10103260300019'
'10101260300016','2026-03-10 00:00:00.000','102-201',0.000000,49804.820000,'MT-MATERIAL TAMBAHAN','10101260300016'
'10101260300016','2026-03-10 00:00:00.000','102-110',0.000000,600000.000000,'L-LOKAL','10101260300016'
'10101260300016','2026-03-10 00:00:00.000','102-101',0.000000,977971.450000,'TS-SPARE PARTS THERMO KING','10101260300016'
'10101260300016','2026-03-10 00:00:00.000','102-101',0.000000,1401598.310000,'TS-SPARE PARTS THERMO KING','10101260300016'
'10101260300016','2026-03-10 00:00:00.000','102-101',0.000000,1494781.790000,'TS-SPARE PARTS THERMO KING','10101260300016'
'10101260300016','2026-03-10 00:00:00.000','102-101',0.000000,1147021.440000,'TS-SPARE PARTS THERMO KING','10101260300016'
'10101260300017','2026-03-10 00:00:00.000','102-110',0.000000,51638.980000,'L-LOKAL','10101260300017'
'10101260300017','2026-03-10 00:00:00.000','102-110',0.000000,41017.740000,'L-LOKAL','10101260300017'
'10101260300017','2026-03-10 00:00:00.000','102-110',0.000000,560167.290000,'L-LOKAL','10101260300017'
'10101260300017','2026-03-10 00:00:00.000','102-110',0.000000,226786.880000,'L-LOKAL','10101260300017'
'10101260300017','2026-03-10 00:00:00.000','102-102',0.000000,134340.000000,'TL-SPARE PARTS THERMO KING LOKAL','10101260300017'
'10101260300018','2026-03-10 00:00:00.000','102-110',0.000000,933612.150000,'L-LOKAL','10101260300018'
'101260300019','2026-03-11 00:00:00.000','102-020',51996926.570000,0.000000,'CIM1091064 ANUGERAH MANDIRI','101260300019'
'101260300019','2026-03-11 00:00:00.000','102-001',0.000000,51996926.570000,'CIM1091064 ANUGERAH MANDIRI','101260300019'
'10102260300012','2026-03-11 00:00:00.000','102-101',0.000000,484727.040000,'TS-SPARE PARTS THERMO KING','10102260300012'
'10102260300012','2026-03-11 00:00:00.000','102-101',0.000000,344357.300000,'TS-SPARE PARTS THERMO KING','10102260300012'
'10102260300013','2026-03-11 00:00:00.000','102-101',0.000000,3598379.720000,'TS-SPARE PARTS THERMO KING','10102260300013'
'10102260300014','2026-03-11 00:00:00.000','102-101',0.000000,528213.030000,'TS-SPARE PARTS THERMO KING','10102260300014'
'101KM260300017','2026-03-11 00:00:00.000','102-110',0.000000,1405100.000000,'KRISTAL TRANSPORTASI INDONESIA KE-3/T-1200R/CIM 1088562/HINO FL/18063  06998','101KM260300017'
'101KM260300018','2026-03-11 00:00:00.000','102-110',0.000000,2902074.870000,'CV. SUMBER KREASI SARANA KE-2/T-1280E/CIM 1089518/HINO FL/19746  06940','101KM260300018'
'101KM260300054','2026-03-11 00:00:00.000','102-101',0.000000,1305718.100000,'PT. MANGGALA KIAT T-1200  07.2603012','101KM260300054'
'101KM260300055','2026-03-11 00:00:00.000','102-101',0.000000,325978.300000,'CV. BOGOR KIAT SARANA SV-600 24V  07.2603011','101KM260300055'
'101KM260300074','2026-03-11 00:00:00.000','102-101',0.000000,9686743.080000,'PERL. ELECTRIC STANDBY SV-600 24V  KBS2603/009','101KM260300074'
'101KM260300075','2026-03-11 00:00:00.000','102-110',0.000000,10.000000,'PERL. UNIT SV-800 24V ANUGERAH MANDIRI  KBS2603/008','101KM260300075'
'101KM260300075','2026-03-11 00:00:00.000','102-101',0.000000,3619496.960000,'PERL. UNIT SV-800 24V ANUGERAH MANDIRI  KBS2603/008','101KM260300075'
'101BTB260300034','2026-03-11 00:00:00.000','102-110',200000.000000,0.000000,'(LOKAL) PT. THERMO ASRI MANDIRI 038/FK-TAM/III/2026','101BTB260300034'
'101BTB260300034','2026-03-11 00:00:00.000','102-010',11336000.000000,0.000000,'(TOYO UNIT) PT. THERMO ASRI MANDIRI 038/FK-TAM/III/2026','101BTB260300034'
'10101260300019','2026-03-11 00:00:00.000','102-110',0.000000,295457.040000,'L-LOKAL','10101260300019'
'10101260300019','2026-03-11 00:00:00.000','102-110',0.000000,42328.570000,'L-LOKAL','10101260300019'
'10101260300019','2026-03-11 00:00:00.000','102-110',0.000000,50186.480000,'L-LOKAL','10101260300019'
'10101260300019','2026-03-11 00:00:00.000','102-101',0.000000,325978.300000,'TS-SPARE PARTS THERMO KING','10101260300019'
'101KP260300003','2026-03-12 00:00:00.000','102-110',10.000000,0.000000,'INTERN,  037','101KP260300003'
'101KP260300003','2026-03-12 00:00:00.000','102-101',5316288.000000,0.000000,'INTERN,  037','101KP260300003'
'101260300021','2026-03-12 00:00:00.000','102-020',198563196.760000,0.000000,'CIM1089518 SUMBER KREASI SARANA               KE-2','101260300021'
'101260300021','2026-03-12 00:00:00.000','102-001',0.000000,198563196.760000,'CIM1089518 SUMBER KREASI SARANA               KE-2','101260300021'
'101260300020','2026-03-12 00:00:00.000','102-020',198563196.760000,0.000000,'CIM1089926 PT. TERUS JAYA TRANSPORT','101260300020'
'101260300020','2026-03-12 00:00:00.000','102-001',0.000000,198563196.760000,'CIM1089926 PT. TERUS JAYA TRANSPORT','101260300020'
'10203260300017','2026-03-12 00:00:00.000','102-020',0.000000,211169048.430000,'101260300024 PT. SUMBER MANDIRI SEJAHTERA           UNIT KE-1','10203260300017'
'10203260300017','2026-03-12 00:00:00.000','102-001',211169048.430000,0.000000,'101260300024 PT. SUMBER MANDIRI SEJAHTERA           UNIT KE-1','10203260300017'
'10203260300018','2026-03-12 00:00:00.000','102-020',0.000000,211169048.430000,'101260300027 PT. SUMBER MANDIRI SEJAHTERA ','10203260300018'
'10203260300018','2026-03-12 00:00:00.000','102-001',211169048.430000,0.000000,'101260300027 PT. SUMBER MANDIRI SEJAHTERA ','10203260300018'
'10203260300025','2026-03-12 00:00:00.000','102-020',0.000000,198563196.760000,'101260300017 CV. SUMBER KREASI SARANA        KE-1','10203260300025'
'10203260300025','2026-03-12 00:00:00.000','102-001',198563196.760000,0.000000,'101260300017 CV. SUMBER KREASI SARANA        KE-1','10203260300025'
'10203260300026','2026-03-12 00:00:00.000','102-020',0.000000,248222043.640000,'101260300018 PT. KRISTAL TRANSPORTASI INDONESIA                         UNIT KE-3','10203260300026'
'10203260300026','2026-03-12 00:00:00.000','102-001',248222043.640000,0.000000,'101260300018 PT. KRISTAL TRANSPORTASI INDONESIA                         UNIT KE-3','10203260300026'
'10102260300015','2026-03-12 00:00:00.000','102-101',0.000000,685916.380000,'TS-SPARE PARTS THERMO KING','10102260300015'
'101KM260300022','2026-03-12 00:00:00.000','102-110',0.000000,3131211.230000,'PT. TERUS JAYA TRANSPORT KE-1/T-1280E + FAN SEKAT/CIM 1089926/HINO FL/J001801  06860','101KM260300022'
'101KM260300019','2026-03-12 00:00:00.000','102-110',0.000000,2902074.870000,'CV. SUMBER KREASI SARANA KE-1/T-1280E/CIM 1089521/HINO FL/19706  06940','101KM260300019'
'101KM260300052','2026-03-12 00:00:00.000','102-110',0.000000,300010.020000,'CV. ANUGERAH CAHAYA SV-600 24V  07.2603014','101KM260300052'
'101KM260300052','2026-03-12 00:00:00.000','102-101',0.000000,6494476.350000,'CV. ANUGERAH CAHAYA SV-600 24V  07.2603014','101KM260300052'
'101KM260300053','2026-03-12 00:00:00.000','102-110',0.000000,300000.020000,'PT. LINTAS BERSAMA LOGISTIK SV-400 12V  07.2603013','101KM260300053'
'101KM260300072','2026-03-12 00:00:00.000','102-110',0.000000,10.000000,'RUBAH COMPR T-21 SERVICE CAMAR LAUT  KBS2603/011','101KM260300072'
'101KM260300072','2026-03-12 00:00:00.000','102-101',0.000000,5320833.640000,'RUBAH COMPR T-21 SERVICE CAMAR LAUT  KBS2603/011','101KM260300072'
'101KM260300073','2026-03-12 00:00:00.000','102-110',0.000000,515285.820000,'RAKIT FAN SEKAT SET 24V TERUS JAYA   KBS2603/010','101KM260300073'
'101KM260300073','2026-03-12 00:00:00.000','102-101',0.000000,2222324.980000,'RAKIT FAN SEKAT SET 24V TERUS JAYA   KBS2603/010','101KM260300073'
'101BTB260300006','2026-03-12 00:00:00.000','102-102',3000000.000000,0.000000,'(SPARE PARTS THERMO KING LOKAL) SUMBER KARET (SK2603/001)','101BTB260300006'
'101BTB260300018','2026-03-12 00:00:00.000','102-101',11300000.000000,0.000000,'(SPARE PARTS THERMO KING) MULIA JAYA 8793','101BTB260300018'
'10103260300017','2026-03-12 00:00:00.000','102-001',0.000000,211169048.430000,'TR-UNIT TRUCK THERMO KING','10103260300017'
'10103260300018','2026-03-12 00:00:00.000','102-001',0.000000,211169048.430000,'TR-UNIT TRUCK THERMO KING','10103260300018'
'10103260300025','2026-03-12 00:00:00.000','102-001',0.000000,198563196.760000,'TR-UNIT TRUCK THERMO KING','10103260300025'
'10103260300026','2026-03-12 00:00:00.000','102-001',0.000000,248222043.640000,'TR-UNIT TRUCK THERMO KING','10103260300026'
'10101260300021','2026-03-12 00:00:00.000','102-110',0.000000,763846.820000,'L-LOKAL','10101260300021'
'10101260300021','2026-03-12 00:00:00.000','102-101',0.000000,1401598.310000,'TS-SPARE PARTS THERMO KING','10101260300021'
'10101260300021','2026-03-12 00:00:00.000','102-101',0.000000,1494781.790000,'TS-SPARE PARTS THERMO KING','10101260300021'
'10101260300021','2026-03-12 00:00:00.000','102-101',0.000000,172178.650000,'TS-SPARE PARTS THERMO KING','10101260300021'
'10101260300021','2026-03-12 00:00:00.000','102-101',0.000000,190355.420000,'TS-SPARE PARTS THERMO KING','10101260300021'
'10101260300021','2026-03-12 00:00:00.000','102-101',0.000000,161575.680000,'TS-SPARE PARTS THERMO KING','10101260300021'
'10101260300022','2026-03-12 00:00:00.000','102-110',0.000000,763846.820000,'L-LOKAL','10101260300022'
'10101260300022','2026-03-12 00:00:00.000','102-102',0.000000,10.000000,'TL-SPARE PARTS THERMO KING LOKAL','10101260300022'
'10101260300022','2026-03-12 00:00:00.000','102-101',0.000000,1714971.860000,'TS-SPARE PARTS THERMO KING','10101260300022'
'10101260300022','2026-03-12 00:00:00.000','102-101',0.000000,1485762.850000,'TS-SPARE PARTS THERMO KING','10101260300022'
'10101260300022','2026-03-12 00:00:00.000','102-101',0.000000,11389038.170000,'TS-SPARE PARTS THERMO KING','10101260300022'
'10101260300022','2026-03-12 00:00:00.000','102-101',0.000000,2553849.020000,'TS-SPARE PARTS THERMO KING','10101260300022'
'10101260300022','2026-03-12 00:00:00.000','102-101',0.000000,1305372.950000,'TS-SPARE PARTS THERMO KING','10101260300022'
'10101260300022','2026-03-12 00:00:00.000','102-101',0.000000,1401598.310000,'TS-SPARE PARTS THERMO KING','10101260300022'
'10101260300022','2026-03-12 00:00:00.000','102-101',0.000000,1494781.790000,'TS-SPARE PARTS THERMO KING','10101260300022'
'10101260300022','2026-03-12 00:00:00.000','102-101',0.000000,253459.590000,'TS-SPARE PARTS THERMO KING','10101260300022'
'10101260300022','2026-03-12 00:00:00.000','102-101',0.000000,172178.650000,'TS-SPARE PARTS THERMO KING','10101260300022'
'10101260300022','2026-03-12 00:00:00.000','102-101',0.000000,190355.420000,'TS-SPARE PARTS THERMO KING','10101260300022'
'10101260300022','2026-03-12 00:00:00.000','102-101',0.000000,161575.680000,'TS-SPARE PARTS THERMO KING','10101260300022'
'10101260300023','2026-03-12 00:00:00.000','102-110',0.000000,41017.740000,'L-LOKAL','10101260300023'
'10101260300023','2026-03-12 00:00:00.000','102-110',0.000000,560167.290000,'L-LOKAL','10101260300023'
'10101260300023','2026-03-12 00:00:00.000','102-110',0.000000,167500.000000,'L-LOKAL','10101260300023'
'10101260300023','2026-03-12 00:00:00.000','102-110',0.000000,915401.510000,'L-LOKAL','10101260300023'
'10101260300023','2026-03-12 00:00:00.000','102-110',0.000000,316836.740000,'L-LOKAL','10101260300023'
'10101260300023','2026-03-12 00:00:00.000','102-110',0.000000,84821.730000,'L-LOKAL','10101260300023'
'10101260300023','2026-03-12 00:00:00.000','102-102',0.000000,134340.000000,'TL-SPARE PARTS THERMO KING LOKAL','10101260300023'
'101260300024','2026-03-13 00:00:00.000','102-020',211169048.430000,0.000000,'CIM1089513 PT. SUMBER MANDIRI SEJAHTERA           UNIT KE-1','101260300024'
'101260300024','2026-03-13 00:00:00.000','102-001',0.000000,211169048.430000,'CIM1089513 PT. SUMBER MANDIRI SEJAHTERA           UNIT KE-1','101260300024'
'101260300023','2026-03-13 00:00:00.000','102-020',211169048.430000,0.000000,'CIM1088557 KREASI SEJUK SARANA - NUR ARIFIN ','101260300023'
'101260300023','2026-03-13 00:00:00.000','102-001',0.000000,211169048.430000,'CIM1088557 KREASI SEJUK SARANA - NUR ARIFIN ','101260300023'
'101260300022','2026-03-13 00:00:00.000','102-020',40632066.740000,0.000000,'CIM1083712 PT. MAS - DIPO INTERNASIONAL PAHALA ','101260300022'
'101260300022','2026-03-13 00:00:00.000','102-001',0.000000,40632066.740000,'CIM1083712 PT. MAS - DIPO INTERNASIONAL PAHALA ','101260300022'
'10203260300024','2026-03-13 00:00:00.000','102-020',0.000000,198563196.760000,'101260300021 SUMBER KREASI SARANA               KE-2','10203260300024'
'10203260300024','2026-03-13 00:00:00.000','102-001',198563196.760000,0.000000,'101260300021 SUMBER KREASI SARANA               KE-2','10203260300024'
'10203260300042','2026-03-13 00:00:00.000','102-020',0.000000,198563196.760000,'101260300020 PT. TERUS JAYA TRANSPORT','10203260300042'
'10203260300042','2026-03-13 00:00:00.000','102-001',198563196.760000,0.000000,'101260300020 PT. TERUS JAYA TRANSPORT','10203260300042'
'10102260300016','2026-03-13 00:00:00.000','102-101',0.000000,1225144.710000,'TS-SPARE PARTS THERMO KING','10102260300016'
'10102260300017','2026-03-13 00:00:00.000','102-101',0.000000,5159833.030000,'TS-SPARE PARTS THERMO KING','10102260300017'
'10102260300018','2026-03-13 00:00:00.000','102-101',0.000000,3480032.210000,'TS-SPARE PARTS THERMO KING','10102260300018'
'10102260300019','2026-03-13 00:00:00.000','102-101',0.000000,528213.030000,'TS-SPARE PARTS THERMO KING','10102260300019'
'101KM260300025','2026-03-13 00:00:00.000','102-110',0.000000,1405100.000000,'KREASI SEJUK SARANA/T-1080 PRO/CIM 1088557/HINO FL/19142  06934','101KM260300025'
'101KM260300026','2026-03-13 00:00:00.000','102-110',0.000000,1455707.550000,'PT. SUMBER MANDIRI SEJAHTERA KE-1/T-1080 PRO/CIM 1089513/HINO FL/19660  06972','101KM260300026'
'101BTB260300020','2026-03-13 00:00:00.000','102-110',1950000.000000,0.000000,'(LOKAL) MULIA JAYA 4937','101BTB260300020'
'101BTB260300024','2026-03-13 00:00:00.000','102-110',7780000.000000,0.000000,'(LOKAL) KEMENANGAN K1326','101BTB260300024'
'101BTB260300019','2026-03-13 00:00:00.000','102-110',17750000.000000,0.000000,'(LOKAL) LESTARI MACHINERY 03/III/2026-7','101BTB260300019'
'10103260300024','2026-03-13 00:00:00.000','102-001',0.000000,198563196.760000,'TR-UNIT TRUCK THERMO KING','10103260300024'
'10101260300024','2026-03-13 00:00:00.000','102-110',0.000000,93470.140000,'L-LOKAL','10101260300024'
'10101260300024','2026-03-13 00:00:00.000','102-110',0.000000,41017.740000,'L-LOKAL','10101260300024'
'10101260300024','2026-03-13 00:00:00.000','102-110',0.000000,560167.290000,'L-LOKAL','10101260300024'
'10101260300024','2026-03-13 00:00:00.000','102-102',0.000000,90764.530000,'TL-SPARE PARTS THERMO KING LOKAL','10101260300024'
'10101260300024','2026-03-13 00:00:00.000','102-102',0.000000,134340.000000,'TL-SPARE PARTS THERMO KING LOKAL','10101260300024'
'10101260300024','2026-03-13 00:00:00.000','102-101',0.000000,41568.840000,'TS-SPARE PARTS THERMO KING','10101260300024'
'10101260300024','2026-03-13 00:00:00.000','102-101',0.000000,63044.220000,'TS-SPARE PARTS THERMO KING','10101260300024'
'10101260300024','2026-03-13 00:00:00.000','102-101',0.000000,968553.060000,'TS-SPARE PARTS THERMO KING','10101260300024'
'10103260300042','2026-03-13 00:00:00.000','102-201',0.000000,49804.820000,'MT-MATERIAL TAMBAHAN','10103260300042'
'10103260300042','2026-03-13 00:00:00.000','102-001',0.000000,198563196.760000,'TR-UNIT TRUCK THERMO KING','10103260300042'
'10101260300025','2026-03-13 00:00:00.000','102-110',0.000000,763846.820000,'L-LOKAL','10101260300025'
'10101260300025','2026-03-13 00:00:00.000','102-101',0.000000,172178.650000,'TS-SPARE PARTS THERMO KING','10101260300025'
'10101260300025','2026-03-13 00:00:00.000','102-101',0.000000,161575.680000,'TS-SPARE PARTS THERMO KING','10101260300025'
'10101260300026','2026-03-13 00:00:00.000','102-110',0.000000,41017.740000,'L-LOKAL','10101260300026'
'10101260300026','2026-03-13 00:00:00.000','102-110',0.000000,560167.290000,'L-LOKAL','10101260300026'
'10101260300026','2026-03-13 00:00:00.000','102-110',0.000000,316836.740000,'L-LOKAL','10101260300026'
'10101260300026','2026-03-13 00:00:00.000','102-102',0.000000,134340.000000,'TL-SPARE PARTS THERMO KING LOKAL','10101260300026'
'10101260300026','2026-03-13 00:00:00.000','102-101',0.000000,5316287.900000,'TS-SPARE PARTS THERMO KING','10101260300026'
'101BTB260300035','2026-03-14 00:00:00.000','102-018',842334280.320000,0.000000,'(UNIT COLD STORAGE BINGSHAN) BN.603 INV.2026H0124 U/ LINC MEDAN','101BTB260300035'
'101260300029','2026-03-16 00:00:00.000','102-020',40632066.740000,0.000000,'CIM1083711 KREASI INTI SEJAHTERA                              UNIT KE-2','101260300029'
'101260300029','2026-03-16 00:00:00.000','102-001',0.000000,40632066.740000,'CIM1083711 KREASI INTI SEJAHTERA                              UNIT KE-2','101260300029'
'101260300028','2026-03-16 00:00:00.000','102-020',40632066.740000,0.000000,'CIM1083250 KREASI INTI SEJAHTERA                               UNIT KE-1','101260300028'
'101260300028','2026-03-16 00:00:00.000','102-001',0.000000,40632066.740000,'CIM1083250 KREASI INTI SEJAHTERA                               UNIT KE-1','101260300028'
'101260300027','2026-03-16 00:00:00.000','102-020',211169048.430000,0.000000,'CIM1088561 PT. SUMBER MANDIRI SEJAHTERA ','101260300027'
'101260300027','2026-03-16 00:00:00.000','102-001',0.000000,211169048.430000,'CIM1088561 PT. SUMBER MANDIRI SEJAHTERA ','101260300027'
'101260300026','2026-03-16 00:00:00.000','102-020',35916332.420000,0.000000,'CIM1091773 UNIT ONLY','101260300026'
'101260300026','2026-03-16 00:00:00.000','102-001',0.000000,35916332.420000,'CIM1091773 UNIT ONLY','101260300026'
'101260300025','2026-03-16 00:00:00.000','102-020',35916332.420000,0.000000,'CIM1091770 UNIT ONLY','101260300025'
'101260300025','2026-03-16 00:00:00.000','102-001',0.000000,35916332.420000,'CIM1091770 UNIT ONLY','101260300025'
'101260300030','2026-03-16 00:00:00.000','102-020',40632066.740000,0.000000,'CIM1091060 PT. MITRA KAROSERI INTERNASIONAL - MIKROLETTE','101260300030'
'101260300030','2026-03-16 00:00:00.000','102-001',0.000000,40632066.740000,'CIM1091060 PT. MITRA KAROSERI INTERNASIONAL - MIKROLETTE','101260300030'
'10203260300021','2026-03-16 00:00:00.000','102-020',0.000000,35916332.420000,'101260300025 UNIT ONLY','10203260300021'
'10203260300021','2026-03-16 00:00:00.000','102-001',35916332.420000,0.000000,'101260300025 UNIT ONLY','10203260300021'
'10203260300022','2026-03-16 00:00:00.000','102-020',0.000000,35916332.420000,'101260300026 UNIT ONLY','10203260300022'
'10203260300022','2026-03-16 00:00:00.000','102-001',35916332.420000,0.000000,'101260300026 UNIT ONLY','10203260300022'
'10203260300027','2026-03-16 00:00:00.000','102-020',0.000000,51996926.570000,'101260300019 ANUGERAH MANDIRI','10203260300027'
'10203260300027','2026-03-16 00:00:00.000','102-001',51996926.570000,0.000000,'101260300019 ANUGERAH MANDIRI','10203260300027'
'10203260300029','2026-03-16 00:00:00.000','102-020',0.000000,211169048.430000,'101260300023 KREASI SEJUK SARANA - NUR ARIFIN ','10203260300029'
'10203260300029','2026-03-16 00:00:00.000','102-001',211169048.430000,0.000000,'101260300023 KREASI SEJUK SARANA - NUR ARIFIN ','10203260300029'
'101KM260300030','2026-03-16 00:00:00.000','102-110',0.000000,1676557.630000,'KREASI INTI SEJAHTERA KE-2/SV-600 24V/CIM 1083711/ISUZU NMR/J136031  07047','101KM260300030'
'101KM260300030','2026-03-16 00:00:00.000','102-102',0.000000,166963.500000,'KREASI INTI SEJAHTERA KE-2/SV-600 24V/CIM 1083711/ISUZU NMR/J136031  07047','101KM260300030'
'101KM260300031','2026-03-16 00:00:00.000','102-110',0.000000,1055759.980000,'PT. LINTAS MITRA ANUGERAH SEJATI KE-1/KX-380K 12V/801010632BFAZ1005/ISUZU TRAGA/J576705  07054','101KM260300031'
'101KM260300031','2026-03-16 00:00:00.000','102-102',0.000000,139136.250000,'PT. LINTAS MITRA ANUGERAH SEJATI KE-1/KX-380K 12V/801010632BFAZ1005/ISUZU TRAGA/J576705  07054','101KM260300031'
'101KM260300027','2026-03-16 00:00:00.000','102-110',0.000000,2485002.530000,'PT. MITRA ABADI SEJATI (MAS)/SV-600 24V/CIM 1083712/CD EURO 4/006983  06975','101KM260300027'
'101KM260300027','2026-03-16 00:00:00.000','102-102',0.000000,166963.500000,'PT. MITRA ABADI SEJATI (MAS)/SV-600 24V/CIM 1083712/CD EURO 4/006983  06975','101KM260300027'
'101KM260300032','2026-03-16 00:00:00.000','102-110',0.000000,1405100.000000,'PT. SUMBER MANDIRI SEJAHTERA KE-2/T-1080 PRO/CIM 1088561/HINO FL/19656  06972','101KM260300032'
'101KM260300028','2026-03-16 00:00:00.000','102-110',0.000000,555186.200000,'KREASI SEJUK SARANA/KX-380K 12V/801010632BFAAD006/NEW CARRY/276727  07053','101KM260300028'
'101KM260300028','2026-03-16 00:00:00.000','102-102',0.000000,126487.500000,'KREASI SEJUK SARANA/KX-380K 12V/801010632BFAAD006/NEW CARRY/276727  07053','101KM260300028'
'101KM260300029','2026-03-16 00:00:00.000','102-110',0.000000,1676557.630000,'KREASI INTI SEJAHTERA KE-1/SV-600 24V/CIM 1083250/ISUZU NMR/J134954  07047','101KM260300029'
'101KM260300029','2026-03-16 00:00:00.000','102-102',0.000000,166963.500000,'KREASI INTI SEJAHTERA KE-1/SV-600 24V/CIM 1083250/ISUZU NMR/J134954  07047','101KM260300029'
'101KM260300051','2026-03-16 00:00:00.000','102-101',0.000000,2706646.090000,'PT. ANUGERAH FARM T-1080   07.2603015','101KM260300051'
'101KM260300049','2026-03-16 00:00:00.000','102-110',0.000000,381111.020000,'PT. FRANS MEAT SHOP RV-300 12V  07.2603016','101KM260300049'
'101KM260300071','2026-03-16 00:00:00.000','102-103',0.000000,2.000000,'PERL. UNIT KX-380K 12V KREASI SEJUK  KBS2603/013','101KM260300071'
'101BTB260300005','2026-03-16 00:00:00.000','102-110',3700000.000000,0.000000,'(LOKAL) NUGROHO TEKNIK 051/III/2026/F.','101BTB260300005'
'101BTB260300030','2026-03-16 00:00:00.000','102-110',17567568.000000,0.000000,'(LOKAL) PT. GUNUNGES TIGA BELAS FI/G13/26/03/00817','101BTB260300030'
'10103260300021','2026-03-16 00:00:00.000','102-001',0.000000,35916332.420000,'TR-UNIT TRUCK THERMO KING','10103260300021'
'10103260300022','2026-03-16 00:00:00.000','102-001',0.000000,35916332.420000,'TR-UNIT TRUCK THERMO KING','10103260300022'
'10103260300027','2026-03-16 00:00:00.000','102-201',0.000000,49804.820000,'MT-MATERIAL TAMBAHAN','10103260300027'
'10103260300027','2026-03-16 00:00:00.000','102-001',0.000000,51996926.570000,'TR-UNIT TRUCK THERMO KING','10103260300027'
'10103260300029','2026-03-16 00:00:00.000','102-001',0.000000,211169048.430000,'TR-UNIT TRUCK THERMO KING','10103260300029'
'10101260300027','2026-03-16 00:00:00.000','102-110',0.000000,373444.860000,'L-LOKAL','10101260300027'
'10101260300027','2026-03-16 00:00:00.000','102-110',0.000000,316836.740000,'L-LOKAL','10101260300027'
'10101260300027','2026-03-16 00:00:00.000','102-102',0.000000,33585.000000,'TL-SPARE PARTS THERMO KING LOKAL','10101260300027'
'101KP260300006','2026-03-17 00:00:00.000','102-110',300000.000000,0.000000,'SERASI AUTO RAYA  050','101KP260300006'
'101260300035','2026-03-17 00:00:00.000','102-020',211169048.430000,0.000000,'CIM1088560 CV. CIPTA MANUNGGAL SAKTI ','101260300035'
'101260300035','2026-03-17 00:00:00.000','102-001',0.000000,211169048.430000,'CIM1088560 CV. CIPTA MANUNGGAL SAKTI ','101260300035'
'101260300034','2026-03-17 00:00:00.000','102-020',51996926.570000,0.000000,'CIM1091063 PT. WINSON SINGA LOGISTIK','101260300034'
'101260300034','2026-03-17 00:00:00.000','102-001',0.000000,51996926.570000,'CIM1091063 PT. WINSON SINGA LOGISTIK','101260300034'
'101260300033','2026-03-17 00:00:00.000','102-020',35916332.420000,0.000000,'CIM1091772 PT. SENTRAS BOX INDONESIA - SULAWESI BERLIAN MOTOR','101260300033'
'101260300033','2026-03-17 00:00:00.000','102-001',0.000000,35916332.420000,'CIM1091772 PT. SENTRAS BOX INDONESIA - SULAWESI BERLIAN MOTOR','101260300033'
'101260300032','2026-03-17 00:00:00.000','102-020',40632066.740000,0.000000,'CIM1083242 CIPTA LAKSANA ARMADA SELARAS     KE-2','101260300032'
'101260300032','2026-03-17 00:00:00.000','102-001',0.000000,40632066.740000,'CIM1083242 CIPTA LAKSANA ARMADA SELARAS     KE-2','101260300032'
'101260300031','2026-03-17 00:00:00.000','102-020',40632066.740000,0.000000,'CIM1083241 CIPTA LAKSANA ARMADA SELARAS     KE-1','101260300031'
'101260300031','2026-03-17 00:00:00.000','102-001',0.000000,40632066.740000,'CIM1083241 CIPTA LAKSANA ARMADA SELARAS     KE-1','101260300031'
'10203260300023','2026-03-17 00:00:00.000','102-020',0.000000,39585996.530000,'101260200078 CARLOSINDO UTAMA ','10203260300023'
'10203260300023','2026-03-17 00:00:00.000','102-001',39585996.530000,0.000000,'101260200078 CARLOSINDO UTAMA ','10203260300023'
'101KM260300033','2026-03-17 00:00:00.000','102-110',0.000000,1055759.980000,'PT. LINTAS BERSAMA LOGISTIK (WINGS CORP) KE-8/NR-450I 12V/801010644BEFBC042/ISUZU TRAGA/J578750  070','101KM260300033'
'101KM260300033','2026-03-17 00:00:00.000','102-102',0.000000,139136.250000,'PT. LINTAS BERSAMA LOGISTIK (WINGS CORP) KE-8/NR-450I 12V/801010644BEFBC042/ISUZU TRAGA/J578750  070','101KM260300033'
'101KM260300034','2026-03-17 00:00:00.000','102-110',0.000000,4265134.800000,'PT. WINSON SINGA LOGISTIK/SV-800 24V + ALTENATOR + ACCU/CIM 1091063/ISUZU NMR/J136148  06880','101KM260300034'
'101KM260300034','2026-03-17 00:00:00.000','102-102',0.000000,166963.500000,'PT. WINSON SINGA LOGISTIK/SV-800 24V + ALTENATOR + ACCU/CIM 1091063/ISUZU NMR/J136148  06880','101KM260300034'
'101KM260300048','2026-03-17 00:00:00.000','102-101',0.000000,2607567.580000,'PT. KRISTAL TRANSPORT T-1200  07.2603017','101KM260300048'
'101BTB260300021','2026-03-17 00:00:00.000','102-110',2200000.000000,0.000000,'(LOKAL) ALBERT AL4373','101BTB260300021'
'10103260300023','2026-03-17 00:00:00.000','102-001',0.000000,39585996.530000,'TR-UNIT TRUCK THERMO KING','10103260300023'
'10103260300028','2026-03-17 00:00:00.000','102-101',0.000000,3614753.140000,'TS-SPARE PARTS THERMO KING','10103260300028'
'101260300037','2026-03-25 00:00:00.000','102-020',211169048.430000,0.000000,'CIM1090972 U/ PT. ANUGERAH MITRA LOGISTIK KE - 3','101260300037'
'101260300037','2026-03-25 00:00:00.000','102-001',0.000000,211169048.430000,'CIM1090972 U/ PT. ANUGERAH MITRA LOGISTIK KE - 3','101260300037'
'101260300036','2026-03-25 00:00:00.000','102-020',248222043.640000,0.000000,'CIM1091570 U/ PT. KRISTAL TRANSPORTASI INDONESIA KE - 1','101260300036'
'101260300036','2026-03-25 00:00:00.000','102-001',0.000000,248222043.640000,'CIM1091570 U/ PT. KRISTAL TRANSPORTASI INDONESIA KE - 1','101260300036'
'101KM260300070','2026-03-25 00:00:00.000','102-110',0.000000,10.000000,'PERL. UNIT SV-800 24V WINSON SINGA  KBS2603/014','101KM260300070'
'101KM260300070','2026-03-25 00:00:00.000','102-101',0.000000,2800000.000000,'PERL. UNIT SV-800 24V WINSON SINGA  KBS2603/014','101KM260300070'
'10203260300031','2026-03-26 00:00:00.000','102-020',0.000000,40632066.740000,'101260300028 KREASI INTI SEJAHTERA                               UNIT KE-1','10203260300031'
'10203260300031','2026-03-26 00:00:00.000','102-001',40632066.740000,0.000000,'101260300028 KREASI INTI SEJAHTERA                               UNIT KE-1','10203260300031'
'10203260300040','2026-03-26 00:00:00.000','102-020',0.000000,211169048.430000,'101260300035 CV. CIPTA MANUNGGAL SAKTI ','10203260300040'
'10203260300040','2026-03-26 00:00:00.000','102-001',211169048.430000,0.000000,'101260300035 CV. CIPTA MANUNGGAL SAKTI ','10203260300040'
'10203260300032','2026-03-26 00:00:00.000','102-020',0.000000,40632066.740000,'101260300029 KREASI INTI SEJAHTERA                              UNIT KE-2','10203260300032'
'10203260300032','2026-03-26 00:00:00.000','102-001',40632066.740000,0.000000,'101260300029 KREASI INTI SEJAHTERA                              UNIT KE-2','10203260300032'
'10203260300033','2026-03-26 00:00:00.000','102-020',0.000000,248222043.640000,'101260300036 U/ PT. KRISTAL TRANSPORTASI INDONESIA KE - 1','10203260300033'
'10203260300033','2026-03-26 00:00:00.000','102-001',248222043.640000,0.000000,'101260300036 U/ PT. KRISTAL TRANSPORTASI INDONESIA KE - 1','10203260300033'
'101KM260300040','2026-03-26 00:00:00.000','102-110',0.000000,1055759.980000,'PT. LINTAS MITRA ANUGERAH SEJATI KE-2/KX-380K 12V/801010632BFAAD005/ISUZU TRAGA/J576722  07054','101KM260300040'
'101KM260300040','2026-03-26 00:00:00.000','102-102',0.000000,139136.250000,'PT. LINTAS MITRA ANUGERAH SEJATI KE-2/KX-380K 12V/801010632BFAAD005/ISUZU TRAGA/J576722  07054','101KM260300040'
'101KM260300035','2026-03-26 00:00:00.000','102-110',0.000000,2362507.340000,'PT. SENTRAS BOX INDONESIA/SV-400 24V/CIM 1091772/CD EURO 4/007233  06979','101KM260300035'
'101KM260300035','2026-03-26 00:00:00.000','102-102',0.000000,166963.500000,'PT. SENTRAS BOX INDONESIA/SV-400 24V/CIM 1091772/CD EURO 4/007233  06979','101KM260300035'
'101KM260300036','2026-03-26 00:00:00.000','102-110',0.000000,1405100.000000,'CV. CIPTA MANUNGGAL SAKTI/T-1080 PRO/CIM 1088560/HINO FL/19643  06965','101KM260300036'
'101KM260300037','2026-03-26 00:00:00.000','102-110',0.000000,2485002.530000,'PT. MITRA KAROSERI INTERNASIONAL/SV-600 24V/CIM 1091060/CD EURO 4/006898  06905','101KM260300037'
'101KM260300037','2026-03-26 00:00:00.000','102-102',0.000000,166963.500000,'PT. MITRA KAROSERI INTERNASIONAL/SV-600 24V/CIM 1091060/CD EURO 4/006898  06905','101KM260300037'
'101KM260300038','2026-03-26 00:00:00.000','102-110',0.000000,1055759.980000,'PT. LINTAS BERSAMA LOGISTIK (WINGS CORP) KE 9/NR-450I 12V/801010644BEFBC016/ISUZU TRAGA/J578747  070','101KM260300038'
'101KM260300038','2026-03-26 00:00:00.000','102-102',0.000000,139136.250000,'PT. LINTAS BERSAMA LOGISTIK (WINGS CORP) KE 9/NR-450I 12V/801010644BEFBC016/ISUZU TRAGA/J578747  070','101KM260300038'
'101KM260300039','2026-03-26 00:00:00.000','102-110',0.000000,1405100.000000,'KRISTAL TRANSPORTASI INDONESIA KE-1/T-1200R/CIM 1091570/HINO FL/17410  07057','101KM260300039'
'101KM260300047','2026-03-26 00:00:00.000','102-101',0.000000,152783.940000,'BPK. TRIYANTO SV-600 24V  07.2603018','101KM260300047'
'101BTB260300027','2026-03-26 00:00:00.000','102-110',2072000.000000,0.000000,'(LOKAL) ALBERT AL3846','101BTB260300027'
'10103260300031','2026-03-26 00:00:00.000','102-001',0.000000,40632066.740000,'TR-UNIT TRUCK THERMO KING','10103260300031'
'10103260300032','2026-03-26 00:00:00.000','102-001',0.000000,40632066.740000,'TR-UNIT TRUCK THERMO KING','10103260300032'
'10103260300040','2026-03-26 00:00:00.000','102-001',0.000000,211169048.430000,'TR-UNIT TRUCK THERMO KING','10103260300040'
'10103260300033','2026-03-26 00:00:00.000','102-001',0.000000,248222043.640000,'TR-UNIT TRUCK THERMO KING','10103260300033'
'10101260300030','2026-03-26 00:00:00.000','102-110',0.000000,763846.820000,'L-LOKAL','10101260300030'
'10101260300030','2026-03-26 00:00:00.000','102-101',0.000000,161575.680000,'TS-SPARE PARTS THERMO KING','10101260300030'
'10101260300030','2026-03-26 00:00:00.000','102-101',0.000000,253459.590000,'TS-SPARE PARTS THERMO KING','10101260300030'
'10101260300030','2026-03-26 00:00:00.000','102-101',0.000000,938994.120000,'TS-SPARE PARTS THERMO KING','10101260300030'
'10101260300030','2026-03-26 00:00:00.000','102-101',0.000000,172178.650000,'TS-SPARE PARTS THERMO KING','10101260300030'
'10101260300031','2026-03-26 00:00:00.000','102-110',0.000000,295457.040000,'L-LOKAL','10101260300031'
'10101260300031','2026-03-26 00:00:00.000','102-110',0.000000,84821.730000,'L-LOKAL','10101260300031'
'10101260300031','2026-03-26 00:00:00.000','102-110',0.000000,93361.220000,'L-LOKAL','10101260300031'
'10101260300031','2026-03-26 00:00:00.000','102-110',0.000000,381111.020000,'L-LOKAL','10101260300031'
'10101260300031','2026-03-26 00:00:00.000','102-101',0.000000,325978.300000,'TS-SPARE PARTS THERMO KING','10101260300031'
'10101260300029','2026-03-26 00:00:00.000','102-110',0.000000,763846.820000,'L-LOKAL','10101260300029'
'10101260300029','2026-03-26 00:00:00.000','102-101',0.000000,172178.650000,'TS-SPARE PARTS THERMO KING','10101260300029'
'10101260300029','2026-03-26 00:00:00.000','102-101',0.000000,161575.680000,'TS-SPARE PARTS THERMO KING','10101260300029'
'101KP260300007','2026-03-27 00:00:00.000','102-101',1149447.000000,0.000000,'INTERN, MUTASI DARI 55-9521  059','101KP260300007'
'10102260300020','2026-03-27 00:00:00.000','102-101',0.000000,300547.850000,'TS-SPARE PARTS THERMO KING','10102260300020'
'10102260300020','2026-03-27 00:00:00.000','102-101',0.000000,3614753.140000,'TS-SPARE PARTS THERMO KING','10102260300020'
'10102260300020','2026-03-27 00:00:00.000','102-101',0.000000,383149.000000,'TS-SPARE PARTS THERMO KING','10102260300020'
'101KM260300041','2026-03-27 00:00:00.000','102-110',0.000000,1405100.000000,'ANUGERAH MITRA LOGISTIK KE-3/T-1080 PRO/CIM 1090972/HINO FL/19705  06872','101KM260300041'
'101KM260300069','2026-03-27 00:00:00.000','102-101',0.000000,1149513.060000,'MUTASI STOCK SPAREPART   KBS2603/015','101KM260300069'
'101KM260300084','2026-03-27 00:00:00.000','102-110',0.000000,2485002.530000,'KREASI SEJUK SARANA/SV-600 24V/CIM 1083714/CD FE 74 LN/009479  07096','101KM260300084'
'101KM260300084','2026-03-27 00:00:00.000','102-102',0.000000,166963.500000,'KREASI SEJUK SARANA/SV-600 24V/CIM 1083714/CD FE 74 LN/009479  07096','101KM260300084'
'101BTB260300025','2026-03-27 00:00:00.000','102-110',2821000.000000,0.000000,'(LOKAL) ALBERT AL7364 ','101BTB260300025'
'101BTB260300026','2026-03-27 00:00:00.000','102-110',4231500.000000,0.000000,'(LOKAL) ALBERT AL9348','101BTB260300026'
'10101260300032','2026-03-27 00:00:00.000','102-110',0.000000,277762.480000,'L-LOKAL','10101260300032'
'10101260300032','2026-03-27 00:00:00.000','102-101',0.000000,12874.000000,'TS-SPARE PARTS THERMO KING','10101260300032'
'10101260300032','2026-03-27 00:00:00.000','102-101',0.000000,58859.570000,'TS-SPARE PARTS THERMO KING','10101260300032'
'10101260300032','2026-03-27 00:00:00.000','102-101',0.000000,938994.120000,'TS-SPARE PARTS THERMO KING','10101260300032'
'10101260300033','2026-03-27 00:00:00.000','102-110',0.000000,933612.150000,'L-LOKAL','10101260300033'
'10101260300033','2026-03-27 00:00:00.000','102-110',0.000000,763846.820000,'L-LOKAL','10101260300033'
'10101260300033','2026-03-27 00:00:00.000','102-101',0.000000,2262454.750000,'TS-SPARE PARTS THERMO KING','10101260300033'
'10101260300033','2026-03-27 00:00:00.000','102-101',0.000000,781413.100000,'TS-SPARE PARTS THERMO KING','10101260300033'
'10101260300033','2026-03-27 00:00:00.000','102-101',0.000000,1890568.660000,'TS-SPARE PARTS THERMO KING','10101260300033'
'10101260300033','2026-03-27 00:00:00.000','102-101',0.000000,938994.120000,'TS-SPARE PARTS THERMO KING','10101260300033'
'10101260300033','2026-03-27 00:00:00.000','102-101',0.000000,1147021.440000,'TS-SPARE PARTS THERMO KING','10101260300033'
'10101260300033','2026-03-27 00:00:00.000','102-101',0.000000,1401598.310000,'TS-SPARE PARTS THERMO KING','10101260300033'
'10101260300033','2026-03-27 00:00:00.000','102-101',0.000000,1494781.790000,'TS-SPARE PARTS THERMO KING','10101260300033'
'10101260300033','2026-03-27 00:00:00.000','102-101',0.000000,172178.650000,'TS-SPARE PARTS THERMO KING','10101260300033'
'10101260300033','2026-03-27 00:00:00.000','102-101',0.000000,190355.420000,'TS-SPARE PARTS THERMO KING','10101260300033'
'10101260300033','2026-03-27 00:00:00.000','102-101',0.000000,161575.680000,'TS-SPARE PARTS THERMO KING','10101260300033'
'10101260300034','2026-03-27 00:00:00.000','102-110',0.000000,763846.820000,'L-LOKAL','10101260300034'
'10101260300034','2026-03-27 00:00:00.000','102-101',0.000000,938994.120000,'TS-SPARE PARTS THERMO KING','10101260300034'
'10101260300034','2026-03-27 00:00:00.000','102-101',0.000000,1305372.950000,'TS-SPARE PARTS THERMO KING','10101260300034'
'10101260300034','2026-03-27 00:00:00.000','102-101',0.000000,1494781.790000,'TS-SPARE PARTS THERMO KING','10101260300034'
'10101260300034','2026-03-27 00:00:00.000','102-101',0.000000,172178.650000,'TS-SPARE PARTS THERMO KING','10101260300034'
'10101260300034','2026-03-27 00:00:00.000','102-101',0.000000,190355.420000,'TS-SPARE PARTS THERMO KING','10101260300034'
'10101260300034','2026-03-27 00:00:00.000','102-101',0.000000,161575.680000,'TS-SPARE PARTS THERMO KING','10101260300034'
'10203260300034','2026-03-30 00:00:00.000','102-020',0.000000,35916332.420000,'101260300033 PT. SENTRAS BOX INDONESIA - SULAWESI BERLIAN MOTOR','10203260300034'
'10203260300034','2026-03-30 00:00:00.000','102-001',35916332.420000,0.000000,'101260300033 PT. SENTRAS BOX INDONESIA - SULAWESI BERLIAN MOTOR','10203260300034'
'10203260300035','2026-03-30 00:00:00.000','102-020',0.000000,211169048.430000,'101260300037 U/ PT. ANUGERAH MITRA LOGISTIK KE - 3','10203260300035'
'10203260300035','2026-03-30 00:00:00.000','102-001',211169048.430000,0.000000,'101260300037 U/ PT. ANUGERAH MITRA LOGISTIK KE - 3','10203260300035'
'10203260300036','2026-03-30 00:00:00.000','102-020',0.000000,40632066.740000,'101260300031 CIPTA LAKSANA ARMADA SELARAS     KE-1','10203260300036'
'10203260300036','2026-03-30 00:00:00.000','102-001',40632066.740000,0.000000,'101260300031 CIPTA LAKSANA ARMADA SELARAS     KE-1','10203260300036'
'10203260300037','2026-03-30 00:00:00.000','102-020',0.000000,40632066.740000,'101260300032 CIPTA LAKSANA ARMADA SELARAS     KE-2','10203260300037'
'10203260300037','2026-03-30 00:00:00.000','102-001',40632066.740000,0.000000,'101260300032 CIPTA LAKSANA ARMADA SELARAS     KE-2','10203260300037'
'10203260300038','2026-03-30 00:00:00.000','102-020',0.000000,51996926.570000,'101260300034 PT. WINSON SINGA LOGISTIK','10203260300038'
'10203260300038','2026-03-30 00:00:00.000','102-001',51996926.570000,0.000000,'101260300034 PT. WINSON SINGA LOGISTIK','10203260300038'
'10102260300022','2026-03-30 00:00:00.000','102-101',0.000000,2607567.580000,'TS-SPARE PARTS THERMO KING','10102260300022'
'10102260300022','2026-03-30 00:00:00.000','102-101',0.000000,1485762.850000,'TS-SPARE PARTS THERMO KING','10102260300022'
'10102260300023','2026-03-30 00:00:00.000','102-101',0.000000,1889975.200000,'TS-SPARE PARTS THERMO KING','10102260300023'
'101KM260300042','2026-03-30 00:00:00.000','102-110',0.000000,1681050.650000,'PT. CIPTA LAKSANA SELARAS/ VCLASS/SV-600 24V/CIM 1083242/ISUZU NMR/J136528  07004','101KM260300042'
'101KM260300042','2026-03-30 00:00:00.000','102-102',0.000000,166963.500000,'PT. CIPTA LAKSANA SELARAS/ VCLASS/SV-600 24V/CIM 1083242/ISUZU NMR/J136528  07004','101KM260300042'
'101KM260300043','2026-03-30 00:00:00.000','102-110',0.000000,1055759.980000,'PT. LINTAS BERSAMA LOGISTIK (WINGS CORP) KE-8/NR-450I 12V/801010644BEFBC042/ISUZU TRAGA/J578750  070','101KM260300043'
'101KM260300043','2026-03-30 00:00:00.000','102-102',0.000000,139136.250000,'PT. LINTAS BERSAMA LOGISTIK (WINGS CORP) KE-8/NR-450I 12V/801010644BEFBC042/ISUZU TRAGA/J578750  070','101KM260300043'
'101KM260300044','2026-03-30 00:00:00.000','102-110',0.000000,2641296.810000,'PT. YAKULT INDONESIA PERSADA DS. JAKARTA 3/FTS-100 12V/011TAM130326/NEW CARRY/J291405  07049','101KM260300044'
'101KM260300044','2026-03-30 00:00:00.000','102-102',0.000000,90467.500000,'PT. YAKULT INDONESIA PERSADA DS. JAKARTA 3/FTS-100 12V/011TAM130326/NEW CARRY/J291405  07049','101KM260300044'
'101KM260300046','2026-03-30 00:00:00.000','102-110',0.000000,300000.020000,'PT. LINTAS BERSAMA LOGISTIK SV-400 12V  07.2603019','101KM260300046'
'101KM260300068','2026-03-30 00:00:00.000','102-110',0.000000,1658467.640000,'PERL. UNIT FTS-100 12V  KBS2603/016','101KM260300068'
'101KM260300083','2026-03-30 00:00:00.000','102-110',0.000000,1055759.980000,'PT. LINTAS MITRA ANUGERAH SEJATI KE-2/KX-380K 12V/801010632BFAAD005/ISUZU TRAGA/J576722  07054','101KM260300083'
'101KM260300083','2026-03-30 00:00:00.000','102-102',0.000000,139136.250000,'PT. LINTAS MITRA ANUGERAH SEJATI KE-2/KX-380K 12V/801010632BFAAD005/ISUZU TRAGA/J576722  07054','101KM260300083'
'101BTB260300031','2026-03-30 00:00:00.000','102-110',1223750.000000,0.000000,'(LOKAL) ALBERT AL3847','101BTB260300031'
'10103260300034','2026-03-30 00:00:00.000','102-001',0.000000,35916332.420000,'TR-UNIT TRUCK THERMO KING','10103260300034'
'10103260300035','2026-03-30 00:00:00.000','102-001',0.000000,211169048.430000,'TR-UNIT TRUCK THERMO KING','10103260300035'
'10103260300036','2026-03-30 00:00:00.000','102-001',0.000000,40632066.740000,'TR-UNIT TRUCK THERMO KING','10103260300036'
'10103260300037','2026-03-30 00:00:00.000','102-001',0.000000,40632066.740000,'TR-UNIT TRUCK THERMO KING','10103260300037'
'10103260300038','2026-03-30 00:00:00.000','102-001',0.000000,51996926.570000,'TR-UNIT TRUCK THERMO KING','10103260300038'
'10101260300035','2026-03-30 00:00:00.000','102-110',0.000000,295457.040000,'L-LOKAL','10101260300035'
'10101260300035','2026-03-30 00:00:00.000','102-110',0.000000,93470.140000,'L-LOKAL','10101260300035'
'10101260300035','2026-03-30 00:00:00.000','102-110',0.000000,41017.740000,'L-LOKAL','10101260300035'
'10101260300035','2026-03-30 00:00:00.000','102-110',0.000000,560167.290000,'L-LOKAL','10101260300035'
'10101260300035','2026-03-30 00:00:00.000','102-110',0.000000,167500.000000,'L-LOKAL','10101260300035'
'10101260300035','2026-03-30 00:00:00.000','102-110',0.000000,915401.510000,'L-LOKAL','10101260300035'
'10101260300035','2026-03-30 00:00:00.000','102-102',0.000000,134340.000000,'TL-SPARE PARTS THERMO KING LOKAL','10101260300035'
'10101260300036','2026-03-30 00:00:00.000','102-110',0.000000,560167.290000,'L-LOKAL','10101260300036'
'10101260300036','2026-03-30 00:00:00.000','102-102',0.000000,44780.000000,'TL-SPARE PARTS THERMO KING LOKAL','10101260300036'
'10101260300036','2026-03-30 00:00:00.000','102-102',0.000000,72462.530000,'TL-SPARE PARTS THERMO KING LOKAL','10101260300036'
'10101260300036','2026-03-30 00:00:00.000','102-101',0.000000,58070.180000,'TS-SPARE PARTS THERMO KING','10101260300036'
'10101260300036','2026-03-30 00:00:00.000','102-101',0.000000,79399.500000,'TS-SPARE PARTS THERMO KING','10101260300036'
'10101260300036','2026-03-30 00:00:00.000','102-101',0.000000,910159.470000,'TS-SPARE PARTS THERMO KING','10101260300036'
'101KP260300008','2026-03-31 00:00:00.000','102-101',100.000000,0.000000,'TRANE INDONESIA  060','101KP260300008'
'101260300038','2026-03-31 00:00:00.000','102-020',27165189.600000,0.000000,'CIM1083388 U/ KAROSERI V-CLASS QQ GBI FOOD ','101260300038'
'101260300038','2026-03-31 00:00:00.000','102-001',0.000000,27165189.600000,'CIM1083388 U/ KAROSERI V-CLASS QQ GBI FOOD ','101260300038'
'10203260300044','2026-03-31 00:00:00.000','102-020',0.000000,34649470.030000,'101260200001 TRI SAMUDRA','10203260300044'
'10203260300044','2026-03-31 00:00:00.000','102-001',34649470.030000,0.000000,'101260200001 TRI SAMUDRA','10203260300044'
'101KM260300045','2026-03-31 00:00:00.000','102-110',0.000000,300010.020000,'CV. CIPTA MANUNGGAL SV-600 24V  07.2603020','101KM260300045'
'101KM260300045','2026-03-31 00:00:00.000','102-101',0.000000,6494476.350000,'CV. CIPTA MANUNGGAL SV-600 24V  07.2603020','101KM260300045'
'101KM260300066','2026-03-31 00:00:00.000','102-102',0.000000,2529750.000000,'PENGGANTIAN PART UNIT T-1200   KBS2603/018','101KM260300066'
'101KM260300066','2026-03-31 00:00:00.000','102-101',0.000000,79758.090000,'PENGGANTIAN PART UNIT T-1200   KBS2603/018','101KM260300066'
'101KM260300067','2026-03-31 00:00:00.000','102-101',0.000000,1099130.860000,'PERL. UNIT SV-600 24V SURYA INDAH   KBS2603/017','101KM260300067'
'101BTB260300023','2026-03-31 00:00:00.000','102-110',4425000.000000,0.000000,'(LOKAL) NUGROHO TEKNIK 052/III/2026/F.NT','101BTB260300023'
'10103260300044','2026-03-31 00:00:00.000','102-001',0.000000,34649470.030000,'TR-UNIT TRUCK THERMO KING','10103260300044'
'10101260300040','2026-03-31 00:00:00.000','102-201',0.000000,49804.820000,'MT-MATERIAL TAMBAHAN','10101260300040'
'10101260300041','2026-03-31 00:00:00.000','102-102',0.000000,1048341.640000,'TL-SPARE PARTS THERMO KING LOKAL','10101260300041'
'10101260300041','2026-03-31 00:00:00.000','102-101',0.000000,325978.300000,'TS-SPARE PARTS THERMO KING','10101260300041'
'10101260300037','2026-03-31 00:00:00.000','102-201',0.000000,49804.820000,'MT-MATERIAL TAMBAHAN','10101260300037'
'10101260300038','2026-03-31 00:00:00.000','102-110',0.000000,84821.730000,'L-LOKAL','10101260300038'
'10101260300038','2026-03-31 00:00:00.000','102-110',0.000000,41017.740000,'L-LOKAL','10101260300038'
'10101260300038','2026-03-31 00:00:00.000','102-110',0.000000,560167.290000,'L-LOKAL','10101260300038'
'10101260300038','2026-03-31 00:00:00.000','102-110',0.000000,316836.740000,'L-LOKAL','10101260300038'
'10101260300038','2026-03-31 00:00:00.000','102-102',0.000000,134340.000000,'TL-SPARE PARTS THERMO KING LOKAL','10101260300038'
'10101260300038','2026-03-31 00:00:00.000','102-102',0.000000,194304.580000,'TL-SPARE PARTS THERMO KING LOKAL','10101260300038'
'10101260300038','2026-03-31 00:00:00.000','102-102',0.000000,318277.520000,'TL-SPARE PARTS THERMO KING LOKAL','10101260300038'
'10101260300038','2026-03-31 00:00:00.000','102-101',0.000000,322851.020000,'TS-SPARE PARTS THERMO KING','10101260300038'
'10101260300038','2026-03-31 00:00:00.000','102-101',0.000000,462580.520000,'TS-SPARE PARTS THERMO KING','10101260300038'
'10101260300038','2026-03-31 00:00:00.000','102-101',0.000000,83137.680000,'TS-SPARE PARTS THERMO KING','10101260300038'
'10101260300038','2026-03-31 00:00:00.000','102-101',0.000000,126088.440000,'TS-SPARE PARTS THERMO KING','10101260300038'
'10101260300038','2026-03-31 00:00:00.000','102-101',0.000000,167439.440000,'TS-SPARE PARTS THERMO KING','10101260300038'
'10101260300038','2026-03-31 00:00:00.000','102-101',0.000000,274559.760000,'TS-SPARE PARTS THERMO KING','10101260300038'
'10101260300043','2026-03-31 00:00:00.000','102-201',0.000000,49804.820000,'MT-MATERIAL TAMBAHAN','10101260300043'
'10101260300043','2026-03-31 00:00:00.000','102-110',0.000000,20000.000000,'L-LOKAL','10101260300043'
'10101260300043','2026-03-31 00:00:00.000','102-101',0.000000,977971.450000,'TS-SPARE PARTS THERMO KING','10101260300043'
'10101260300039','2026-03-31 00:00:00.000','102-201',0.000000,49804.820000,'MT-MATERIAL TAMBAHAN','10101260300039'
'101KP260400009','2026-04-01 00:00:00.000','102-110',14842412.000000,0.000000,'  APR''26','101KP260400009'
'101KP260400010','2026-04-01 00:00:00.000','102-110',3450000.000000,0.000000,'PENYESUAIAN STOCK APRIL 2026  001','101KP260400010'
'101KM260400002','2026-04-01 00:00:00.000','102-110',0.000000,2579814.960000,'PT. YAKULT INDONESIA PERSADA (DS. JAKARTA 3)/FTS-100 12V/012TAM010426/NEW CARRY/J292606  07049','101KM260400002'
'101KM260400002','2026-04-01 00:00:00.000','102-102',0.000000,90467.500000,'PT. YAKULT INDONESIA PERSADA (DS. JAKARTA 3)/FTS-100 12V/012TAM010426/NEW CARRY/J292606  07049','101KM260400002'
'10102260400001','2026-04-01 00:00:00.000','102-110',0.000000,546032.100000,'L-LOKAL','10102260400001'
'10102260400002','2026-04-01 00:00:00.000','102-110',0.000000,1126496.790000,'L-LOKAL','10102260400002'
'10102260400002','2026-04-01 00:00:00.000','102-110',0.000000,665607.180000,'L-LOKAL','10102260400002'
'10102260400002','2026-04-01 00:00:00.000','102-110',0.000000,721110.900000,'L-LOKAL','10102260400002'
'10102260400002','2026-04-01 00:00:00.000','102-110',0.000000,30.000000,'L-LOKAL','10102260400002'
'10102260400003','2026-04-01 00:00:00.000','102-101',0.000000,962510.960000,'TS-SPARE PARTS THERMO KING','10102260400003'
'10102260400004','2026-04-01 00:00:00.000','102-110',0.000000,317071.620000,'L-LOKAL','10102260400004'
'101KM260400074','2026-04-01 00:00:00.000','102-101',0.000000,1294887.980000,'  07.2604001','101KM260400074'
'10101260400001','2026-04-01 00:00:00.000','102-110',0.000000,20.000000,'L-LOKAL','10101260400001'
'10101260400001','2026-04-01 00:00:00.000','102-102',0.000000,131391.000000,'TL-SPARE PARTS THERMO KING LOKAL','10101260400001'
'10101260400001','2026-04-01 00:00:00.000','102-101',0.000000,294626.210000,'TS-SPARE PARTS THERMO KING','10101260400001'
'10101260400002','2026-04-01 00:00:00.000','102-110',0.000000,42912.480000,'L-LOKAL','10101260400002'
'10101260400002','2026-04-01 00:00:00.000','102-110',0.000000,178977.300000,'L-LOKAL','10101260400002'
'10101260400002','2026-04-01 00:00:00.000','102-101',0.000000,10.000000,'TS-SPARE PARTS THERMO KING','10101260400002'
'10101260400002','2026-04-01 00:00:00.000','102-101',0.000000,1170912.270000,'TS-SPARE PARTS THERMO KING','10101260400002'
'101KM260400109','2026-04-01 00:00:00.000','102-110',0.000000,1660415.690000,'  KBS2604/001','101KM260400109'
'101BTB260400002','2026-04-01 00:00:00.000','102-010',2834000.000000,0.000000,'(TOYO UNIT) PT. THERMO ASRI MANDIRI 044/FK-TAM/IV/2026','101BTB260400002'
'101BTB260400003','2026-04-01 00:00:00.000','102-110',660000.000000,0.000000,'(LOKAL) ALBERT AL934','101BTB260400003'
'101BTB260400021','2026-04-02 00:00:00.000','102-201',76000.000000,0.000000,'(MATERIAL TAMBAHAN) H-TECH 16277 ','101BTB260400021'
'101BTB260400021','2026-04-02 00:00:00.000','102-110',2275000.000000,0.000000,'(LOKAL) H-TECH 16277 ','101BTB260400021'
'101BTB260400021','2026-04-02 00:00:00.000','102-101',5250000.000000,0.000000,'(SPARE PARTS THERMO KING) H-TECH 16277 ','101BTB260400021'
'101260400001','2026-04-02 00:00:00.000','102-020',51996926.560000,0.000000,'CIM1091072 SUMBER KREASI SARANA        CEDEA KE-1','101260400001'
'101260400001','2026-04-02 00:00:00.000','102-001',0.000000,51996926.560000,'CIM1091072 SUMBER KREASI SARANA        CEDEA KE-1','101260400001'
'10203260400005','2026-04-02 00:00:00.000','102-020',0.000000,39585996.530000,'101260200059 KRS. SIP','10203260400005'
'10203260400005','2026-04-02 00:00:00.000','102-001',39585996.530000,0.000000,'101260200059 KRS. SIP','10203260400005'
'101KP260400008','2026-04-02 00:00:00.000','102-110',10.000000,0.000000,'INTERN. MUTASI TS.102-1079  004','101KP260400008'
'101KP260400008','2026-04-02 00:00:00.000','102-101',5316288.000000,0.000000,'INTERN. MUTASI TS.102-1079  004','101KP260400008'
'10104260400001','2026-04-02 00:00:00.000','102-110',0.000000,294973.920000,'L-LOKAL','10104260400001'
'10104260400001','2026-04-02 00:00:00.000','102-110',0.000000,1074071.000000,'L-LOKAL','10104260400001'
'10104260400001','2026-04-02 00:00:00.000','102-110',0.000000,1150000.000000,'L-LOKAL','10104260400001'
'10104260400001','2026-04-02 00:00:00.000','102-010',0.000000,2834000.000000,'TYU-TOYO UNIT','10104260400001'
'10203260400010','2026-04-02 00:00:00.000','102-020',0.000000,40632066.740000,'101260300005 INDOSALUYU PRIMAJAYA','10203260400010'
'10203260400010','2026-04-02 00:00:00.000','102-001',40632066.740000,0.000000,'101260300005 INDOSALUYU PRIMAJAYA','10203260400010'
'101KM260400071','2026-04-02 00:00:00.000','102-110',0.000000,315389.020000,'  07.2604004','101KM260400071'
'101KM260400071','2026-04-02 00:00:00.000','102-101',0.000000,1173642.710000,'  07.2604004','101KM260400071'
'101KM260400072','2026-04-02 00:00:00.000','102-110',0.000000,463116.280000,'  07.2604003','101KM260400072'
'10103260400005','2026-04-02 00:00:00.000','102-001',0.000000,39585996.530000,'TR-UNIT TRUCK THERMO KING','10103260400005'
'10101260400003','2026-04-02 00:00:00.000','102-110',0.000000,51638.980000,'L-LOKAL','10101260400003'
'10101260400003','2026-04-02 00:00:00.000','102-110',0.000000,557773.530000,'L-LOKAL','10101260400003'
'10101260400003','2026-04-02 00:00:00.000','102-110',0.000000,317071.620000,'L-LOKAL','10101260400003'
'10101260400003','2026-04-02 00:00:00.000','102-102',0.000000,131391.000000,'TL-SPARE PARTS THERMO KING LOKAL','10101260400003'
'10101260400004','2026-04-02 00:00:00.000','102-101',0.000000,325978.300000,'TS-SPARE PARTS THERMO KING','10101260400004'
'10101260400005','2026-04-02 00:00:00.000','102-110',0.000000,317071.620000,'L-LOKAL','10101260400005'
'10101260400005','2026-04-02 00:00:00.000','102-110',0.000000,50757.910000,'L-LOKAL','10101260400005'
'10101260400005','2026-04-02 00:00:00.000','102-110',0.000000,295340.770000,'L-LOKAL','10101260400005'
'10101260400005','2026-04-02 00:00:00.000','102-110',0.000000,85687.690000,'L-LOKAL','10101260400005'
'10101260400005','2026-04-02 00:00:00.000','102-110',0.000000,40338.200000,'L-LOKAL','10101260400005'
'10101260400005','2026-04-02 00:00:00.000','102-110',0.000000,557773.530000,'L-LOKAL','10101260400005'
'10101260400005','2026-04-02 00:00:00.000','102-102',0.000000,72462.530000,'TL-SPARE PARTS THERMO KING LOKAL','10101260400005'
'10101260400005','2026-04-02 00:00:00.000','102-102',0.000000,131391.000000,'TL-SPARE PARTS THERMO KING LOKAL','10101260400005'
'10101260400005','2026-04-02 00:00:00.000','102-101',0.000000,1490983.880000,'TS-SPARE PARTS THERMO KING','10101260400005'
'10101260400005','2026-04-02 00:00:00.000','102-101',0.000000,5609313.760000,'TS-SPARE PARTS THERMO KING','10101260400005'
'10101260400005','2026-04-02 00:00:00.000','102-101',0.000000,325978.300000,'TS-SPARE PARTS THERMO KING','10101260400005'
'10101260400005','2026-04-02 00:00:00.000','102-101',0.000000,910159.470000,'TS-SPARE PARTS THERMO KING','10101260400005'
'10101260400005','2026-04-02 00:00:00.000','102-101',0.000000,59351.950000,'TS-SPARE PARTS THERMO KING','10101260400005'
'10101260400005','2026-04-02 00:00:00.000','102-101',0.000000,79399.500000,'TS-SPARE PARTS THERMO KING','10101260400005'
'10101260400005','2026-04-02 00:00:00.000','102-101',0.000000,300547.850000,'TS-SPARE PARTS THERMO KING','10101260400005'
'10103260400010','2026-04-02 00:00:00.000','102-001',0.000000,40632066.740000,'TR-UNIT TRUCK THERMO KING','10103260400010'
'101KM260400104','2026-04-02 00:00:00.000','102-110',0.000000,10.000000,'  KBS2603/003A','101KM260400104'
'101KM260400104','2026-04-02 00:00:00.000','102-101',0.000000,5320833.640000,'  KBS2603/003A','101KM260400104'
'101KM260400107','2026-04-02 00:00:00.000','102-110',0.000000,1660415.690000,'  KBS2604/003','101KM260400107'
'101KM260400108','2026-04-02 00:00:00.000','102-102',0.000000,2252700.000000,'  KBS2604/002','101KM260400108'
'101KM260400008','2026-04-04 00:00:00.000','102-110',0.000000,1415900.000000,'KRISTAL TRANSPORTASI INDONESIA KE-2/T-1200R/CIM 1081816/HINO FL/19701  07057','101KM260400008'
'101BTB260400008','2026-04-04 00:00:00.000','102-110',3382000.000000,0.000000,'(LOKAL) MULIA JAYA 8319','101BTB260400008'
'101260400002','2026-04-06 00:00:00.000','102-020',34649470.030000,0.000000,'CIM1084302 SENTRAS BOX INDONESIA - BPK EDWAN','101260400002'
'101260400002','2026-04-06 00:00:00.000','102-001',0.000000,34649470.030000,'CIM1084302 SENTRAS BOX INDONESIA - BPK EDWAN','101260400002'
'10203260400001','2026-04-06 00:00:00.000','102-020',0.000000,27165189.600000,'101260300014 PT. MABA TRANS NUSANTARA','10203260400001'
'10203260400001','2026-04-06 00:00:00.000','102-001',27165189.600000,0.000000,'101260300014 PT. MABA TRANS NUSANTARA','10203260400001'
'10203260400003','2026-04-06 00:00:00.000','102-020',0.000000,40632066.740000,'101260300030 PT. MITRA KAROSERI INTERNASIONAL - MIKROLETTE','10203260400003'
'10203260400003','2026-04-06 00:00:00.000','102-001',40632066.740000,0.000000,'101260300030 PT. MITRA KAROSERI INTERNASIONAL - MIKROLETTE','10203260400003'
'101KM260400003','2026-04-06 00:00:00.000','102-110',0.000000,2470929.180000,'CV. SUMBER KREASI SARANA KE-1/SV-800 24V/CIM 1091072/CD EURO 4/010032  06894','101KM260400003'
'101KM260400003','2026-04-06 00:00:00.000','102-102',0.000000,148678.200000,'CV. SUMBER KREASI SARANA KE-1/SV-800 24V/CIM 1091072/CD EURO 4/010032  06894','101KM260400003'
'101KM260400004','2026-04-06 00:00:00.000','102-110',0.000000,2902180.540000,'PT. ANUGERAH PRIMA SEJAHTERA KE-1/T-1280E/CIM 1080561/HINO FL/20297  06865','101KM260400004'
'101KM260400005','2026-04-06 00:00:00.000','102-110',0.000000,1054909.640000,'PT. SENTRAS BOX INDONESIA/SV-400 12V/CIM 1084302/ISUZU TRAGA/J578548  07005','101KM260400005'
'101KM260400005','2026-04-06 00:00:00.000','102-102',0.000000,123898.500000,'PT. SENTRAS BOX INDONESIA/SV-400 12V/CIM 1084302/ISUZU TRAGA/J578548  07005','101KM260400005'
'10102260400005','2026-04-06 00:00:00.000','102-110',0.000000,2184128.400000,'L-LOKAL','10102260400005'
'101KM260400070','2026-04-06 00:00:00.000','102-101',0.000000,1367706.850000,'  07.2604005','101KM260400070'
'101KM260400067','2026-04-06 00:00:00.000','102-101',0.000000,1305804.390000,'  07.2604008','101KM260400067'
'101KM260400068','2026-04-06 00:00:00.000','102-101',0.000000,400426.620000,'  07.2604007','101KM260400068'
'101KM260400069','2026-04-06 00:00:00.000','102-101',0.000000,1294887.980000,'  07.2604006','101KM260400069'
'10103260400001','2026-04-06 00:00:00.000','102-001',0.000000,27165189.600000,'TR-UNIT TRUCK THERMO KING','10103260400001'
'10103260400003','2026-04-06 00:00:00.000','102-001',0.000000,40632066.740000,'TR-UNIT TRUCK THERMO KING','10103260400003'
'10101260400011','2026-04-06 00:00:00.000','102-110',0.000000,92962.260000,'L-LOKAL','10101260400011'
'10101260400011','2026-04-06 00:00:00.000','102-110',0.000000,763869.150000,'L-LOKAL','10101260400011'
'10101260400011','2026-04-06 00:00:00.000','102-101',0.000000,190355.420000,'TS-SPARE PARTS THERMO KING','10101260400011'
'10101260400011','2026-04-06 00:00:00.000','102-101',0.000000,169591.010000,'TS-SPARE PARTS THERMO KING','10101260400011'
'10101260400011','2026-04-06 00:00:00.000','102-101',0.000000,162565.070000,'TS-SPARE PARTS THERMO KING','10101260400011'
'101KM260400105','2026-04-06 00:00:00.000','102-101',0.000000,2198261.740000,'  KBS2604/005','101KM260400105'
'101KM260400106','2026-04-06 00:00:00.000','102-110',0.000000,10.000000,'  KBS2604/004','101KM260400106'
'10203260400006','2026-04-07 00:00:00.000','102-020',0.000000,27165189.600000,'101260300038 U/ KAROSERI V-CLASS QQ GBI FOOD ','10203260400006'
'10203260400006','2026-04-07 00:00:00.000','102-001',27165189.600000,0.000000,'101260300038 U/ KAROSERI V-CLASS QQ GBI FOOD ','10203260400006'
'10203260400008','2026-04-07 00:00:00.000','102-020',0.000000,35339050.590000,'101260200044 JOGJA BOX','10203260400008'
'10203260400008','2026-04-07 00:00:00.000','102-001',35339050.590000,0.000000,'101260200044 JOGJA BOX','10203260400008'
'10104260400002','2026-04-07 00:00:00.000','102-110',0.000000,294973.920000,'L-LOKAL','10104260400002'
'10104260400002','2026-04-07 00:00:00.000','102-110',0.000000,1074071.000000,'L-LOKAL','10104260400002'
'10104260400002','2026-04-07 00:00:00.000','102-110',0.000000,1150000.000000,'L-LOKAL','10104260400002'
'10104260400002','2026-04-07 00:00:00.000','102-010',0.000000,2834000.000000,'TYU-TOYO UNIT','10104260400002'
'10102260400006','2026-04-07 00:00:00.000','102-101',0.000000,799315.640000,'TS-SPARE PARTS THERMO KING','10102260400006'
'101KM260400064','2026-04-07 00:00:00.000','102-101',0.000000,1305804.390000,'  07.2604011','101KM260400064'
'101KM260400065','2026-04-07 00:00:00.000','102-101',0.000000,1294887.980000,'  07.2604010','101KM260400065'
'101KM260400066','2026-04-07 00:00:00.000','102-101',0.000000,1305804.390000,'  07.2604009','101KM260400066'
'10103260400006','2026-04-07 00:00:00.000','102-001',0.000000,27165189.600000,'TR-UNIT TRUCK THERMO KING','10103260400006'
'10103260400008','2026-04-07 00:00:00.000','102-001',0.000000,35339050.590000,'TR-UNIT TRUCK THERMO KING','10103260400008'
'10101260400013','2026-04-07 00:00:00.000','102-110',0.000000,763869.150000,'L-LOKAL','10101260400013'
'10101260400013','2026-04-07 00:00:00.000','102-101',0.000000,169591.010000,'TS-SPARE PARTS THERMO KING','10101260400013'
'10101260400013','2026-04-07 00:00:00.000','102-101',0.000000,162565.070000,'TS-SPARE PARTS THERMO KING','10101260400013'
'101BTB260400001','2026-04-07 00:00:00.000','102-110',8700000.000000,0.000000,'(LOKAL) ALBERT AL3796','101BTB260400001'
'101BTB260400022','2026-04-08 00:00:00.000','102-110',100000.000000,0.000000,'(LOKAL) KARYA ABADI PER (000514)','101BTB260400022'
'200410126040047','2026-04-08 00:00:00.000','102-601',12149000.000000,0.000000,'BM/PIB.000043/TK.001-002',
'101260400008','2026-04-08 00:00:00.000','102-020',51996926.560000,0.000000,'CIM1091070 PT. ANTHONY JAYA  PERKASA                UNIT KE -4','101260400008'
'101260400008','2026-04-08 00:00:00.000','102-001',0.000000,51996926.560000,'CIM1091070 PT. ANTHONY JAYA  PERKASA                UNIT KE -4','101260400008'
'101260400007','2026-04-08 00:00:00.000','102-020',51996926.560000,0.000000,'CIM1091069 PT. ANTHONY JAYA PERKASA                UNIT KE-3','101260400007'
'101260400007','2026-04-08 00:00:00.000','102-001',0.000000,51996926.560000,'CIM1091069 PT. ANTHONY JAYA PERKASA                UNIT KE-3','101260400007'
'101260400006','2026-04-08 00:00:00.000','102-020',51996926.560000,0.000000,'CIM1091068 PT. ANTHONY JAYA PERKASA                      UNIT KE-2','101260400006'
'101260400006','2026-04-08 00:00:00.000','102-001',0.000000,51996926.560000,'CIM1091068 PT. ANTHONY JAYA PERKASA                      UNIT KE-2','101260400006'
'101260400005','2026-04-08 00:00:00.000','102-020',51996926.560000,0.000000,'CIM1091067 PT. ANTHONY JAYA PERKASA                    UNIT KE-1','101260400005'
'101260400005','2026-04-08 00:00:00.000','102-001',0.000000,51996926.560000,'CIM1091067 PT. ANTHONY JAYA PERKASA                    UNIT KE-1','101260400005'
'101260400004','2026-04-08 00:00:00.000','102-020',248222043.640000,0.000000,'CIM1091571 BORNEO MONSTER LAUT ','101260400004'
'101260400004','2026-04-08 00:00:00.000','102-001',0.000000,248222043.640000,'CIM1091571 BORNEO MONSTER LAUT ','101260400004'
'101260400003','2026-04-08 00:00:00.000','102-020',40632066.740000,0.000000,'CIM1083248 CV. BOGOR KIAT SARANA ','101260400003'
'101260400003','2026-04-08 00:00:00.000','102-001',0.000000,40632066.740000,'CIM1083248 CV. BOGOR KIAT SARANA ','101260400003'
'10203260400002','2026-04-08 00:00:00.000','102-020',0.000000,39585996.530000,'101260200014 U/ CARLOSINDO UTAMA','10203260400002'
'10203260400002','2026-04-08 00:00:00.000','102-001',39585996.530000,0.000000,'101260200014 U/ CARLOSINDO UTAMA','10203260400002'
'10203260400004','2026-04-08 00:00:00.000','102-020',0.000000,39585996.530000,'101260200004 MULTITRILOKA CEMERLANG       UNIT KE-1','10203260400004'
'10203260400004','2026-04-08 00:00:00.000','102-001',39585996.530000,0.000000,'101260200004 MULTITRILOKA CEMERLANG       UNIT KE-1','10203260400004'
'10203260400007','2026-04-08 00:00:00.000','102-020',0.000000,34649470.030000,'101251200059 KREASI SEJUK SARANA -               YAYASAN DERMA','10203260400007'
'10203260400007','2026-04-08 00:00:00.000','102-001',34649470.030000,0.000000,'101251200059 KREASI SEJUK SARANA -               YAYASAN DERMA','10203260400007'
'10104260400003','2026-04-08 00:00:00.000','102-110',0.000000,294973.920000,'L-LOKAL','10104260400003'
'10104260400003','2026-04-08 00:00:00.000','102-110',0.000000,1074071.000000,'L-LOKAL','10104260400003'
'10104260400003','2026-04-08 00:00:00.000','102-110',0.000000,1150000.000000,'L-LOKAL','10104260400003'
'10104260400003','2026-04-08 00:00:00.000','102-010',0.000000,2834000.000000,'TYU-TOYO UNIT','10104260400003'
'10203260400013','2026-04-08 00:00:00.000','102-020',0.000000,51996926.560000,'101260400001 SUMBER KREASI SARANA        CEDEA KE-1','10203260400013'
'10203260400013','2026-04-08 00:00:00.000','102-001',51996926.560000,0.000000,'101260400001 SUMBER KREASI SARANA        CEDEA KE-1','10203260400013'
'10203260400014','2026-04-08 00:00:00.000','102-020',0.000000,27165189.600000,'101260200002 ANTIKA RAYA','10203260400014'
'10203260400014','2026-04-08 00:00:00.000','102-001',27165189.600000,0.000000,'101260200002 ANTIKA RAYA','10203260400014'
'101KM260400006','2026-04-08 00:00:00.000','102-110',0.000000,2470929.180000,'BOGOR KIAT SARANA KE-1/SV-600 24V/CIM 1083248/CD EURO 4/002314  07059','101KM260400006'
'101KM260400006','2026-04-08 00:00:00.000','102-102',0.000000,148678.200000,'BOGOR KIAT SARANA KE-1/SV-600 24V/CIM 1083248/CD EURO 4/002314  07059','101KM260400006'
'10102260400007','2026-04-08 00:00:00.000','102-101',0.000000,3907065.500000,'TS-SPARE PARTS THERMO KING','10102260400007'
'10103260400002','2026-04-08 00:00:00.000','102-001',0.000000,39585996.530000,'TR-UNIT TRUCK THERMO KING','10103260400002'
'10103260400004','2026-04-08 00:00:00.000','102-001',0.000000,39585996.530000,'TR-UNIT TRUCK THERMO KING','10103260400004'
'10103260400007','2026-04-08 00:00:00.000','102-001',0.000000,34649470.030000,'TR-UNIT TRUCK THERMO KING','10103260400007'
'10103260400013','2026-04-08 00:00:00.000','102-001',0.000000,51996926.560000,'TR-UNIT TRUCK THERMO KING','10103260400013'
'10103260400014','2026-04-08 00:00:00.000','102-001',0.000000,27165189.600000,'TR-UNIT TRUCK THERMO KING','10103260400014'
'10101260400015','2026-04-08 00:00:00.000','102-110',0.000000,295340.770000,'L-LOKAL','10101260400015'
'10101260400015','2026-04-08 00:00:00.000','102-110',0.000000,88054.100000,'L-LOKAL','10101260400015'
'101KM260400102','2026-04-08 00:00:00.000','102-101',0.000000,1401598.310000,'  KBS2604/007','101KM260400102'
'10101260400016','2026-04-08 00:00:00.000','102-110',0.000000,915401.510000,'L-LOKAL','10101260400016'
'10101260400016','2026-04-08 00:00:00.000','102-110',0.000000,317071.620000,'L-LOKAL','10101260400016'
'10101260400016','2026-04-08 00:00:00.000','102-110',0.000000,93470.140000,'L-LOKAL','10101260400016'
'10101260400016','2026-04-08 00:00:00.000','102-110',0.000000,40338.200000,'L-LOKAL','10101260400016'
'10101260400016','2026-04-08 00:00:00.000','102-110',0.000000,557773.530000,'L-LOKAL','10101260400016'
'10101260400016','2026-04-08 00:00:00.000','102-110',0.000000,167500.000000,'L-LOKAL','10101260400016'
'10101260400016','2026-04-08 00:00:00.000','102-102',0.000000,131391.000000,'TL-SPARE PARTS THERMO KING LOKAL','10101260400016'
'10101260400017','2026-04-08 00:00:00.000','102-110',0.000000,40338.200000,'L-LOKAL','10101260400017'
'10101260400017','2026-04-08 00:00:00.000','102-110',0.000000,557773.530000,'L-LOKAL','10101260400017'
'10101260400017','2026-04-08 00:00:00.000','102-102',0.000000,131391.000000,'TL-SPARE PARTS THERMO KING LOKAL','10101260400017'
'10101260400017','2026-04-08 00:00:00.000','102-101',0.000000,910159.470000,'TS-SPARE PARTS THERMO KING','10101260400017'
'101KM260400103','2026-04-08 00:00:00.000','102-101',0.000000,5666666.660000,'  KBS2604/006','101KM260400103'
'101BTB260400007','2026-04-08 00:00:00.000','102-110',4144000.000000,0.000000,'(LOKAL) ALBERT AL3847','101BTB260400007'
'101260400009','2026-04-09 00:00:00.000','102-020',40632066.740000,0.000000,'CIM1083240 CV. KREASI INTI SEJAHTERA ','101260400009'
'101260400009','2026-04-09 00:00:00.000','102-001',0.000000,40632066.740000,'CIM1083240 CV. KREASI INTI SEJAHTERA ','101260400009'
'101BTB260400011','2026-04-09 00:00:00.000','102-101',11300000.000000,0.000000,'(SPARE PARTS THERMO KING) MULIA JAYA 737','101BTB260400011'
'101BTB260400012','2026-04-09 00:00:00.000','102-102',8600000.000000,0.000000,'(SPARE PARTS THERMO KING LOKAL) AMARI INTI ROYAL (AIR926040448)','101BTB260400012'
'101BTB260400013','2026-04-09 00:00:00.000','102-101',235122074.810000,0.000000,'(SPARE PARTS THERMO KING) TK.002-170425, TK.009-221025, TK.001-070126, TK.002-130226 INV.1305352953','101BTB260400013'
'101KP260400007','2026-04-09 00:00:00.000','102-110',314286.000000,0.000000,'SERASI AUTORAYA  019','101KP260400007'
'10203260400009','2026-04-09 00:00:00.000','102-020',0.000000,34649470.030000,'101260400002 SENTRAS BOX INDONESIA - BPK EDWAN','10203260400009'
'10203260400009','2026-04-09 00:00:00.000','102-001',34649470.030000,0.000000,'101260400002 SENTRAS BOX INDONESIA - BPK EDWAN','10203260400009'
'101KM260400007','2026-04-09 00:00:00.000','102-110',0.000000,2470929.180000,'KREASI INTI SEJAHTERA/SV-600 24V/CIM 1083240/FE84 GSN/002577  07065','101KM260400007'
'101KM260400007','2026-04-09 00:00:00.000','102-102',0.000000,148678.200000,'KREASI INTI SEJAHTERA/SV-600 24V/CIM 1083240/FE84 GSN/002577  07065','101KM260400007'
'101KM260400061','2026-04-09 00:00:00.000','102-110',0.000000,0.000000,'  07.2604014','101KM260400061'
'101KM260400062','2026-04-09 00:00:00.000','102-101',0.000000,1305804.390000,'  07.2604013','101KM260400062'
'101KM260400063','2026-04-09 00:00:00.000','102-101',0.000000,1305804.390000,'  07.2604012','101KM260400063'
'101KM260400098','2026-04-09 00:00:00.000','102-110',0.000000,9.720000,'  KBS2604/011','101KM260400098'
'101KM260400099','2026-04-09 00:00:00.000','102-110',0.000000,9.720000,'  KBS2604/010','101KM260400099'
'10103260400009','2026-04-09 00:00:00.000','102-001',0.000000,34649470.030000,'TR-UNIT TRUCK THERMO KING','10103260400009'
'101KM260400100','2026-04-09 00:00:00.000','102-110',0.000000,40.000000,'  KBS2604/09','101KM260400100'
'10101260400020','2026-04-09 00:00:00.000','102-110',0.000000,763869.150000,'L-LOKAL','10101260400020'
'10101260400020','2026-04-09 00:00:00.000','102-101',0.000000,1494781.790000,'TS-SPARE PARTS THERMO KING','10101260400020'
'10101260400020','2026-04-09 00:00:00.000','102-101',0.000000,169591.010000,'TS-SPARE PARTS THERMO KING','10101260400020'
'10101260400020','2026-04-09 00:00:00.000','102-101',0.000000,162565.070000,'TS-SPARE PARTS THERMO KING','10101260400020'
'101KM260400101','2026-04-09 00:00:00.000','102-101',0.000000,22951946.700000,'  KBS2604/08','101KM260400101'
'10101260400021','2026-04-09 00:00:00.000','102-110',0.000000,763869.150000,'L-LOKAL','10101260400021'
'10101260400021','2026-04-09 00:00:00.000','102-101',0.000000,1276924.510000,'TS-SPARE PARTS THERMO KING','10101260400021'
'10101260400021','2026-04-09 00:00:00.000','102-101',0.000000,169591.010000,'TS-SPARE PARTS THERMO KING','10101260400021'
'10101260400021','2026-04-09 00:00:00.000','102-101',0.000000,190355.420000,'TS-SPARE PARTS THERMO KING','10101260400021'
'10101260400021','2026-04-09 00:00:00.000','102-101',0.000000,162565.070000,'TS-SPARE PARTS THERMO KING','10101260400021'
'10101260400022','2026-04-09 00:00:00.000','102-110',0.000000,10.000000,'L-LOKAL','10101260400022'
'10101260400023','2026-04-09 00:00:00.000','102-110',0.000000,10.000000,'L-LOKAL','10101260400023'
'10101260400024','2026-04-09 00:00:00.000','102-110',0.000000,40338.200000,'L-LOKAL','10101260400024'
'10101260400024','2026-04-09 00:00:00.000','102-110',0.000000,371849.020000,'L-LOKAL','10101260400024'
'10101260400024','2026-04-09 00:00:00.000','102-110',0.000000,167500.000000,'L-LOKAL','10101260400024'
'10101260400024','2026-04-09 00:00:00.000','102-110',0.000000,915401.510000,'L-LOKAL','10101260400024'
'10101260400024','2026-04-09 00:00:00.000','102-102',0.000000,131391.000000,'TL-SPARE PARTS THERMO KING LOKAL','10101260400024'
'10101260400019','2026-04-09 00:00:00.000','102-201',0.000000,49817.930000,'MT-MATERIAL TAMBAHAN','10101260400019'
'10101260400019','2026-04-09 00:00:00.000','102-110',0.000000,371849.020000,'L-LOKAL','10101260400019'
'10101260400019','2026-04-09 00:00:00.000','102-110',0.000000,317071.620000,'L-LOKAL','10101260400019'
'10101260400019','2026-04-09 00:00:00.000','102-102',0.000000,43797.000000,'TL-SPARE PARTS THERMO KING LOKAL','10101260400019'
'1012604FR05001','2026-04-09 00:00:00.000','102-601',0.000000,13328000.000000,'(SPARE PARTS THERMO KING) TK.002-130226, TK.001-070126 INV.1305352953','1012604FR05001'
'1012604FR05001','2026-04-09 00:00:00.000','102-101',13328000.000000,0.000000,'(Ekspedisi : SPARE PARTS THERMO KING) TK.002-130226, TK.001-070126 INV.1305352953','1012604FR05001'
'101BTB260400010','2026-04-10 00:00:00.000','102-110',5200000.000000,0.000000,'(LOKAL) PT. THERMO ASRI MADIRI 050/FK-TAM/IV/2025','101BTB260400010'
'101260400010','2026-04-10 00:00:00.000','102-020',248222043.640000,0.000000,'CIM1081816 KRISTAL TRANSPORTASI INDONESIA                           UNIT KE-2','101260400010'
'101260400010','2026-04-10 00:00:00.000','102-001',0.000000,248222043.640000,'CIM1081816 KRISTAL TRANSPORTASI INDONESIA                           UNIT KE-2','101260400010'
'10203260400011','2026-04-10 00:00:00.000','102-020',0.000000,40632066.740000,'101260400009 CV. KREASI INTI SEJAHTERA ','10203260400011'
'10203260400011','2026-04-10 00:00:00.000','102-001',40632066.740000,0.000000,'101260400009 CV. KREASI INTI SEJAHTERA ','10203260400011'
'10203260400018','2026-04-10 00:00:00.000','102-020',0.000000,40632066.740000,'101260400003 CV. BOGOR KIAT SARANA ','10203260400018'
'10203260400018','2026-04-10 00:00:00.000','102-001',40632066.740000,0.000000,'101260400003 CV. BOGOR KIAT SARANA ','10203260400018'
'10102260400008','2026-04-10 00:00:00.000','102-101',0.000000,294626.210000,'TS-SPARE PARTS THERMO KING','10102260400008'
'10102260400008','2026-04-10 00:00:00.000','102-101',0.000000,283750.000000,'TS-SPARE PARTS THERMO KING','10102260400008'
'10102260400008','2026-04-10 00:00:00.000','102-101',0.000000,536664.460000,'TS-SPARE PARTS THERMO KING','10102260400008'
'101KM260400060','2026-04-10 00:00:00.000','102-101',0.000000,12765653.350000,'  07.2604015','101KM260400060'
'101KM260400057','2026-04-10 00:00:00.000','102-110',0.000000,315379.020000,'  07.2604018','101KM260400057'
'101KM260400057','2026-04-10 00:00:00.000','102-101',0.000000,5218829.030000,'  07.2604018','101KM260400057'
'101KM260400058','2026-04-10 00:00:00.000','102-101',0.000000,400426.620000,'  07.2604017','101KM260400058'
'101KM260400059','2026-04-10 00:00:00.000','102-110',0.000000,315379.020000,'  07.2604016','101KM260400059'
'10103260400011','2026-04-10 00:00:00.000','102-001',0.000000,40632066.740000,'TR-UNIT TRUCK THERMO KING','10103260400011'
'10103260400018','2026-04-10 00:00:00.000','102-001',0.000000,40632066.740000,'TR-UNIT TRUCK THERMO KING','10103260400018'
'10102260400009','2026-04-11 00:00:00.000','102-101',0.000000,171925.160000,'TS-SPARE PARTS THERMO KING','10102260400009'
'10102260400009','2026-04-11 00:00:00.000','102-101',0.000000,653270.540000,'TS-SPARE PARTS THERMO KING','10102260400009'
'101260400014','2026-04-13 00:00:00.000','102-020',51996926.560000,0.000000,'CIM1091071 PT. MEGA INDO LOGISTIK                           UNIT KE-1','101260400014'
'101260400014','2026-04-13 00:00:00.000','102-001',0.000000,51996926.560000,'CIM1091071 PT. MEGA INDO LOGISTIK                           UNIT KE-1','101260400014'
'101260400013','2026-04-13 00:00:00.000','102-020',40632066.740000,0.000000,'CIM1083249 CV. BOGOR KIAT SARANA                              UNIT KE-2','101260400013'
'101260400013','2026-04-13 00:00:00.000','102-001',0.000000,40632066.740000,'CIM1083249 CV. BOGOR KIAT SARANA                              UNIT KE-2','101260400013'
'101260400012','2026-04-13 00:00:00.000','102-020',27165189.600000,0.000000,'CIM1083380 PT. INDOTHERMO CEMERLANG','101260400012'
'101260400012','2026-04-13 00:00:00.000','102-001',0.000000,27165189.600000,'CIM1083380 PT. INDOTHERMO CEMERLANG','101260400012'
'101260400011','2026-04-13 00:00:00.000','102-020',248222043.640000,0.000000,'CIM1091575 PT. KRISTAL TRANSPORTASI INDONESIA                        UNIT KE-1','101260400011'
'101260400011','2026-04-13 00:00:00.000','102-001',0.000000,248222043.640000,'CIM1091575 PT. KRISTAL TRANSPORTASI INDONESIA                        UNIT KE-1','101260400011'
'101KP260400001','2026-04-13 00:00:00.000','102-110',5000000.000000,0.000000,'PEMBELIAN DARI THERMO ASRI MASYUR  TAM/101/04/2026','101KP260400001'
'101KP260400001','2026-04-13 00:00:00.000','102-016',11000000.000000,0.000000,'PEMBELIAN DARI THERMO ASRI MASYUR  TAM/101/04/2026','101KP260400001'
'10203260400012','2026-04-13 00:00:00.000','102-020',0.000000,248222043.640000,'101260400010 KRISTAL TRANSPORTASI INDONESIA                           UNIT KE-2','10203260400012'
'10203260400012','2026-04-13 00:00:00.000','102-001',248222043.640000,0.000000,'101260400010 KRISTAL TRANSPORTASI INDONESIA                           UNIT KE-2','10203260400012'
'101KM260400009','2026-04-13 00:00:00.000','102-110',0.000000,2204642.050000,'KRISTAL TRANSPORTASI INDONESIA KE-1/T-1200R/CIM 1091575/HINO FL/19704  07058','101KM260400009'
'101KM260400010','2026-04-13 00:00:00.000','102-110',0.000000,1054909.640000,'PT. INDOTHERMO CEMERLANG/RV-300 12V/CIM 1083380/ISUZU TRAGA/J579626  06943','101KM260400010'
'101KM260400010','2026-04-13 00:00:00.000','102-102',0.000000,123898.500000,'PT. INDOTHERMO CEMERLANG/RV-300 12V/CIM 1083380/ISUZU TRAGA/J579626  06943','101KM260400010'
'10102260400010','2026-04-13 00:00:00.000','102-102',0.000000,900000.000000,'TL-SPARE PARTS THERMO KING LOKAL','10102260400010'
'10203260400047','2026-04-13 00:00:00.000','102-020',0.000000,50595413.020000,'101260200063 DAPUR BOGA NUSANTARA ','10203260400047'
'10203260400047','2026-04-13 00:00:00.000','102-001',50595413.020000,0.000000,'101260200063 DAPUR BOGA NUSANTARA ','10203260400047'
'10102260400011','2026-04-13 00:00:00.000','102-101',0.000000,2553849.020000,'TS-SPARE PARTS THERMO KING','10102260400011'
'10102260400011','2026-04-13 00:00:00.000','102-101',0.000000,2689620.440000,'TS-SPARE PARTS THERMO KING','10102260400011'
'10102260400012','2026-04-13 00:00:00.000','102-101',0.000000,1170912.270000,'TS-SPARE PARTS THERMO KING','10102260400012'
'10102260400013','2026-04-13 00:00:00.000','102-101',0.000000,3467732.870000,'TS-SPARE PARTS THERMO KING','10102260400013'
'101KM260400052','2026-04-13 00:00:00.000','102-101',0.000000,1367706.850000,'  07.2604023','101KM260400052'
'101KM260400053','2026-04-13 00:00:00.000','102-102',0.000000,300000.000000,'  07.2604022','101KM260400053'
'101KM260400053','2026-04-13 00:00:00.000','102-101',0.000000,10791143.950000,'  07.2604022','101KM260400053'
'101KM260400054','2026-04-13 00:00:00.000','102-102',0.000000,140335.330000,'  07.2604021','101KM260400054'
'101KM260400055','2026-04-13 00:00:00.000','102-101',0.000000,1103818.370000,'  07.2604020','101KM260400055'
'101KM260400056','2026-04-13 00:00:00.000','102-110',0.000000,381111.020000,'  07.2604019','101KM260400056'
'101KM260400056','2026-04-13 00:00:00.000','102-101',0.000000,2497907.650000,'  07.2604019','101KM260400056'
'10103260400012','2026-04-13 00:00:00.000','102-001',0.000000,248222043.640000,'TR-UNIT TRUCK THERMO KING','10103260400012'
'10101260400025','2026-04-13 00:00:00.000','102-110',0.000000,763869.150000,'L-LOKAL','10101260400025'
'10101260400025','2026-04-13 00:00:00.000','102-101',0.000000,162565.070000,'TS-SPARE PARTS THERMO KING','10101260400025'
'10101260400025','2026-04-13 00:00:00.000','102-101',0.000000,169591.010000,'TS-SPARE PARTS THERMO KING','10101260400025'
'10101260400026','2026-04-13 00:00:00.000','102-110',0.000000,763869.150000,'L-LOKAL','10101260400026'
'10101260400026','2026-04-13 00:00:00.000','102-101',0.000000,169591.010000,'TS-SPARE PARTS THERMO KING','10101260400026'
'10101260400026','2026-04-13 00:00:00.000','102-101',0.000000,162565.070000,'TS-SPARE PARTS THERMO KING','10101260400026'
'10101260400027','2026-04-13 00:00:00.000','102-201',0.000000,49817.930000,'MT-MATERIAL TAMBAHAN','10101260400027'
'10101260400027','2026-04-13 00:00:00.000','102-110',0.000000,208824.070000,'L-LOKAL','10101260400027'
'10101260400027','2026-04-13 00:00:00.000','102-110',0.000000,40338.200000,'L-LOKAL','10101260400027'
'10101260400027','2026-04-13 00:00:00.000','102-110',0.000000,557773.530000,'L-LOKAL','10101260400027'
'10101260400027','2026-04-13 00:00:00.000','102-110',0.000000,317071.620000,'L-LOKAL','10101260400027'
'10101260400027','2026-04-13 00:00:00.000','102-102',0.000000,131391.000000,'TL-SPARE PARTS THERMO KING LOKAL','10101260400027'
'10101260400027','2026-04-13 00:00:00.000','102-102',0.000000,1048341.650000,'TL-SPARE PARTS THERMO KING LOKAL','10101260400027'
'10101260400027','2026-04-13 00:00:00.000','102-101',0.000000,325978.300000,'TS-SPARE PARTS THERMO KING','10101260400027'
'10101260400028','2026-04-13 00:00:00.000','102-110',0.000000,929622.550000,'L-LOKAL','10101260400028'
'10103260400047','2026-04-13 00:00:00.000','102-110',0.000000,5000000.000000,'L-LOKAL','10103260400047'
'10103260400047','2026-04-13 00:00:00.000','102-016',0.000000,11000000.000000,'FUS-UNIT','10103260400047'
'10103260400047','2026-04-13 00:00:00.000','102-001',0.000000,50595413.020000,'TR-UNIT TRUCK THERMO KING','10103260400047'
'101BTB260400005','2026-04-13 00:00:00.000','102-110',12000000.000000,0.000000,'(LOKAL) LESTARI MACHINERY 04/IV/2026-F','101BTB260400005'
'101BTB260400015','2026-04-14 00:00:00.000','102-110',17567568.000000,0.000000,'(LOKAL) PT. GUNUNGES TIGA BELAS FI/GI3/26/04/01074','101BTB260400015'
'200410126040093','2026-04-14 00:00:00.000','102-601',9967200.000000,0.000000,'LS/TK.SUM601A',
'101BTB260400019','2026-04-14 00:00:00.000','102-110',915000.000000,0.000000,'(LOKAL) ALBERT AL4927','101BTB260400019'
'101260400019','2026-04-14 00:00:00.000','102-020',27165189.600000,0.000000,'CIM1083381 U/ CARLOSINDO UTAMA KE - 4 ','101260400019'
'101260400019','2026-04-14 00:00:00.000','102-001',0.000000,27165189.600000,'CIM1083381 U/ CARLOSINDO UTAMA KE - 4 ','101260400019'
'101260400018','2026-04-14 00:00:00.000','102-020',27165189.600000,0.000000,'CIM1083375 U/ CARLOSINDO UTAMA KE - 3 ','101260400018'
'101260400018','2026-04-14 00:00:00.000','102-001',0.000000,27165189.600000,'CIM1083375 U/ CARLOSINDO UTAMA KE - 3 ','101260400018'
'101260400017','2026-04-14 00:00:00.000','102-020',27165189.600000,0.000000,'CIM1083374 U/ CARLOSINDO UTAMA KE - 2','101260400017'
'101260400017','2026-04-14 00:00:00.000','102-001',0.000000,27165189.600000,'CIM1083374 U/ CARLOSINDO UTAMA KE - 2','101260400017'
'101260400016','2026-04-14 00:00:00.000','102-020',27165189.600000,0.000000,'CIM1083372 U/ CARLOSINDO UTAMA KE - 1','101260400016'
'101260400016','2026-04-14 00:00:00.000','102-001',0.000000,27165189.600000,'CIM1083372 U/ CARLOSINDO UTAMA KE - 1','101260400016'
'101BTB260400039','2026-04-14 00:00:00.000','102-103',992310.000000,0.000000,'(SPARE PART NORDIC) PT. SEJUK SEJAHTERA SENTOSA 3S05.2604004','101BTB260400039'
'101260400015','2026-04-14 00:00:00.000','102-020',35916332.420000,0.000000,'CIM1091777 U/ CARLOSINDO UTAMA','101260400015'
'101260400015','2026-04-14 00:00:00.000','102-001',0.000000,35916332.420000,'CIM1091777 U/ CARLOSINDO UTAMA','101260400015'
'101260400022','2026-04-14 00:00:00.000','102-020',211169048.430000,0.000000,'CIM1090968 U/ CV. BOGOR KIAT SARANA ','101260400022'
'101260400022','2026-04-14 00:00:00.000','102-001',0.000000,211169048.430000,'CIM1090968 U/ CV. BOGOR KIAT SARANA ','101260400022'
'101260400021','2026-04-14 00:00:00.000','102-020',211169048.430000,0.000000,'CIM1090967 U/ PT. METRO MOTOR KE - 1','101260400021'
'101260400021','2026-04-14 00:00:00.000','102-001',0.000000,211169048.430000,'CIM1090967 U/ PT. METRO MOTOR KE - 1','101260400021'
'101260400020','2026-04-14 00:00:00.000','102-020',27165189.600000,0.000000,'CIM1083382 U/ CARLOSINDO UTAMA KE - 5 ','101260400020'
'101260400020','2026-04-14 00:00:00.000','102-001',0.000000,27165189.600000,'CIM1083382 U/ CARLOSINDO UTAMA KE - 5 ','101260400020'
'101KP260400003','2026-04-14 00:00:00.000','102-110',100.000000,0.000000,'INTERN,  034','101KP260400003'
'10203260400016','2026-04-14 00:00:00.000','102-020',0.000000,248222043.640000,'101260400011 PT. KRISTAL TRANSPORTASI INDONESIA                        UNIT KE-1','10203260400016'
'10203260400016','2026-04-14 00:00:00.000','102-001',248222043.640000,0.000000,'101260400011 PT. KRISTAL TRANSPORTASI INDONESIA                        UNIT KE-1','10203260400016'
'101KM260400011','2026-04-14 00:00:00.000','102-110',0.000000,2470929.180000,'PT. MEGA INDO LOGISTIK KE-1/SV-800 24V/CIM 1091071/CD EURO 4/010176  06895','101KM260400011'
'101KM260400011','2026-04-14 00:00:00.000','102-102',0.000000,148678.200000,'PT. MEGA INDO LOGISTIK KE-1/SV-800 24V/CIM 1091071/CD EURO 4/010176  06895','101KM260400011'
'101KM260400012','2026-04-14 00:00:00.000','102-110',0.000000,1415900.000000,'BOGOR KIAT SARANA/T-1080 PRO/CIM 1090968/FIGHTER/000062  07060','101KM260400012'
'10102260400014','2026-04-14 00:00:00.000','102-101',0.000000,2917481.880000,'TS-SPARE PARTS THERMO KING','10102260400014'
'101KM260400095','2026-04-14 00:00:00.000','102-110',0.000000,50.000000,'  KBS2604/014','101KM260400095'
'101KM260400096','2026-04-14 00:00:00.000','102-110',0.000000,10.000000,'  KBS2604/013','101KM260400096'
'101KM260400097','2026-04-14 00:00:00.000','102-110',0.000000,9.720000,'  KBS2604/012','101KM260400097'
'10103260400016','2026-04-14 00:00:00.000','102-001',0.000000,248222043.640000,'TR-UNIT TRUCK THERMO KING','10103260400016'
'10101260400030','2026-04-14 00:00:00.000','102-110',0.000000,557773.530000,'L-LOKAL','10101260400030'
'10101260400030','2026-04-14 00:00:00.000','102-102',0.000000,43797.000000,'TL-SPARE PARTS THERMO KING LOKAL','10101260400030'
'10101260400031','2026-04-14 00:00:00.000','102-103',0.000000,589548.110000,'NDS-SPARE PART NORDIC','10101260400031'
'101BTB260400006','2026-04-14 00:00:00.000','102-110',5680000.000000,0.000000,'(LOKAL) NUGROHO TEKNIK 055/IV/2026/F.NT','101BTB260400006'
'101BTB260400017','2026-04-15 00:00:00.000','102-110',168000.000000,0.000000,'(LOKAL) MULIA JAYA 6837','101BTB260400017'
'101BTB260400018','2026-04-15 00:00:00.000','102-110',1600000.000000,0.000000,'(LOKAL) ALBERT AL9034','101BTB260400018'
'101260400023','2026-04-15 00:00:00.000','102-020',40632066.740000,0.000000,'CIM1083247 CV. SUMBER KREASI SARANA           UNIT KE-1','101260400023'
'101260400023','2026-04-15 00:00:00.000','102-001',0.000000,40632066.740000,'CIM1083247 CV. SUMBER KREASI SARANA           UNIT KE-1','101260400023'
'101KP260400005','2026-04-15 00:00:00.000','102-110',10500200.000000,0.000000,'INTERN, MUTASI DARI TL.107-0334  050','101KP260400005'
'10106260400001','2026-04-15 00:00:00.000','102-018',0.000000,866853400.040000,'BCS-UNIT COLD STORAGE BINGSHAN','10106260400001'
'10106260400002','2026-04-15 00:00:00.000','102-018',0.000000,866853400.040000,'BCS-UNIT COLD STORAGE BINGSHAN','10106260400002'
'10203260400019','2026-04-15 00:00:00.000','102-020',0.000000,211169048.430000,'101260400022 U/ CV. BOGOR KIAT SARANA ','10203260400019'
'10203260400019','2026-04-15 00:00:00.000','102-001',211169048.430000,0.000000,'101260400022 U/ CV. BOGOR KIAT SARANA ','10203260400019'
'101KM260400013','2026-04-15 00:00:00.000','102-110',0.000000,1415900.000000,'METRO MOTOR KE-1/T-1080 PRO/CIM 1090967/GIGA/J005340  07001','101KM260400013'
'101KM260400050','2026-04-15 00:00:00.000','102-110',0.000000,315389.020000,'  07.2604024','101KM260400050'
'101KM260400050','2026-04-15 00:00:00.000','102-101',0.000000,6494476.350000,'  07.2604024','101KM260400050'
'101KM260400046','2026-04-15 00:00:00.000','102-101',0.000000,977971.450000,'  07.2604027','101KM260400046'
'101KM260400051','2026-04-15 00:00:00.000','102-110',0.000000,315389.020000,'  07.2604024','101KM260400051'
'101KM260400051','2026-04-15 00:00:00.000','102-101',0.000000,6494476.350000,'  07.2604024','101KM260400051'
'101KM260400047','2026-04-15 00:00:00.000','102-101',0.000000,977971.450000,'  07.2604027','101KM260400047'
'101KM260400048','2026-04-15 00:00:00.000','102-101',0.000000,1367706.850000,'  07.2604026','101KM260400048'
'101KM260400049','2026-04-15 00:00:00.000','102-110',0.000000,315379.020000,'  07.2604025','101KM260400049'
'101KM260400049','2026-04-15 00:00:00.000','102-101',0.000000,5062527.960000,'  07.2604025','101KM260400049'
'101KM260400092','2026-04-15 00:00:00.000','102-102',0.000000,12000000.000000,'  KBS2604/017','101KM260400092'
'101KM260400093','2026-04-15 00:00:00.000','102-110',0.000000,10.000000,'  KBS2604/016','101KM260400093'
'101KM260400093','2026-04-15 00:00:00.000','102-101',0.000000,8154166.970000,'  KBS2604/016','101KM260400093'
'101KM260400094','2026-04-15 00:00:00.000','102-110',0.000000,1660415.690000,'  KBS2604/015','101KM260400094'
'10103260400019','2026-04-15 00:00:00.000','102-001',0.000000,211169048.430000,'TR-UNIT TRUCK THERMO KING','10103260400019'
'10101260400032','2026-04-15 00:00:00.000','102-110',0.000000,763869.150000,'L-LOKAL','10101260400032'
'10101260400032','2026-04-15 00:00:00.000','102-102',0.000000,140335.320000,'TL-SPARE PARTS THERMO KING LOKAL','10101260400032'
'10101260400032','2026-04-15 00:00:00.000','102-101',0.000000,169591.010000,'TS-SPARE PARTS THERMO KING','10101260400032'
'10101260400032','2026-04-15 00:00:00.000','102-101',0.000000,190355.420000,'TS-SPARE PARTS THERMO KING','10101260400032'
'10101260400032','2026-04-15 00:00:00.000','102-101',0.000000,162565.070000,'TS-SPARE PARTS THERMO KING','10101260400032'
'101BTB260400009','2026-04-15 00:00:00.000','102-110',5250000.000000,0.000000,'(LOKAL) NUGROHO TEKNIK 056/IV/2026/F.NT','101BTB260400009'
'101BTB260400016','2026-04-16 00:00:00.000','102-110',2821000.000000,0.000000,'(LOKAL) ALBERT  AL8384','101BTB260400016'
'101260400025','2026-04-16 00:00:00.000','102-020',211169048.430000,0.000000,'CIM1090969 UNIT ONLY','101260400025'
'101260400025','2026-04-16 00:00:00.000','102-001',0.000000,211169048.430000,'CIM1090969 UNIT ONLY','101260400025'
'101260400024','2026-04-16 00:00:00.000','102-020',34649470.030000,0.000000,'CIM1084300 ANTIKA SANJAYA ','101260400024'
'101260400024','2026-04-16 00:00:00.000','102-001',0.000000,34649470.030000,'CIM1084300 ANTIKA SANJAYA ','101260400024'
'101BTB260400020','2026-04-16 00:00:00.000','102-110',805500.000000,0.000000,'(LOKAL) ALBERT AL338','101BTB260400020'
'101BTB260400014','2026-04-16 00:00:00.000','102-110',4231500.000000,0.000000,'(LOKAL) ALBERT AL7464','101BTB260400014'
'101KP260400004','2026-04-16 00:00:00.000','102-110',20.000000,0.000000,'INTERN, RUBAH DARI TS.102-1079  050A','101KP260400004'
'101KP260400004','2026-04-16 00:00:00.000','102-101',10632576.000000,0.000000,'INTERN, RUBAH DARI TS.102-1079  050A','101KP260400004'
'10203260400015','2026-04-16 00:00:00.000','102-020',0.000000,211169048.430000,'101260400025 UNIT ONLY','10203260400015'
'10203260400015','2026-04-16 00:00:00.000','102-001',211169048.430000,0.000000,'101260400025 UNIT ONLY','10203260400015'
'10203260400021','2026-04-16 00:00:00.000','102-020',0.000000,27165189.600000,'101260400012 PT. INDOTHERMO CEMERLANG','10203260400021'
'10203260400021','2026-04-16 00:00:00.000','102-001',27165189.600000,0.000000,'101260400012 PT. INDOTHERMO CEMERLANG','10203260400021'
'10203260400017','2026-04-16 00:00:00.000','102-020',0.000000,40632066.740000,'101260400013 CV. BOGOR KIAT SARANA                              UNIT KE-2','10203260400017'
'10203260400017','2026-04-16 00:00:00.000','102-001',40632066.740000,0.000000,'101260400013 CV. BOGOR KIAT SARANA                              UNIT KE-2','10203260400017'
'10203260400022','2026-04-16 00:00:00.000','102-020',0.000000,51996926.560000,'101260400014 PT. MEGA INDO LOGISTIK                           UNIT KE-1','10203260400022'
'10203260400022','2026-04-16 00:00:00.000','102-001',51996926.560000,0.000000,'101260400014 PT. MEGA INDO LOGISTIK                           UNIT KE-1','10203260400022'
'10102260400016','2026-04-16 00:00:00.000','102-101',0.000000,11218627.520000,'TS-SPARE PARTS THERMO KING','10102260400016'
'101KM260400023','2026-04-16 00:00:00.000','102-110',0.000000,4770738.450000,'CV. SUMBER KREASI SARANA CEDEA KE-1/SV-600 24V+ ESTB/CIM 1083247/CD FE 71 L/007083  06983','101KM260400023'
'101KM260400023','2026-04-16 00:00:00.000','102-102',0.000000,148678.200000,'CV. SUMBER KREASI SARANA CEDEA KE-1/SV-600 24V+ ESTB/CIM 1083247/CD FE 71 L/007083  06983','101KM260400023'
'101KM260400045','2026-04-16 00:00:00.000','102-101',0.000000,14518036.240000,'  07.2604028','101KM260400045'
'101KM260400091','2026-04-16 00:00:00.000','102-110',0.000000,20.000000,'  KBS2604/017A','101KM260400091'
'101KM260400091','2026-04-16 00:00:00.000','102-101',0.000000,10641667.280000,'  KBS2604/017A','101KM260400091'
'10103260400015','2026-04-16 00:00:00.000','102-001',0.000000,211169048.430000,'TR-UNIT TRUCK THERMO KING','10103260400015'
'10103260400021','2026-04-16 00:00:00.000','102-001',0.000000,27165189.600000,'TR-UNIT TRUCK THERMO KING','10103260400021'
'10103260400017','2026-04-16 00:00:00.000','102-001',0.000000,40632066.740000,'TR-UNIT TRUCK THERMO KING','10103260400017'
'10103260400022','2026-04-16 00:00:00.000','102-001',0.000000,51996926.560000,'TR-UNIT TRUCK THERMO KING','10103260400022'
'10101260400034','2026-04-16 00:00:00.000','102-110',0.000000,763869.150000,'L-LOKAL','10101260400034'
'10101260400034','2026-04-16 00:00:00.000','102-101',0.000000,169591.010000,'TS-SPARE PARTS THERMO KING','10101260400034'
'10101260400034','2026-04-16 00:00:00.000','102-101',0.000000,162565.070000,'TS-SPARE PARTS THERMO KING','10101260400034'
'10101260400035','2026-04-16 00:00:00.000','102-110',0.000000,763869.150000,'L-LOKAL','10101260400035'
'10101260400035','2026-04-16 00:00:00.000','102-101',0.000000,169591.010000,'TS-SPARE PARTS THERMO KING','10101260400035'
'10101260400035','2026-04-16 00:00:00.000','102-101',0.000000,190355.420000,'TS-SPARE PARTS THERMO KING','10101260400035'
'10101260400035','2026-04-16 00:00:00.000','102-101',0.000000,162565.070000,'TS-SPARE PARTS THERMO KING','10101260400035'
'101KM260400110','2026-04-16 00:00:00.000','102-110',0.000000,300000.000000,'INTERN,  027','101KM260400110'
'200410126040166','2026-04-17 00:00:00.000','102-601',26308000.000000,0.000000,'BM/PIB.000044/TK.003,004',
'101BTB260400036','2026-04-17 00:00:00.000','102-110',16666668.000000,0.000000,'(LOKAL) PT. MANDIRI INDONUSA PERKASA 113/MIP/INV/IV/2026','101BTB260400036'
'101260400028','2026-04-17 00:00:00.000','102-020',40632066.740000,0.000000,'CIM1083239 CV. BOGOR KIAT SARANA                       UNIT KE-3','101260400028'
'101260400028','2026-04-17 00:00:00.000','102-001',0.000000,40632066.740000,'CIM1083239 CV. BOGOR KIAT SARANA                       UNIT KE-3','101260400028'
'101260400027','2026-04-17 00:00:00.000','102-020',51996926.560000,0.000000,'CIM1091062 H. JAFAR RANI','101260400027'
'101260400027','2026-04-17 00:00:00.000','102-001',0.000000,51996926.560000,'CIM1091062 H. JAFAR RANI','101260400027'
'101260400026','2026-04-17 00:00:00.000','102-020',51996926.560000,0.000000,'CIM1091061 KRS.    MASTER QQ SUTRACO NUSANTARA','101260400026'
'101260400026','2026-04-17 00:00:00.000','102-001',0.000000,51996926.560000,'CIM1091061 KRS.    MASTER QQ SUTRACO NUSANTARA','101260400026'
'101260400054','2026-04-17 00:00:00.000','102-020',147238520.400000,0.000000,'KLX1118920 168 TRANS ','101260400054'
'101260400054','2026-04-17 00:00:00.000','102-006',0.000000,147238520.400000,'KLX1118920 168 TRANS ','101260400054'
'101260400031','2026-04-17 00:00:00.000','102-020',198563196.750000,0.000000,'CIM1090977 ANUGERAH PRIMA SEJAHTERA                    UNIT KE-3','101260400031'
'101260400031','2026-04-17 00:00:00.000','102-001',0.000000,198563196.750000,'CIM1090977 ANUGERAH PRIMA SEJAHTERA                    UNIT KE-3','101260400031'
'101KM260400001','2026-04-17 00:00:00.000','102-110',0.000000,1474025.560000,'PT. CIPTA LAKSANA SELARAS / VCLASS KE-1/SV-600 24V/CIM 1083241/ISUZU NMR/J136574  07004','101KM260400001'
'101KM260400001','2026-04-17 00:00:00.000','102-102',0.000000,148678.200000,'PT. CIPTA LAKSANA SELARAS / VCLASS KE-1/SV-600 24V/CIM 1083241/ISUZU NMR/J136574  07004','101KM260400001'
'10203260400020','2026-04-17 00:00:00.000','102-020',0.000000,198563196.750000,'101260400031 ANUGERAH PRIMA SEJAHTERA                    UNIT KE-3','10203260400020'
'10203260400020','2026-04-17 00:00:00.000','102-001',198563196.750000,0.000000,'101260400031 ANUGERAH PRIMA SEJAHTERA                    UNIT KE-3','10203260400020'
'10203260400023','2026-04-17 00:00:00.000','102-020',0.000000,34649470.030000,'101260200083 KREASI INTI SEJAHTERA','10203260400023'
'10203260400023','2026-04-17 00:00:00.000','102-001',34649470.030000,0.000000,'101260200083 KREASI INTI SEJAHTERA','10203260400023'
'10203260400024','2026-04-17 00:00:00.000','102-020',0.000000,39585996.530000,'101260200060 KRS. MASTER QQ BPK BEN ','10203260400024'
'10203260400024','2026-04-17 00:00:00.000','102-001',39585996.530000,0.000000,'101260200060 KRS. MASTER QQ BPK BEN ','10203260400024'
'10203260400025','2026-04-17 00:00:00.000','102-020',0.000000,50595413.020000,'101260200064 KRS. MASTER QQ ADI BINTANG ROLLAS ','10203260400025'
'10203260400025','2026-04-17 00:00:00.000','102-001',50595413.020000,0.000000,'101260200064 KRS. MASTER QQ ADI BINTANG ROLLAS ','10203260400025'
'10203260400052','2026-04-17 00:00:00.000','102-020',0.000000,147238520.400000,'101260400054 168 TRANS ','10203260400052'
'10203260400052','2026-04-17 00:00:00.000','102-006',147238520.400000,0.000000,'101260400054 168 TRANS ','10203260400052'
'10102260400017','2026-04-17 00:00:00.000','102-110',0.000000,3170716.200000,'L-LOKAL','10102260400017'
'101KM260400024','2026-04-17 00:00:00.000','102-110',0.000000,1016010.080000,'PT. WINGS SURYA (WINGS CORP) MANYAR/NR-450I 12V/801010644BEFBC045/ISUZU TRAGA/J578764  07006','101KM260400024'
'101KM260400024','2026-04-17 00:00:00.000','102-102',0.000000,123898.500000,'PT. WINGS SURYA (WINGS CORP) MANYAR/NR-450I 12V/801010644BEFBC045/ISUZU TRAGA/J578764  07006','101KM260400024'
'101KM260400025','2026-04-17 00:00:00.000','102-110',0.000000,1007800.140000,'PT. WINGS SURYA (WINGS CORP) DISTRICT MERR/NR-450I 12V/801010644BEFBC021/ISUZU TRAGA/J578766  07007','101KM260400025'
'101KM260400025','2026-04-17 00:00:00.000','102-102',0.000000,123898.500000,'PT. WINGS SURYA (WINGS CORP) DISTRICT MERR/NR-450I 12V/801010644BEFBC021/ISUZU TRAGA/J578766  07007','101KM260400025'
'101KM260400043','2026-04-17 00:00:00.000','102-110',0.000000,315379.020000,'  07.2604030','101KM260400043'
'101KM260400043','2026-04-17 00:00:00.000','102-101',0.000000,5652392.830000,'  07.2604030','101KM260400043'
'101KM260400044','2026-04-17 00:00:00.000','102-101',0.000000,1305804.390000,'  07.2604029','101KM260400044'
'101KM260400090','2026-04-17 00:00:00.000','102-110',0.000000,9.720000,'  KBS2604/018','101KM260400090'
'10103260400020','2026-04-17 00:00:00.000','102-001',0.000000,198563196.750000,'TR-UNIT TRUCK THERMO KING','10103260400020'
'10103260400023','2026-04-17 00:00:00.000','102-001',0.000000,34649470.030000,'TR-UNIT TRUCK THERMO KING','10103260400023'
'10103260400024','2026-04-17 00:00:00.000','102-001',0.000000,39585996.530000,'TR-UNIT TRUCK THERMO KING','10103260400024'
'10103260400025','2026-04-17 00:00:00.000','102-001',0.000000,50595413.020000,'TR-UNIT TRUCK THERMO KING','10103260400025'
'10103260400052','2026-04-17 00:00:00.000','102-006',0.000000,147238520.400000,'TB-UNIT BUS THERMO KING','10103260400052'
'10101260400036','2026-04-17 00:00:00.000','102-201',0.000000,49817.930000,'MT-MATERIAL TAMBAHAN','10101260400036'
'10101260400037','2026-04-17 00:00:00.000','102-110',0.000000,763869.150000,'L-LOKAL','10101260400037'
'10101260400037','2026-04-17 00:00:00.000','102-101',0.000000,1170912.270000,'TS-SPARE PARTS THERMO KING','10101260400037'
'10101260400037','2026-04-17 00:00:00.000','102-101',0.000000,1458740.940000,'TS-SPARE PARTS THERMO KING','10101260400037'
'10101260400037','2026-04-17 00:00:00.000','102-101',0.000000,1494781.790000,'TS-SPARE PARTS THERMO KING','10101260400037'
'10101260400037','2026-04-17 00:00:00.000','102-101',0.000000,169591.010000,'TS-SPARE PARTS THERMO KING','10101260400037'
'10101260400037','2026-04-17 00:00:00.000','102-101',0.000000,162565.070000,'TS-SPARE PARTS THERMO KING','10101260400037'
'10104260400004','2026-04-18 00:00:00.000','102-110',0.000000,294973.920000,'L-LOKAL','10104260400004'
'10104260400004','2026-04-18 00:00:00.000','102-110',0.000000,1074071.000000,'L-LOKAL','10104260400004'
'10104260400004','2026-04-18 00:00:00.000','102-110',0.000000,1150000.000000,'L-LOKAL','10104260400004'
'10104260400004','2026-04-18 00:00:00.000','102-010',0.000000,2834000.000000,'TYU-TOYO UNIT','10104260400004'
'10203260400031','2026-04-18 00:00:00.000','102-020',0.000000,211169048.430000,'101260400040 YAWARAKA TRAD AND LOG','10203260400031'
'10203260400031','2026-04-18 00:00:00.000','102-001',211169048.430000,0.000000,'101260400040 YAWARAKA TRAD AND LOG','10203260400031'
'10203260400032','2026-04-18 00:00:00.000','102-020',0.000000,40632066.740000,'101260400038 YAWARA TRAD ANDLOG                              UNIT KE-1','10203260400032'
'10203260400032','2026-04-18 00:00:00.000','102-001',40632066.740000,0.000000,'101260400038 YAWARA TRAD ANDLOG                              UNIT KE-1','10203260400032'
'10203260400033','2026-04-18 00:00:00.000','102-020',0.000000,40632066.740000,'101260400042 YAWARA TRAD ANDLOG                                  UNIT KE-2','10203260400033'
'10203260400033','2026-04-18 00:00:00.000','102-001',40632066.740000,0.000000,'101260400042 YAWARA TRAD ANDLOG                                  UNIT KE-2','10203260400033'
'10103260400031','2026-04-18 00:00:00.000','102-001',0.000000,211169048.430000,'TR-UNIT TRUCK THERMO KING','10103260400031'
'10103260400032','2026-04-18 00:00:00.000','102-001',0.000000,40632066.740000,'TR-UNIT TRUCK THERMO KING','10103260400032'
'10103260400033','2026-04-18 00:00:00.000','102-001',0.000000,40632066.740000,'TR-UNIT TRUCK THERMO KING','10103260400033'
'101260400029','2026-04-20 00:00:00.000','102-020',248222043.640000,0.000000,'CIM1091572 PT KRISTAL TRANSPORTASI INDONESIA                UNIT KE-2','101260400029'
'101260400029','2026-04-20 00:00:00.000','102-001',0.000000,248222043.640000,'CIM1091572 PT KRISTAL TRANSPORTASI INDONESIA                UNIT KE-2','101260400029'
'101260400030','2026-04-20 00:00:00.000','102-020',40632066.740000,0.000000,'CIM1091051 KREASI BERKAH LOGISTIK ','101260400030'
'101260400030','2026-04-20 00:00:00.000','102-001',0.000000,40632066.740000,'CIM1091051 KREASI BERKAH LOGISTIK ','101260400030'
'101KP260400006','2026-04-20 00:00:00.000','102-101',20.000000,0.000000,'INTERN  051','101KP260400006'
'10203260400026','2026-04-20 00:00:00.000','102-020',0.000000,39585996.540000,'101251200052 INDOSALUYU PRIMAJAYA, PT','10203260400026'
'10203260400026','2026-04-20 00:00:00.000','102-001',39585996.540000,0.000000,'101251200052 INDOSALUYU PRIMAJAYA, PT','10203260400026'
'101KM260400015','2026-04-20 00:00:00.000','102-110',0.000000,2470929.180000,'BOGOR KIAT SARANA KE-3/SV-600 24V/CIM 1083239/CD EURO 4/002458  07059','101KM260400015'
'101KM260400015','2026-04-20 00:00:00.000','102-102',0.000000,148678.200000,'BOGOR KIAT SARANA KE-3/SV-600 24V/CIM 1083239/CD EURO 4/002458  07059','101KM260400015'
'101KM260400016','2026-04-20 00:00:00.000','102-110',0.000000,2470929.180000,'BP. JAFAR/SV-800 24V/CIM 1091062/CD FE 71 L/004039  07077','101KM260400016'
'101KM260400016','2026-04-20 00:00:00.000','102-102',0.000000,148678.200000,'BP. JAFAR/SV-800 24V/CIM 1091062/CD FE 71 L/004039  07077','101KM260400016'
'101KM260400017','2026-04-20 00:00:00.000','102-110',0.000000,2900000.000000,'PT. ANUGERAH PRIMA SEJAHTERA KE-2/T-1280E/CIM 1081826/FL 235 JW/20322  06865','101KM260400017'
'10102260400018','2026-04-20 00:00:00.000','102-101',0.000000,2735413.700000,'TS-SPARE PARTS THERMO KING','10102260400018'
'10102260400018','2026-04-20 00:00:00.000','102-101',0.000000,3033864.900000,'TS-SPARE PARTS THERMO KING','10102260400018'
'10102260400018','2026-04-20 00:00:00.000','102-101',0.000000,2518128.400000,'TS-SPARE PARTS THERMO KING','10102260400018'
'10102260400018','2026-04-20 00:00:00.000','102-101',0.000000,4444649.960000,'TS-SPARE PARTS THERMO KING','10102260400018'
'10102260400018','2026-04-20 00:00:00.000','102-101',0.000000,2207636.740000,'TS-SPARE PARTS THERMO KING','10102260400018'
'10102260400019','2026-04-20 00:00:00.000','102-101',0.000000,2244394.580000,'TS-SPARE PARTS THERMO KING','10102260400019'
'101KM260400042','2026-04-20 00:00:00.000','102-110',0.000000,315389.020000,'  07.2604031','101KM260400042'
'101KM260400042','2026-04-20 00:00:00.000','102-101',0.000000,4478750.120000,'  07.2604031','101KM260400042'
'101KM260400088','2026-04-20 00:00:00.000','102-110',0.000000,9.720000,'  KBS2604/020','101KM260400088'
'101KM260400088','2026-04-20 00:00:00.000','102-101',0.000000,34319.970000,'  KBS2604/020','101KM260400088'
'101KM260400089','2026-04-20 00:00:00.000','102-110',0.000000,376320.420000,'  KBS2604/019','101KM260400089'
'10103260400026','2026-04-20 00:00:00.000','102-001',0.000000,39585996.540000,'TR-UNIT TRUCK THERMO KING','10103260400026'
'10101260400040','2026-04-20 00:00:00.000','102-110',0.000000,92962.260000,'L-LOKAL','10101260400040'
'10101260400041','2026-04-20 00:00:00.000','102-110',0.000000,763869.150000,'L-LOKAL','10101260400041'
'10101260400041','2026-04-20 00:00:00.000','102-101',0.000000,1293686.460000,'TS-SPARE PARTS THERMO KING','10101260400041'
'10101260400041','2026-04-20 00:00:00.000','102-101',0.000000,169591.010000,'TS-SPARE PARTS THERMO KING','10101260400041'
'10101260400041','2026-04-20 00:00:00.000','102-101',0.000000,162565.070000,'TS-SPARE PARTS THERMO KING','10101260400041'
'10101260400042','2026-04-20 00:00:00.000','102-110',0.000000,929622.550000,'L-LOKAL','10101260400042'
'10101260400042','2026-04-20 00:00:00.000','102-110',0.000000,763869.150000,'L-LOKAL','10101260400042'
'10101260400042','2026-04-20 00:00:00.000','102-102',0.000000,300000.000000,'TL-SPARE PARTS THERMO KING LOKAL','10101260400042'
'10101260400042','2026-04-20 00:00:00.000','102-101',0.000000,12874.000000,'TS-SPARE PARTS THERMO KING','10101260400042'
'10101260400042','2026-04-20 00:00:00.000','102-101',0.000000,10.000000,'TS-SPARE PARTS THERMO KING','10101260400042'
'10101260400042','2026-04-20 00:00:00.000','102-101',0.000000,10.000000,'TS-SPARE PARTS THERMO KING','10101260400042'
'10101260400042','2026-04-20 00:00:00.000','102-101',0.000000,4294460.760000,'TS-SPARE PARTS THERMO KING','10101260400042'
'10101260400042','2026-04-20 00:00:00.000','102-101',0.000000,5355702.930000,'TS-SPARE PARTS THERMO KING','10101260400042'
'10101260400042','2026-04-20 00:00:00.000','102-101',0.000000,1458740.940000,'TS-SPARE PARTS THERMO KING','10101260400042'
'10101260400042','2026-04-20 00:00:00.000','102-101',0.000000,781413.100000,'TS-SPARE PARTS THERMO KING','10101260400042'
'10101260400042','2026-04-20 00:00:00.000','102-101',0.000000,169591.010000,'TS-SPARE PARTS THERMO KING','10101260400042'
'10101260400042','2026-04-20 00:00:00.000','102-101',0.000000,190355.420000,'TS-SPARE PARTS THERMO KING','10101260400042'
'10101260400042','2026-04-20 00:00:00.000','102-101',0.000000,162565.070000,'TS-SPARE PARTS THERMO KING','10101260400042'
'10101260400039','2026-04-20 00:00:00.000','102-110',0.000000,295340.770000,'L-LOKAL','10101260400039'
'10101260400039','2026-04-20 00:00:00.000','102-110',0.000000,83735.760000,'L-LOKAL','10101260400039'
'101BTB260400024','2026-04-21 00:00:00.000','102-110',150000.000000,0.000000,'(LOKAL) NEW JAYAPURA MOTOR (00818)','101BTB260400024'
'101260400033','2026-04-21 00:00:00.000','102-020',60972216.690000,0.000000,'CIM1086205 ROYAL GALAXY','101260400033'
'101260400033','2026-04-21 00:00:00.000','102-001',0.000000,60972216.690000,'CIM1086205 ROYAL GALAXY','101260400033'
'101260400032','2026-04-21 00:00:00.000','102-020',248222043.640000,0.000000,'CIM1090965 PT. KRISTAL TRANSPORTASI INDONESIA                     UNIT KE-3','101260400032'
'101260400032','2026-04-21 00:00:00.000','102-001',0.000000,248222043.640000,'CIM1090965 PT. KRISTAL TRANSPORTASI INDONESIA                     UNIT KE-3','101260400032'
'10203260400027','2026-04-21 00:00:00.000','102-020',0.000000,40632066.740000,'101260400028 CV. BOGOR KIAT SARANA                       UNIT KE-3','10203260400027'
'10203260400027','2026-04-21 00:00:00.000','102-001',40632066.740000,0.000000,'101260400028 CV. BOGOR KIAT SARANA                       UNIT KE-3','10203260400027'
'10203260400028','2026-04-21 00:00:00.000','102-020',0.000000,248222043.640000,'101260400029 PT KRISTAL TRANSPORTASI INDONESIA                UNIT KE-2','10203260400028'
'10203260400028','2026-04-21 00:00:00.000','102-001',248222043.640000,0.000000,'101260400029 PT KRISTAL TRANSPORTASI INDONESIA                UNIT KE-2','10203260400028'
'10203260400029','2026-04-21 00:00:00.000','102-020',0.000000,51996926.560000,'101260400027 H. JAFAR RANI','10203260400029'
'10203260400029','2026-04-21 00:00:00.000','102-001',51996926.560000,0.000000,'101260400027 H. JAFAR RANI','10203260400029'
'10102260400020','2026-04-21 00:00:00.000','102-101',0.000000,3443371.540000,'TS-SPARE PARTS THERMO KING','10102260400020'
'101KM260400018','2026-04-21 00:00:00.000','102-110',0.000000,1424886.040000,'KRISTAL TRANSPORTASI INDONESIA KE-2/T-1200R/CIM 1091572/HINO FL/17423  07058','101KM260400018'
'101KM260400019','2026-04-21 00:00:00.000','102-110',0.000000,1422639.530000,'KRISTAL TRANSPORTASI INDONESIA KE-3/T-1200R/CIM 1090965/HINO FL/19748  07058','101KM260400019'
'101KM260400040','2026-04-21 00:00:00.000','102-101',0.000000,79748.090000,'  07.2604033','101KM260400040'
'101KM260400041','2026-04-21 00:00:00.000','102-101',0.000000,5355702.930000,'  07.2604032','101KM260400041'
'10103260400027','2026-04-21 00:00:00.000','102-001',0.000000,40632066.740000,'TR-UNIT TRUCK THERMO KING','10103260400027'
'10103260400028','2026-04-21 00:00:00.000','102-001',0.000000,248222043.640000,'TR-UNIT TRUCK THERMO KING','10103260400028'
'10103260400029','2026-04-21 00:00:00.000','102-001',0.000000,51996926.560000,'TR-UNIT TRUCK THERMO KING','10103260400029'
'10101260400043','2026-04-21 00:00:00.000','102-201',0.000000,49817.930000,'MT-MATERIAL TAMBAHAN','10101260400043'
'10101260400043','2026-04-21 00:00:00.000','102-110',0.000000,371849.020000,'L-LOKAL','10101260400043'
'10101260400043','2026-04-21 00:00:00.000','102-102',0.000000,87594.000000,'TL-SPARE PARTS THERMO KING LOKAL','10101260400043'
'10101260400043','2026-04-21 00:00:00.000','102-101',0.000000,536664.460000,'TS-SPARE PARTS THERMO KING','10101260400043'
'10101260400044','2026-04-21 00:00:00.000','102-102',0.000000,1048341.650000,'TL-SPARE PARTS THERMO KING LOKAL','10101260400044'
'10101260400045','2026-04-21 00:00:00.000','102-110',0.000000,150000.000000,'L-LOKAL','10101260400045'
'101BTB260400034','2026-04-22 00:00:00.000','102-101',507179708.760000,0.000000,'(SPARE PARTS THERMO KING) TK.004-270226 INV.1306822081, TK.003-130226 INV.1307048559','101BTB260400034'
'101BTB260400029','2026-04-22 00:00:00.000','102-110',4615000.000000,0.000000,'(LOKAL) MULIA JAYA 7428','101BTB260400029'
'101260400037','2026-04-22 00:00:00.000','102-020',34649470.030000,0.000000,'CIM1076054 PT. SENTRAS BOX INDONESIA - ISUINDO MAS PUTRA ','101260400037'
'101260400037','2026-04-22 00:00:00.000','102-001',0.000000,34649470.030000,'CIM1076054 PT. SENTRAS BOX INDONESIA - ISUINDO MAS PUTRA ','101260400037'
'101260400036','2026-04-22 00:00:00.000','102-020',51996926.560000,0.000000,'CIM1091797 CV. SUMBER KREASI SARANA - CEDEA                 UNIT KE-2','101260400036'
'101260400036','2026-04-22 00:00:00.000','102-001',0.000000,51996926.560000,'CIM1091797 CV. SUMBER KREASI SARANA - CEDEA                 UNIT KE-2','101260400036'
'101260400035','2026-04-22 00:00:00.000','102-020',198563196.750000,0.000000,'CIM1089925 WINSON SINGA LOGISTIK                                UNIT KE-5','101260400035'
'101260400035','2026-04-22 00:00:00.000','102-001',0.000000,198563196.750000,'CIM1089925 WINSON SINGA LOGISTIK                                UNIT KE-5','101260400035'
'101260400034','2026-04-22 00:00:00.000','102-020',40632066.740000,0.000000,'CIM1083713 CV. SUMBER KREASI SARANA - CEDEA               UNIT KE-2','101260400034'
'101260400034','2026-04-22 00:00:00.000','102-001',0.000000,40632066.740000,'CIM1083713 CV. SUMBER KREASI SARANA - CEDEA               UNIT KE-2','101260400034'
'101KP260400002','2026-04-22 00:00:00.000','102-110',30.000000,0.000000,'INTERN,   054','101KP260400002'
'101KP260400002','2026-04-22 00:00:00.000','102-101',5333747.000000,0.000000,'INTERN,   054','101KP260400002'
'10203260400030','2026-04-22 00:00:00.000','102-020',0.000000,248222043.640000,'101260400032 PT. KRISTAL TRANSPORTASI INDONESIA                     UNIT KE-3','10203260400030'
'10203260400030','2026-04-22 00:00:00.000','102-001',248222043.640000,0.000000,'101260400032 PT. KRISTAL TRANSPORTASI INDONESIA                     UNIT KE-3','10203260400030'
'10203260400051','2026-04-22 00:00:00.000','102-020',0.000000,39585996.530000,'101260200005 MULTITRILOKA CEMERLANG    UNIT KE-2','10203260400051'
'10203260400051','2026-04-22 00:00:00.000','102-001',39585996.530000,0.000000,'101260200005 MULTITRILOKA CEMERLANG    UNIT KE-2','10203260400051'
'101KM260400020','2026-04-22 00:00:00.000','102-110',0.000000,2470929.180000,'KREASI BERKAH LOGISTIK KE-2/SV-600 24V/CIM 1091051/FE84 GS N/004049  06888','101KM260400020'
'101KM260400020','2026-04-22 00:00:00.000','102-102',0.000000,148678.200000,'KREASI BERKAH LOGISTIK KE-2/SV-600 24V/CIM 1091051/FE84 GS N/004049  06888','101KM260400020'
'101KM260400021','2026-04-22 00:00:00.000','102-110',0.000000,2908986.040000,'PT. WINSON SINGA LOGISTIK KE-5/T-1280E/CIM 1089925/FL 260 JW/19152  06873','101KM260400021'
'10102260400021','2026-04-22 00:00:00.000','102-101',0.000000,2706646.090000,'TS-SPARE PARTS THERMO KING','10102260400021'
'10102260400022','2026-04-22 00:00:00.000','102-101',0.000000,5521217.250000,'TS-SPARE PARTS THERMO KING','10102260400022'
'10102260400022','2026-04-22 00:00:00.000','102-101',0.000000,8957500.240000,'TS-SPARE PARTS THERMO KING','10102260400022'
'10102260400022','2026-04-22 00:00:00.000','102-101',0.000000,10.000000,'TS-SPARE PARTS THERMO KING','10102260400022'
'10102260400022','2026-04-22 00:00:00.000','102-101',0.000000,10.000000,'TS-SPARE PARTS THERMO KING','10102260400022'
'10102260400023','2026-04-22 00:00:00.000','102-101',0.000000,20.000000,'TS-SPARE PARTS THERMO KING','10102260400023'
'10102260400024','2026-04-22 00:00:00.000','102-110',0.000000,634143.240000,'L-LOKAL','10102260400024'
'10102260400025','2026-04-22 00:00:00.000','102-101',0.000000,1217937.700000,'TS-SPARE PARTS THERMO KING','10102260400025'
'101KM260400087','2026-04-22 00:00:00.000','102-110',0.000000,30.000000,'  KBS2604/021','101KM260400087'
'101KM260400087','2026-04-22 00:00:00.000','102-101',0.000000,11536874.800000,'  KBS2604/021','101KM260400087'
'10103260400030','2026-04-22 00:00:00.000','102-001',0.000000,248222043.640000,'TR-UNIT TRUCK THERMO KING','10103260400030'
'1012604FR05002','2026-04-22 00:00:00.000','102-601',0.000000,26308000.000000,'(SPARE PARTS THERMO KING) TK.003-130226, TK.004-270226 INV.1307048559','1012604FR05002'
'1012604FR05002','2026-04-22 00:00:00.000','102-101',26308000.000000,0.000000,'(Ekspedisi : SPARE PARTS THERMO KING) TK.003-130226, TK.004-270226 INV.1307048559','1012604FR05002'
'10103260400051','2026-04-22 00:00:00.000','102-001',0.000000,39585996.530000,'TR-UNIT TRUCK THERMO KING','10103260400051'
'10203260400035','2026-04-23 00:00:00.000','102-020',0.000000,40632066.740000,'101260400030 KREASI BERKAH LOGISTIK ','10203260400035'
'10203260400035','2026-04-23 00:00:00.000','102-001',40632066.740000,0.000000,'101260400030 KREASI BERKAH LOGISTIK ','10203260400035'
'10203260400050','2026-04-23 00:00:00.000','102-020',0.000000,51996926.560000,'101260400026 KRS.    MASTER QQ SUTRACO NUSANTARA','10203260400050'
'10203260400050','2026-04-23 00:00:00.000','102-001',51996926.560000,0.000000,'101260400026 KRS.    MASTER QQ SUTRACO NUSANTARA','10203260400050'
'101KM260400022','2026-04-23 00:00:00.000','102-110',0.000000,5968110.730000,'CV. SUMBER KREASI SARANA (CEDEA KE-2)/SV-800 24V/CIM 1091797/CD FE 74 LN/010377  06894','101KM260400022'
'101KM260400022','2026-04-23 00:00:00.000','102-102',0.000000,148678.200000,'CV. SUMBER KREASI SARANA (CEDEA KE-2)/SV-800 24V/CIM 1091797/CD FE 74 LN/010377  06894','101KM260400022'
'101KM260400026','2026-04-23 00:00:00.000','102-110',0.000000,1436811.680000,'PT. SENTRAS BOX INDONESIA/SV-400 12V + FAN DUCTING/CIM 1076054/ISUZU TRAGA/J580841  07066','101KM260400026'
'101KM260400026','2026-04-23 00:00:00.000','102-102',0.000000,123898.500000,'PT. SENTRAS BOX INDONESIA/SV-400 12V + FAN DUCTING/CIM 1076054/ISUZU TRAGA/J580841  07066','101KM260400026'
'101KM260400084','2026-04-23 00:00:00.000','102-101',0.000000,1213545.960000,'  KBS2604/024','101KM260400084'
'101KM260400085','2026-04-23 00:00:00.000','102-110',0.000000,800000.000000,'  KBS2604/023','101KM260400085'
'101KM260400086','2026-04-23 00:00:00.000','102-110',0.000000,800000.000000,'  KBS2604/022','101KM260400086'
'10103260400035','2026-04-23 00:00:00.000','102-001',0.000000,40632066.740000,'TR-UNIT TRUCK THERMO KING','10103260400035'
'10103260400050','2026-04-23 00:00:00.000','102-201',0.000000,49817.930000,'MT-MATERIAL TAMBAHAN','10103260400050'
'10103260400050','2026-04-23 00:00:00.000','102-001',0.000000,51996926.560000,'TR-UNIT TRUCK THERMO KING','10103260400050'
'10101260400050','2026-04-23 00:00:00.000','102-110',0.000000,208824.070000,'L-LOKAL','10101260400050'
'10101260400050','2026-04-23 00:00:00.000','102-110',0.000000,40338.200000,'L-LOKAL','10101260400050'
'10101260400050','2026-04-23 00:00:00.000','102-110',0.000000,557773.530000,'L-LOKAL','10101260400050'
'10101260400050','2026-04-23 00:00:00.000','102-110',0.000000,317071.620000,'L-LOKAL','10101260400050'
'10101260400050','2026-04-23 00:00:00.000','102-102',0.000000,131391.000000,'TL-SPARE PARTS THERMO KING LOKAL','10101260400050'
'10101260400050','2026-04-23 00:00:00.000','102-101',0.000000,5107984.530000,'TS-SPARE PARTS THERMO KING','10101260400050'
'10101260400051','2026-04-23 00:00:00.000','102-110',0.000000,5.000000,'L-LOKAL','10101260400051'
'10101260400046','2026-04-23 00:00:00.000','102-201',0.000000,49817.930000,'MT-MATERIAL TAMBAHAN','10101260400046'
'10101260400052','2026-04-23 00:00:00.000','102-101',0.000000,325978.300000,'TS-SPARE PARTS THERMO KING','10101260400052'
'10101260400047','2026-04-23 00:00:00.000','102-201',0.000000,49817.930000,'MT-MATERIAL TAMBAHAN','10101260400047'
'10101260400048','2026-04-23 00:00:00.000','102-201',0.000000,49817.930000,'MT-MATERIAL TAMBAHAN','10101260400048'
'10101260400049','2026-04-23 00:00:00.000','102-110',0.000000,763869.150000,'L-LOKAL','10101260400049'
'10101260400049','2026-04-23 00:00:00.000','102-101',0.000000,162565.070000,'TS-SPARE PARTS THERMO KING','10101260400049'
'10101260400049','2026-04-23 00:00:00.000','102-101',0.000000,938994.120000,'TS-SPARE PARTS THERMO KING','10101260400049'
'10101260400049','2026-04-23 00:00:00.000','102-101',0.000000,1494781.790000,'TS-SPARE PARTS THERMO KING','10101260400049'
'10101260400049','2026-04-23 00:00:00.000','102-101',0.000000,169591.010000,'TS-SPARE PARTS THERMO KING','10101260400049'
'10101260400049','2026-04-23 00:00:00.000','102-101',0.000000,190355.420000,'TS-SPARE PARTS THERMO KING','10101260400049'
'101BTB260400030','2026-04-24 00:00:00.000','102-110',300000.000000,0.000000,'(LOKAL) NEW JAYAPURA MOTOR (00895)','101BTB260400030'
'101BTB260400031','2026-04-24 00:00:00.000','102-110',11000000.000000,0.000000,'(LOKAL) TOKO KEMENANGAN (K2404)','101BTB260400031'
'101BTB260400028','2026-04-24 00:00:00.000','102-110',1950000.000000,0.000000,'(LOKAL) MULIA JAYA 9266','101BTB260400028'
'101260400039','2026-04-24 00:00:00.000','102-020',60972216.690000,0.000000,'CIM1086204 MITRA KAROSERI INTERNASIONAL ','101260400039'
'101260400039','2026-04-24 00:00:00.000','102-001',0.000000,60972216.690000,'CIM1086204 MITRA KAROSERI INTERNASIONAL ','101260400039'
'101260400038','2026-04-24 00:00:00.000','102-020',40632066.740000,0.000000,'CIM1083715 YAWARA TRAD ANDLOG                              UNIT KE-1','101260400038'
'101260400038','2026-04-24 00:00:00.000','102-001',0.000000,40632066.740000,'CIM1083715 YAWARA TRAD ANDLOG                              UNIT KE-1','101260400038'
'101260400043','2026-04-24 00:00:00.000','102-020',40632066.740000,0.000000,'CIM1083714 KREASI SEJUK SARANA ','101260400043'
'101260400043','2026-04-24 00:00:00.000','102-001',0.000000,40632066.740000,'CIM1083714 KREASI SEJUK SARANA ','101260400043'
'101260400042','2026-04-24 00:00:00.000','102-020',40632066.740000,0.000000,'CIM1091055 YAWARA TRAD ANDLOG                                  UNIT KE-2','101260400042'
'101260400042','2026-04-24 00:00:00.000','102-001',0.000000,40632066.740000,'CIM1091055 YAWARA TRAD ANDLOG                                  UNIT KE-2','101260400042'
'101260400040','2026-04-24 00:00:00.000','102-020',211169048.430000,0.000000,'CIM1090970 YAWARAKA TRAD AND LOG','101260400040'
'101260400040','2026-04-24 00:00:00.000','102-001',0.000000,211169048.430000,'CIM1090970 YAWARAKA TRAD AND LOG','101260400040'
'10203260400034','2026-04-24 00:00:00.000','102-020',0.000000,40632066.740000,'101260300022 PT. MAS - DIPO INTERNASIONAL PAHALA ','10203260400034'
'10203260400034','2026-04-24 00:00:00.000','102-001',40632066.740000,0.000000,'101260300022 PT. MAS - DIPO INTERNASIONAL PAHALA ','10203260400034'
'10203260400036','2026-04-24 00:00:00.000','102-020',0.000000,27165189.600000,'101260400016 U/ CARLOSINDO UTAMA KE - 1','10203260400036'
'10203260400036','2026-04-24 00:00:00.000','102-001',27165189.600000,0.000000,'101260400016 U/ CARLOSINDO UTAMA KE - 1','10203260400036'
'10102260400026','2026-04-24 00:00:00.000','102-101',0.000000,1909388.760000,'TS-SPARE PARTS THERMO KING','10102260400026'
'10103260400034','2026-04-24 00:00:00.000','102-001',0.000000,40632066.740000,'TR-UNIT TRUCK THERMO KING','10103260400034'
'10103260400036','2026-04-24 00:00:00.000','102-001',0.000000,27165189.600000,'TR-UNIT TRUCK THERMO KING','10103260400036'
'10101260400053','2026-04-24 00:00:00.000','102-110',0.000000,295340.770000,'L-LOKAL','10101260400053'
'10101260400053','2026-04-24 00:00:00.000','102-110',0.000000,83735.760000,'L-LOKAL','10101260400053'
'10101260400053','2026-04-24 00:00:00.000','102-110',0.000000,40338.200000,'L-LOKAL','10101260400053'
'10101260400053','2026-04-24 00:00:00.000','102-110',0.000000,557773.530000,'L-LOKAL','10101260400053'
'10101260400053','2026-04-24 00:00:00.000','102-110',0.000000,5.000000,'L-LOKAL','10101260400053'
'10101260400053','2026-04-24 00:00:00.000','102-110',0.000000,230520.120000,'L-LOKAL','10101260400053'
'10101260400053','2026-04-24 00:00:00.000','102-110',0.000000,381111.020000,'L-LOKAL','10101260400053'
'10101260400053','2026-04-24 00:00:00.000','102-102',0.000000,131391.000000,'TL-SPARE PARTS THERMO KING LOKAL','10101260400053'
'10101260400053','2026-04-24 00:00:00.000','102-102',0.000000,97152.290000,'TL-SPARE PARTS THERMO KING LOKAL','10101260400053'
'10101260400053','2026-04-24 00:00:00.000','102-102',0.000000,318277.520000,'TL-SPARE PARTS THERMO KING LOKAL','10101260400053'
'10101260400053','2026-04-24 00:00:00.000','102-101',0.000000,1291404.080000,'TS-SPARE PARTS THERMO KING','10101260400053'
'10101260400053','2026-04-24 00:00:00.000','102-101',0.000000,910159.470000,'TS-SPARE PARTS THERMO KING','10101260400053'
'10101260400053','2026-04-24 00:00:00.000','102-101',0.000000,693870.750000,'TS-SPARE PARTS THERMO KING','10101260400053'
'10101260400054','2026-04-24 00:00:00.000','102-101',0.000000,325978.300000,'TS-SPARE PARTS THERMO KING','10101260400054'
'10101260400055','2026-04-24 00:00:00.000','102-110',0.000000,929622.550000,'L-LOKAL','10101260400055'
'10101260400055','2026-04-24 00:00:00.000','102-101',0.000000,938994.120000,'TS-SPARE PARTS THERMO KING','10101260400055'
'10101260400055','2026-04-24 00:00:00.000','102-101',0.000000,1890568.660000,'TS-SPARE PARTS THERMO KING','10101260400055'
'10101260400055','2026-04-24 00:00:00.000','102-101',0.000000,2262454.750000,'TS-SPARE PARTS THERMO KING','10101260400055'
'10101260400056','2026-04-24 00:00:00.000','102-110',0.000000,40338.200000,'L-LOKAL','10101260400056'
'10101260400056','2026-04-24 00:00:00.000','102-110',0.000000,557773.530000,'L-LOKAL','10101260400056'
'10101260400056','2026-04-24 00:00:00.000','102-110',0.000000,317071.620000,'L-LOKAL','10101260400056'
'10101260400056','2026-04-24 00:00:00.000','102-102',0.000000,131391.000000,'TL-SPARE PARTS THERMO KING LOKAL','10101260400056'
'101BTB260400033','2026-04-25 00:00:00.000','102-001',1748000408.000000,0.000000,'(UNIT TRUCK THERMO KING) SUM.601A-020326 INV.5001993','101BTB260400033'
'1012604FR05003','2026-04-25 00:00:00.000','102-601',0.000000,9967200.000000,'(UNIT TRUCK THERMO KING) SUM 601A-020326 INV.5001993','1012604FR05003'
'1012604FR05003','2026-04-25 00:00:00.000','102-001',9967200.000000,0.000000,'(Ekspedisi : UNIT TRUCK THERMO KING) SUM 601A-020326 INV.5001993','1012604FR05003'
'101BTB260400023','2026-04-27 00:00:00.000','102-110',7875000.000000,0.000000,'(LOKAL) NUGROHO TEKNIK 057/IV/2026/F.NT','101BTB260400023'
'200410126040244','2026-04-27 00:00:00.000','102-601',23696500.000000,0.000000,'LS/TK.SUM601C',
'200410126040245','2026-04-27 00:00:00.000','102-601',10944300.000000,0.000000,'LS/TK.SUM601B',
'101BTB260400026','2026-04-27 00:00:00.000','102-110',2072000.000000,0.000000,'(LOKAL) ALBERT AL3749','101BTB260400026'
'101BTB260400027','2026-04-27 00:00:00.000','102-110',5721000.000000,0.000000,'(LOKAL) ALBERT AL9638','101BTB260400027'
'101260400044','2026-04-27 00:00:00.000','102-020',51996926.560000,0.000000,'CIM1091796 PT. MEGA INDO LOGISTIK                                   UNIT KE-2','101260400044'
'101260400044','2026-04-27 00:00:00.000','102-001',0.000000,51996926.560000,'CIM1091796 PT. MEGA INDO LOGISTIK                                   UNIT KE-2','101260400044'
'10102260400027','2026-04-27 00:00:00.000','102-102',0.000000,1048341.650000,'TL-SPARE PARTS THERMO KING LOKAL','10102260400027'
'10102260400027','2026-04-27 00:00:00.000','102-101',0.000000,5609313.760000,'TS-SPARE PARTS THERMO KING','10102260400027'
'101KM260400039','2026-04-27 00:00:00.000','102-101',0.000000,5035950.040000,'  07.2604034','101KM260400039'
'101KM260400082','2026-04-27 00:00:00.000','102-110',0.000000,515285.820000,'  KBS2604/026','101KM260400082'
'101KM260400082','2026-04-27 00:00:00.000','102-101',0.000000,1638556.770000,'  KBS2604/026','101KM260400082'
'101KM260400083','2026-04-27 00:00:00.000','102-110',0.000000,10.000000,'  KBS2604/025','101KM260400083'
'101KM260400083','2026-04-27 00:00:00.000','102-102',0.000000,753435.000000,'  KBS2604/025','101KM260400083'
'101KM260400083','2026-04-27 00:00:00.000','102-101',0.000000,7279033.220000,'  KBS2604/025','101KM260400083'
'10101260400060','2026-04-27 00:00:00.000','102-201',0.000000,49817.930000,'MT-MATERIAL TAMBAHAN','10101260400060'
'10101260400061','2026-04-27 00:00:00.000','102-110',0.000000,763869.150000,'L-LOKAL','10101260400061'
'10101260400061','2026-04-27 00:00:00.000','102-101',0.000000,1276924.510000,'TS-SPARE PARTS THERMO KING','10101260400061'
'10101260400061','2026-04-27 00:00:00.000','102-101',0.000000,1293686.460000,'TS-SPARE PARTS THERMO KING','10101260400061'
'10101260400061','2026-04-27 00:00:00.000','102-101',0.000000,1458740.940000,'TS-SPARE PARTS THERMO KING','10101260400061'
'10101260400061','2026-04-27 00:00:00.000','102-101',0.000000,1494781.790000,'TS-SPARE PARTS THERMO KING','10101260400061'
'10101260400061','2026-04-27 00:00:00.000','102-101',0.000000,169591.010000,'TS-SPARE PARTS THERMO KING','10101260400061'
'10101260400061','2026-04-27 00:00:00.000','102-101',0.000000,190355.420000,'TS-SPARE PARTS THERMO KING','10101260400061'
'10101260400061','2026-04-27 00:00:00.000','102-101',0.000000,162565.070000,'TS-SPARE PARTS THERMO KING','10101260400061'
'10101260400062','2026-04-27 00:00:00.000','102-110',0.000000,371849.020000,'L-LOKAL','10101260400062'
'10101260400062','2026-04-27 00:00:00.000','102-102',0.000000,131391.000000,'TL-SPARE PARTS THERMO KING LOKAL','10101260400062'
'10101260400057','2026-04-27 00:00:00.000','102-201',0.000000,49817.930000,'MT-MATERIAL TAMBAHAN','10101260400057'
'10101260400063','2026-04-27 00:00:00.000','102-101',0.000000,1371444.000000,'TS-SPARE PARTS THERMO KING','10101260400063'
'10101260400063','2026-04-27 00:00:00.000','102-101',0.000000,938994.120000,'TS-SPARE PARTS THERMO KING','10101260400063'
'10101260400063','2026-04-27 00:00:00.000','102-101',0.000000,977971.450000,'TS-SPARE PARTS THERMO KING','10101260400063'
'10101260400058','2026-04-27 00:00:00.000','102-201',0.000000,49817.930000,'MT-MATERIAL TAMBAHAN','10101260400058'
'10101260400059','2026-04-27 00:00:00.000','102-201',0.000000,49817.930000,'MT-MATERIAL TAMBAHAN','10101260400059'
'101BTB260400038','2026-04-28 00:00:00.000','102-110',37387388.000000,0.000000,'(LOKAL) POLARIN XININDO (PX/2026/04/289)','101BTB260400038'
'101260400047','2026-04-28 00:00:00.000','102-020',40632066.740000,0.000000,'CIM1091052 KREASI SEJUK SARANA ','101260400047'
'101260400047','2026-04-28 00:00:00.000','102-001',0.000000,40632066.740000,'CIM1091052 KREASI SEJUK SARANA ','101260400047'
'101260400046','2026-04-28 00:00:00.000','102-020',248222043.640000,0.000000,'CIM1090964 MEGA INDO LOGISTIK','101260400046'
'101260400046','2026-04-28 00:00:00.000','102-001',0.000000,248222043.640000,'CIM1090964 MEGA INDO LOGISTIK','101260400046'
'101260400045','2026-04-28 00:00:00.000','102-020',27165189.600000,0.000000,'CIM1083386 CARLOSINDO UTAMA ','101260400045'
'101260400045','2026-04-28 00:00:00.000','102-001',0.000000,27165189.600000,'CIM1083386 CARLOSINDO UTAMA ','101260400045'
'101260500002','2026-04-28 00:00:00.000','102-020',34649470.030000,0.000000,'CIM1076066 ANTIKA BENGAWAN ','101260500002'
'101260500002','2026-04-28 00:00:00.000','102-001',0.000000,34649470.030000,'CIM1076066 ANTIKA BENGAWAN ','101260500002'
'10203260400040','2026-04-28 00:00:00.000','102-020',0.000000,27165189.600000,'101260400020 U/ CARLOSINDO UTAMA KE - 5 ','10203260400040'
'10203260400040','2026-04-28 00:00:00.000','102-001',27165189.600000,0.000000,'101260400020 U/ CARLOSINDO UTAMA KE - 5 ','10203260400040'
'10203260400041','2026-04-28 00:00:00.000','102-020',0.000000,34649470.030000,'101260400024 ANTIKA SANJAYA ','10203260400041'
'10203260400041','2026-04-28 00:00:00.000','102-001',34649470.030000,0.000000,'101260400024 ANTIKA SANJAYA ','10203260400041'
'10203260400042','2026-04-28 00:00:00.000','102-020',0.000000,248222043.640000,'101260400004 BORNEO MONSTER LAUT ','10203260400042'
'10203260400042','2026-04-28 00:00:00.000','102-001',248222043.640000,0.000000,'101260400004 BORNEO MONSTER LAUT ','10203260400042'
'10203260400037','2026-04-28 00:00:00.000','102-020',0.000000,27165189.600000,'101260400017 U/ CARLOSINDO UTAMA KE - 2','10203260400037'
'10203260400037','2026-04-28 00:00:00.000','102-001',27165189.600000,0.000000,'101260400017 U/ CARLOSINDO UTAMA KE - 2','10203260400037'
'10203260400038','2026-04-28 00:00:00.000','102-020',0.000000,27165189.600000,'101260400018 U/ CARLOSINDO UTAMA KE - 3 ','10203260400038'
'10203260400038','2026-04-28 00:00:00.000','102-001',27165189.600000,0.000000,'101260400018 U/ CARLOSINDO UTAMA KE - 3 ','10203260400038'
'10203260400043','2026-04-28 00:00:00.000','102-020',0.000000,40632066.740000,'101260400043 KREASI SEJUK SARANA ','10203260400043'
'10203260400043','2026-04-28 00:00:00.000','102-001',40632066.740000,0.000000,'101260400043 KREASI SEJUK SARANA ','10203260400043'
'10203260400039','2026-04-28 00:00:00.000','102-020',0.000000,27165189.600000,'101260400019 U/ CARLOSINDO UTAMA KE - 4 ','10203260400039'
'10203260400039','2026-04-28 00:00:00.000','102-001',27165189.600000,0.000000,'101260400019 U/ CARLOSINDO UTAMA KE - 4 ','10203260400039'
'10203260400044','2026-04-28 00:00:00.000','102-020',0.000000,34649470.030000,'101260400037 PT. SENTRAS BOX INDONESIA - ISUINDO MAS PUTRA ','10203260400044'
'10203260400044','2026-04-28 00:00:00.000','102-001',34649470.030000,0.000000,'101260400037 PT. SENTRAS BOX INDONESIA - ISUINDO MAS PUTRA ','10203260400044'
'10203260400046','2026-04-28 00:00:00.000','102-020',0.000000,34649470.030000,'101260500002 ANTIKA BENGAWAN ','10203260400046'
'10203260400046','2026-04-28 00:00:00.000','102-001',34649470.030000,0.000000,'101260500002 ANTIKA BENGAWAN ','10203260400046'
'10203260400053','2026-04-28 00:00:00.000','102-020',0.000000,40632066.740000,'101260400023 CV. SUMBER KREASI SARANA           UNIT KE-1','10203260400053'
'10203260400053','2026-04-28 00:00:00.000','102-001',40632066.740000,0.000000,'101260400023 CV. SUMBER KREASI SARANA           UNIT KE-1','10203260400053'
'101KM260400014','2026-04-28 00:00:00.000','102-110',0.000000,2579814.960000,'PT. YAKULT INDONESIA PERSADA (DS. BONE)/FTS-100 12V/014TAM150426/NEW CARRY/J287783  07048','101KM260400014'
'101KM260400014','2026-04-28 00:00:00.000','102-102',0.000000,112635.000000,'PT. YAKULT INDONESIA PERSADA (DS. BONE)/FTS-100 12V/014TAM150426/NEW CARRY/J287783  07048','101KM260400014'
'101KM260400027','2026-04-28 00:00:00.000','102-110',0.000000,2492059.500000,'PT. MEGA INDO LOGISTIK KE-2/SV-800 24V/CIM 1091796/CD FE 74 LN/010314  06895','101KM260400027'
'101KM260400027','2026-04-28 00:00:00.000','102-102',0.000000,148678.200000,'PT. MEGA INDO LOGISTIK KE-2/SV-800 24V/CIM 1091796/CD FE 74 LN/010314  06895','101KM260400027'
'10102260400028','2026-04-28 00:00:00.000','102-101',0.000000,1259064.200000,'TS-SPARE PARTS THERMO KING','10102260400028'
'10102260400028','2026-04-28 00:00:00.000','102-101',0.000000,5609313.760000,'TS-SPARE PARTS THERMO KING','10102260400028'
'101KM260400036','2026-04-28 00:00:00.000','102-101',0.000000,1276924.510000,'  07.2604037','101KM260400036'
'101KM260400037','2026-04-28 00:00:00.000','102-110',0.000000,315379.020000,'  07.2604036','101KM260400037'
'101KM260400038','2026-04-28 00:00:00.000','102-110',0.000000,315379.020000,'  07.2604035','101KM260400038'
'101KM260400080','2026-04-28 00:00:00.000','102-101',0.000000,2833333.330000,'  KBS2604/028','101KM260400080'
'101KM260400081','2026-04-28 00:00:00.000','102-110',0.000000,515285.820000,'  KBS2604/027','101KM260400081'
'10103260400040','2026-04-28 00:00:00.000','102-001',0.000000,27165189.600000,'TR-UNIT TRUCK THERMO KING','10103260400040'
'10103260400041','2026-04-28 00:00:00.000','102-001',0.000000,34649470.030000,'TR-UNIT TRUCK THERMO KING','10103260400041'
'10103260400042','2026-04-28 00:00:00.000','102-001',0.000000,248222043.640000,'TR-UNIT TRUCK THERMO KING','10103260400042'
'10103260400037','2026-04-28 00:00:00.000','102-001',0.000000,27165189.600000,'TR-UNIT TRUCK THERMO KING','10103260400037'
'10103260400043','2026-04-28 00:00:00.000','102-001',0.000000,40632066.740000,'TR-UNIT TRUCK THERMO KING','10103260400043'
'10103260400038','2026-04-28 00:00:00.000','102-001',0.000000,27165189.600000,'TR-UNIT TRUCK THERMO KING','10103260400038'
'10103260400039','2026-04-28 00:00:00.000','102-001',0.000000,27165189.600000,'TR-UNIT TRUCK THERMO KING','10103260400039'
'10103260400044','2026-04-28 00:00:00.000','102-101',0.000000,1638556.770000,'TS-SPARE PARTS THERMO KING','10103260400044'
'10103260400044','2026-04-28 00:00:00.000','102-001',0.000000,34649470.030000,'TR-UNIT TRUCK THERMO KING','10103260400044'
'10103260400046','2026-04-28 00:00:00.000','102-001',0.000000,34649470.030000,'TR-UNIT TRUCK THERMO KING','10103260400046'
'10103260400053','2026-04-28 00:00:00.000','102-001',0.000000,40632066.740000,'TR-UNIT TRUCK THERMO KING','10103260400053'
'101BTB260400025','2026-04-29 00:00:00.000','102-110',4680000.000000,0.000000,'(LOKAL) NUGROHO TEKNIK 058/IV/2026/F.NT','101BTB260400025'
'101BTB260400032','2026-04-29 00:00:00.000','102-110',48000000.000000,0.000000,'(LOKAL) LESTARI MACHINERY 10/IV/2026-F','101BTB260400032'
'101260400049','2026-04-29 00:00:00.000','102-020',40632066.740000,0.000000,'CIM1091050 AMAN JAYA ','101260400049'
'101260400049','2026-04-29 00:00:00.000','102-001',0.000000,40632066.740000,'CIM1091050 AMAN JAYA ','101260400049'
'101260400048','2026-04-29 00:00:00.000','102-020',40632066.740000,0.000000,'CIM1083246 KREASI SEJUK SARANA','101260400048'
'101260400048','2026-04-29 00:00:00.000','102-001',0.000000,40632066.740000,'CIM1083246 KREASI SEJUK SARANA','101260400048'
'101260400052','2026-04-29 00:00:00.000','102-020',27165189.600000,0.000000,'CIM1083378 CARLOSINDO UTAMA','101260400052'
'101260400052','2026-04-29 00:00:00.000','102-001',0.000000,27165189.600000,'CIM1083378 CARLOSINDO UTAMA','101260400052'
'101260400051','2026-04-29 00:00:00.000','102-020',34649470.030000,0.000000,'CIM1076053 CARLOSINDO UTAMA  ','101260400051'
'101260400051','2026-04-29 00:00:00.000','102-001',0.000000,34649470.030000,'CIM1076053 CARLOSINDO UTAMA  ','101260400051'
'101260400050','2026-04-29 00:00:00.000','102-020',51996926.560000,0.000000,'CIM1091785 TIRTAMAS COLDTRANS ','101260400050'
'101260400050','2026-04-29 00:00:00.000','102-001',0.000000,51996926.560000,'CIM1091785 TIRTAMAS COLDTRANS ','101260400050'
'10203260400054','2026-04-29 00:00:00.000','102-020',0.000000,50595413.020000,'101260200065 BAHARI TRANS LOGISTIK     KE-1','10203260400054'
'10203260400054','2026-04-29 00:00:00.000','102-001',50595413.020000,0.000000,'101260200065 BAHARI TRANS LOGISTIK     KE-1','10203260400054'
'101KM260400030','2026-04-29 00:00:00.000','102-110',0.000000,1469532.540000,'KREASI SEJUK SARANA/SV-600 24V/CIM 1083246/ISUZU NMR/J138233  07097','101KM260400030'
'101KM260400030','2026-04-29 00:00:00.000','102-102',0.000000,148678.200000,'KREASI SEJUK SARANA/SV-600 24V/CIM 1083246/ISUZU NMR/J138233  07097','101KM260400030'
'10102260400030','2026-04-29 00:00:00.000','102-101',0.000000,3830773.530000,'TS-SPARE PARTS THERMO KING','10102260400030'
'10102260400031','2026-04-29 00:00:00.000','102-101',0.000000,1364508.220000,'TS-SPARE PARTS THERMO KING','10102260400031'
'10102260400032','2026-04-29 00:00:00.000','102-101',0.000000,487695.210000,'TS-SPARE PARTS THERMO KING','10102260400032'
'10102260400032','2026-04-29 00:00:00.000','102-101',0.000000,508773.030000,'TS-SPARE PARTS THERMO KING','10102260400032'
'10102260400032','2026-04-29 00:00:00.000','102-101',0.000000,380710.840000,'TS-SPARE PARTS THERMO KING','10102260400032'
'101KM260400028','2026-04-29 00:00:00.000','102-110',0.000000,2470929.180000,'KREASI SEJUK SARANA/SV-600 24V/CIM 1091052/CD FE 74/004657  07095','101KM260400028'
'101KM260400028','2026-04-29 00:00:00.000','102-102',0.000000,148678.200000,'KREASI SEJUK SARANA/SV-600 24V/CIM 1091052/CD FE 74/004657  07095','101KM260400028'
'101KM260400029','2026-04-29 00:00:00.000','102-110',0.000000,1415900.000000,'PT. MEGA INDO LOGISTIK/T-1200R/CIM 1090964/HINO FL/10410  07071','101KM260400029'
'10102260400029','2026-04-29 00:00:00.000','102-101',0.000000,536664.460000,'TS-SPARE PARTS THERMO KING','10102260400029'
'101KM260400035','2026-04-29 00:00:00.000','102-110',0.000000,315379.020000,'PT. AGUNG SOLUSI TRANS SV-800 24V  07.2604038','101KM260400035'
'101KM260400035','2026-04-29 00:00:00.000','102-101',0.000000,5062527.960000,'PT. AGUNG SOLUSI TRANS SV-800 24V  07.2604038','101KM260400035'
'101KM260400079','2026-04-29 00:00:00.000','102-110',0.000000,410663.320000,'  KBS2604/029','101KM260400079'
'10103260400054','2026-04-29 00:00:00.000','102-001',0.000000,50595413.020000,'TR-UNIT TRUCK THERMO KING','10103260400054'
'200410126040297','2026-04-30 00:00:00.000','102-601',1179000.000000,0.000000,'BM/NOTUL/TK.001,002',
'101BTB260400035','2026-04-30 00:00:00.000','102-110',4250000.000000,0.000000,'(LOKAL) THERMO ASRI MANDIRI 065/FK-TAM/IV/2026','101BTB260400035'
'101260400053','2026-04-30 00:00:00.000','102-020',51996926.560000,0.000000,'CIM1091784 PT. MEGAINDO  LOGISTIK                                          UNIT KE-3','101260400053'
'101260400053','2026-04-30 00:00:00.000','102-001',0.000000,51996926.560000,'CIM1091784 PT. MEGAINDO  LOGISTIK                                          UNIT KE-3','101260400053'
'10203260400048','2026-04-30 00:00:00.000','102-020',0.000000,40632066.740000,'101260400047 KREASI SEJUK SARANA ','10203260400048'
'10203260400048','2026-04-30 00:00:00.000','102-001',40632066.740000,0.000000,'101260400047 KREASI SEJUK SARANA ','10203260400048'
'10203260400049','2026-04-30 00:00:00.000','102-020',0.000000,40632066.740000,'101260400048 KREASI SEJUK SARANA','10203260400049'
'10203260400049','2026-04-30 00:00:00.000','102-001',40632066.740000,0.000000,'101260400048 KREASI SEJUK SARANA','10203260400049'
'101KM260400031','2026-04-30 00:00:00.000','102-110',0.000000,10.000000,'PT. SELENDANG REJEKI BINANGKIT SV-400 24V  07.2604041','101KM260400031'
'101KM260400032','2026-04-30 00:00:00.000','102-101',0.000000,10.000000,'PT. MANGGALA KIAT ANANDA T-1200  07.2604042','101KM260400032'
'101KM260400033','2026-04-30 00:00:00.000','102-110',0.000000,315379.020000,'PT. RADHA PANGGIH SV-600 24V  07.2604040','101KM260400033'
'101KM260400033','2026-04-30 00:00:00.000','102-101',0.000000,5062527.960000,'PT. RADHA PANGGIH SV-600 24V  07.2604040','101KM260400033'
'10102260400033','2026-04-30 00:00:00.000','102-101',0.000000,7400213.600000,'TS-SPARE PARTS THERMO KING','10102260400033'
'101KM260400034','2026-04-30 00:00:00.000','102-101',0.000000,1276924.510000,'PT. SELARAS MANDIRI RAYA T-1280E  07.2604039','101KM260400034'
'101KM260400075','2026-04-30 00:00:00.000','102-101',0.000000,1249459.910000,'CLAIM SERVICE INDONESIA CAKRAWALA EXPRESS   KBS2604/033','101KM260400075'
'101KM260400076','2026-04-30 00:00:00.000','102-101',0.000000,2262454.760000,'  KBS2604/032','101KM260400076'
'101KM260400077','2026-04-30 00:00:00.000','102-110',0.000000,10.000000,'RUBAH PULLEY COMPR CARLOSINDO  KBS2604/031','101KM260400077'
'101KM260400078','2026-04-30 00:00:00.000','102-110',0.000000,10.000000,'RUBAH PULLEY COMPR  KBS2604/030','101KM260400078'
'10103260400045','2026-04-30 00:00:00.000','102-101',0.000000,2766237.900000,'TS-SPARE PARTS THERMO KING','10103260400045'
'10103260400048','2026-04-30 00:00:00.000','102-001',0.000000,40632066.740000,'TR-UNIT TRUCK THERMO KING','10103260400048'
'10103260400049','2026-04-30 00:00:00.000','102-001',0.000000,40632066.740000,'TR-UNIT TRUCK THERMO KING','10103260400049'
'101KM260400111','2026-04-30 00:00:00.000','102-110',0.000000,10306168.830000,'PENYESUAIAN STOCK APRIL 2026  050','101KM260400111'
'10101260400066','2026-04-30 00:00:00.000','102-101',0.000000,536664.460000,'TS-SPARE PARTS THERMO KING','10101260400066'
'10101260400067','2026-04-30 00:00:00.000','102-110',0.000000,130864.210000,'L-LOKAL','10101260400067'
'10101260400067','2026-04-30 00:00:00.000','102-110',0.000000,309108.650000,'L-LOKAL','10101260400067'
'10101260400067','2026-04-30 00:00:00.000','102-110',0.000000,277500.000000,'L-LOKAL','10101260400067'
'10101260400067','2026-04-30 00:00:00.000','102-102',0.000000,43797.000000,'TL-SPARE PARTS THERMO KING LOKAL','10101260400067'
'101KP260500006','2026-05-01 00:00:00.000','102-110',12868216.200000,0.000000,'  MEI''26','101KP260500006'
'101KP260500006','2026-05-01 00:00:00.000','102-102',4320000.000000,0.000000,'  MEI''26','101KP260500006'
'101KP260500007','2026-05-01 00:00:00.000','102-110',5000000.000000,0.000000,'PEMBUATAN ELECTRIC STANDBY  002','101KP260500007'
'101260500001','2026-05-04 00:00:00.000','102-020',211169048.430000,0.000000,'CIM1090971 PT. PUTRA FAJAR JAYA MANDIRI                        UNIT KE-1','101260500001'
'101260500001','2026-05-04 00:00:00.000','102-001',0.000000,211169048.430000,'CIM1090971 PT. PUTRA FAJAR JAYA MANDIRI                        UNIT KE-1','101260500001'
'10203260500001','2026-05-04 00:00:00.000','102-020',0.000000,35916332.420000,'101260400015 U/ CARLOSINDO UTAMA','10203260500001'
'10203260500001','2026-05-04 00:00:00.000','102-001',35916332.420000,0.000000,'101260400015 U/ CARLOSINDO UTAMA','10203260500001'
'10203260500002','2026-05-04 00:00:00.000','102-020',0.000000,248222043.640000,'101260400046 MEGA INDO LOGISTIK','10203260500002'
'10203260500002','2026-05-04 00:00:00.000','102-001',248222043.640000,0.000000,'101260400046 MEGA INDO LOGISTIK','10203260500002'
'101KM260500001','2026-05-04 00:00:00.000','102-110',0.000000,1006510.930000,'PT. FAJAR MULA ABADI (WINGS CORP) WANGON/NR-450I 12V/801010644BEFBC018/ISUZU TRAGA/J579524  07030','101KM260500001'
'101KM260500001','2026-05-04 00:00:00.000','102-102',0.000000,120524.250000,'PT. FAJAR MULA ABADI (WINGS CORP) WANGON/NR-450I 12V/801010644BEFBC018/ISUZU TRAGA/J579524  07030','101KM260500001'
'10102260500001','2026-05-04 00:00:00.000','102-101',0.000000,1422803.420000,'TS-SPARE PARTS THERMO KING','10102260500001'
'101KM260500002','2026-05-04 00:00:00.000','102-110',0.000000,3749196.650000,'CV. SUMBER KREASI SARANA(CEDEA KE-2)/SV-600 24V + ESTB/CIM 1083713/CD FE 71 L/007084  06983','101KM260500002'
'101KM260500002','2026-05-04 00:00:00.000','102-102',0.000000,144629.100000,'CV. SUMBER KREASI SARANA(CEDEA KE-2)/SV-600 24V + ESTB/CIM 1083713/CD FE 71 L/007084  06983','101KM260500002'
'10102260500002','2026-05-04 00:00:00.000','102-110',0.000000,25.000000,'L-LOKAL','10102260500002'
'10102260500002','2026-05-04 00:00:00.000','102-101',0.000000,938428.180000,'TS-SPARE PARTS THERMO KING','10102260500002'
'101KM260500003','2026-05-04 00:00:00.000','102-110',0.000000,1006510.930000,'PT. WINGS SURYA (WINGS CORP) DRIYOREJO/NR-450I 12V/801010644BEFBC026/ISUZU TRAGA/J578765  07008','101KM260500003'
'101KM260500003','2026-05-04 00:00:00.000','102-102',0.000000,120524.250000,'PT. WINGS SURYA (WINGS CORP) DRIYOREJO/NR-450I 12V/801010644BEFBC026/ISUZU TRAGA/J578765  07008','101KM260500003'
'10102260500003','2026-05-04 00:00:00.000','102-110',0.000000,340115.520000,'L-LOKAL','10102260500003'
'10102260500003','2026-05-04 00:00:00.000','102-101',0.000000,1513072.920000,'TS-SPARE PARTS THERMO KING','10102260500003'
'101BTB260500001','2026-05-04 00:00:00.000','102-110',10400000.000000,0.000000,'(LOKAL) NUGROHO TEKNIK 059/V/2026/F.NT','101BTB260500001'
'101BTB260500002','2026-05-04 00:00:00.000','102-110',8928000.000000,0.000000,'(LOKAL) ALBERT AL737 ','101BTB260500002'
'101BTB260500003','2026-05-04 00:00:00.000','102-110',3889999.500000,0.000000,'(LOKAL) ALBERT AL3838','101BTB260500003'
'101BTB260500004','2026-05-04 00:00:00.000','102-110',3363000.000000,0.000000,'(LOKAL) MULIA JAYA 4920','101BTB260500004'
'101BTB260500008','2026-05-04 00:00:00.000','102-110',5300000.000000,0.000000,'(LOKAL) KEMENANGAN (K0705)','101BTB260500008'
'101KM260500087','2026-05-04 00:00:00.000','102-101',0.000000,79738.090000,'  07.2605001','101KM260500087'
'101BTB260500014','2026-05-04 00:00:00.000','102-201',96000.000000,0.000000,'(MATERIAL TAMBAHAN) H-TECH 16450','101BTB260500014'
'101BTB260500014','2026-05-04 00:00:00.000','102-110',1800000.000000,0.000000,'(LOKAL) H-TECH 16450','101BTB260500014'
'101BTB260500014','2026-05-04 00:00:00.000','102-102',2500000.000000,0.000000,'(SPARE PARTS THERMO KING LOKAL) H-TECH 16450','101BTB260500014'
'10103260500001','2026-05-04 00:00:00.000','102-001',0.000000,35916332.420000,'TR-UNIT TRUCK THERMO KING','10103260500001'
'10103260500002','2026-05-04 00:00:00.000','102-001',0.000000,248222043.640000,'TR-UNIT TRUCK THERMO KING','10103260500002'
'10101260500001','2026-05-04 00:00:00.000','102-101',0.000000,1422803.420000,'TS-SPARE PARTS THERMO KING','10101260500001'
'101KM260500105','2026-05-04 00:00:00.000','102-101',0.000000,5644444.460000,'  KBS2605/002','101KM260500105'
'101KM260500106','2026-05-04 00:00:00.000','102-101',0.000000,1100412.310000,'  KBS2605/001','101KM260500106'
'200410126050040','2026-05-05 00:00:00.000','102-601',10073000.000000,0.000000,'BM/PIB.000045/TK.001,002,007',
'10203260500003','2026-05-05 00:00:00.000','102-020',0.000000,211169048.430000,'101260500001 PT. PUTRA FAJAR JAYA MANDIRI                        UNIT KE-1','10203260500003'
'10203260500003','2026-05-05 00:00:00.000','102-001',211169048.430000,0.000000,'101260500001 PT. PUTRA FAJAR JAYA MANDIRI                        UNIT KE-1','10203260500003'
'10203260500004','2026-05-05 00:00:00.000','102-020',0.000000,51996926.560000,'101260400044 PT. MEGA INDO LOGISTIK                                   UNIT KE-2','10203260500004'
'10203260500004','2026-05-05 00:00:00.000','102-001',51996926.560000,0.000000,'101260400044 PT. MEGA INDO LOGISTIK                                   UNIT KE-2','10203260500004'
'101KP260500005','2026-05-05 00:00:00.000','102-110',20000000.000000,0.000000,'INTERN. STOCK GUDANG  011','101KP260500005'
'10203260500011','2026-05-05 00:00:00.000','102-020',0.000000,198563196.750000,'101260400035 WINSON SINGA LOGISTIK                                UNIT KE-5','10203260500011'
'10203260500011','2026-05-05 00:00:00.000','102-001',198563196.750000,0.000000,'101260400035 WINSON SINGA LOGISTIK                                UNIT KE-5','10203260500011'
'101KM260500004','2026-05-05 00:00:00.000','102-110',0.000000,1423079.060000,'PT. PUTRA FAJAR JAYA MANDIRI KE-1/T-1080 PRO/CIM 1090971/GIGA/J006042  07003','101KM260500004'
'10102260500004','2026-05-05 00:00:00.000','102-102',0.000000,105033.100000,'TL-SPARE PARTS THERMO KING LOKAL','10102260500004'
'10102260500004','2026-05-05 00:00:00.000','102-101',0.000000,294626.210000,'TS-SPARE PARTS THERMO KING','10102260500004'
'101KM260500005','2026-05-05 00:00:00.000','102-110',0.000000,1006510.930000,'PT. WINGS SURYA (WINGS CORP) DRIYOREJO/NR-450I 12V/801010644BEFBC026/ISUZU TRAGA/J578765  07008','101KM260500005'
'101KM260500005','2026-05-05 00:00:00.000','102-102',0.000000,120524.250000,'PT. WINGS SURYA (WINGS CORP) DRIYOREJO/NR-450I 12V/801010644BEFBC026/ISUZU TRAGA/J578765  07008','101KM260500005'
'1012605FR05001','2026-05-05 00:00:00.000','102-601',0.000000,23696500.000000,'(UNIT TRUCK THERMO KING) SUM.601C-020326 INV.5002010','1012605FR05001'
'1012605FR05001','2026-05-05 00:00:00.000','102-001',23696500.000000,0.000000,'(Ekspedisi : UNIT TRUCK THERMO KING) SUM.601C-020326 INV.5002010','1012605FR05001'
'101KM260500008','2026-05-05 00:00:00.000','102-110',0.000000,1433471.920000,'PT. MEGA INDO LOGISTIK KE-3/SV-800 24V/CIM 1091784/CD FE 74 LN/010315  06895','101KM260500008'
'101KM260500008','2026-05-05 00:00:00.000','102-102',0.000000,144629.100000,'PT. MEGA INDO LOGISTIK KE-3/SV-800 24V/CIM 1091784/CD FE 74 LN/010315  06895','101KM260500008'
'101BTB260500009','2026-05-05 00:00:00.000','102-001',4138174818.000000,0.000000,'(UNIT TRUCK THERMO KING) SUM.601C-020326 INV.5002010','101BTB260500009'
'101KM260500085','2026-05-05 00:00:00.000','102-101',0.000000,79748.090000,'  07.2605003','101KM260500085'
'101KM260500086','2026-05-05 00:00:00.000','102-110',0.000000,323479.470000,'  07.2605002','101KM260500086'
'10103260500003','2026-05-05 00:00:00.000','102-001',0.000000,211169048.430000,'TR-UNIT TRUCK THERMO KING','10103260500003'
'10103260500004','2026-05-05 00:00:00.000','102-001',0.000000,51996926.560000,'TR-UNIT TRUCK THERMO KING','10103260500004'
'10101260500003','2026-05-05 00:00:00.000','102-110',0.000000,5000000.000000,'L-LOKAL','10101260500003'
'10103260500011','2026-05-05 00:00:00.000','102-001',0.000000,198563196.750000,'TR-UNIT TRUCK THERMO KING','10103260500011'
'101KM260500104','2026-05-05 00:00:00.000','102-110',0.000000,376320.430000,'  KBS2605/003','101KM260500104'
'10203260500006','2026-05-06 00:00:00.000','102-020',0.000000,40632066.740000,'101260400034 CV. SUMBER KREASI SARANA - CEDEA               UNIT KE-2','10203260500006'
'10203260500006','2026-05-06 00:00:00.000','102-001',40632066.740000,0.000000,'101260400034 CV. SUMBER KREASI SARANA - CEDEA               UNIT KE-2','10203260500006'
'10203260500010','2026-05-06 00:00:00.000','102-020',0.000000,60972216.690000,'101260400039 MITRA KAROSERI INTERNASIONAL ','10203260500010'
'10203260500010','2026-05-06 00:00:00.000','102-001',60972216.690000,0.000000,'101260400039 MITRA KAROSERI INTERNASIONAL ','10203260500010'
'10203260500020','2026-05-06 00:00:00.000','102-020',0.000000,40632066.740000,'101260400049 AMAN JAYA ','10203260500020'
'10203260500020','2026-05-06 00:00:00.000','102-001',40632066.740000,0.000000,'101260400049 AMAN JAYA ','10203260500020'
'10102260500005','2026-05-06 00:00:00.000','102-110',0.000000,295000.000000,'L-LOKAL','10102260500005'
'10102260500005','2026-05-06 00:00:00.000','102-101',0.000000,258706.720000,'TS-SPARE PARTS THERMO KING','10102260500005'
'10102260500005','2026-05-06 00:00:00.000','102-101',0.000000,2792246.750000,'TS-SPARE PARTS THERMO KING','10102260500005'
'101KM260500006','2026-05-06 00:00:00.000','102-110',0.000000,2900000.000000,'PT. WINSON SINGA LOGISTIK KE-6/T-1280E/CIM 1089526/HINO FL/19149  06873','101KM260500006'
'10102260500006','2026-05-06 00:00:00.000','102-101',0.000000,5355702.930000,'TS-SPARE PARTS THERMO KING','10102260500006'
'101KM260500007','2026-05-06 00:00:00.000','102-110',0.000000,2342548.940000,'PT. LINTAS MITRA ANUGERAH SEJATI KE-1/KX-450K 24V/801010174BCHZA001/CD FE 71 L/007330  07116','101KM260500007'
'101KM260500007','2026-05-06 00:00:00.000','102-102',0.000000,144629.100000,'PT. LINTAS MITRA ANUGERAH SEJATI KE-1/KX-450K 24V/801010174BCHZA001/CD FE 71 L/007330  07116','101KM260500007'
'1012605FR05002','2026-05-06 00:00:00.000','102-601',0.000000,10944300.000000,'(UNIT TRUCK THERMO KING) SUM.601B-020326 INV.5002012','1012605FR05002'
'1012605FR05002','2026-05-06 00:00:00.000','102-001',10944300.000000,0.000000,'(Ekspedisi : UNIT TRUCK THERMO KING) SUM.601B-020326 INV.5002012','1012605FR05002'
'101KM260500009','2026-05-06 00:00:00.000','102-110',0.000000,4185084.820000,'MITRA KAROSERI INTERNATIONAL PT/SV-1080S 24V + ALTENATOR + ACCU/CIM 1086204/FRR 90 Q/J002492  07052','101KM260500009'
'101KM260500009','2026-05-06 00:00:00.000','102-102',0.000000,219135.000000,'MITRA KAROSERI INTERNATIONAL PT/SV-1080S 24V + ALTENATOR + ACCU/CIM 1086204/FRR 90 Q/J002492  07052','101KM260500009'
'101KM260500010','2026-05-06 00:00:00.000','102-110',0.000000,1006510.930000,'PT. LINTAS BERSAMA LOGISTIK (WINGS CORP) KE-10/NR-450I 12V/801010644BFCZ1017/ISUZU TRAGA/J578767  07','101KM260500010'
'101KM260500010','2026-05-06 00:00:00.000','102-102',0.000000,120524.250000,'PT. LINTAS BERSAMA LOGISTIK (WINGS CORP) KE-10/NR-450I 12V/801010644BFCZ1017/ISUZU TRAGA/J578767  07','101KM260500010'
'101KM260500011','2026-05-06 00:00:00.000','102-110',0.000000,2303649.380000,'PT. LINTAS ANUGERAH SEJATI/KX-380K 24V/801010631BDJBA003/CD FE71/006316  07115','101KM260500011'
'101KM260500011','2026-05-06 00:00:00.000','102-102',0.000000,144629.100000,'PT. LINTAS ANUGERAH SEJATI/KX-380K 24V/801010631BDJBA003/CD FE71/006316  07115','101KM260500011'
'101BTB260500005','2026-05-06 00:00:00.000','102-110',5662500.000000,0.000000,'(LOKAL) MULIA JAYA 3827','101BTB260500005'
'101BTB260500006','2026-05-06 00:00:00.000','102-101',14250000.000000,0.000000,'(SPARE PARTS THERMO KING) MULIA JAYA 3927','101BTB260500006'
'101BTB260500007','2026-05-06 00:00:00.000','102-110',1150000.000000,0.000000,'(LOKAL) KEMENGANG (K955)','101BTB260500007'
'101BTB260500010','2026-05-06 00:00:00.000','102-001',1919772352.000000,0.000000,'(UNIT TRUCK THERMO KING) SUM.601B-020326 INV.5002012','101BTB260500010'
'101BTB260500036','2026-05-06 00:00:00.000','102-110',5750000.000000,0.000000,'(LOKAL) AKRINDO ABADI (KLM.26.05.00036)','101BTB260500036'
'10103260500006','2026-05-06 00:00:00.000','102-001',0.000000,40632066.740000,'TR-UNIT TRUCK THERMO KING','10103260500006'
'10101260500004','2026-05-06 00:00:00.000','102-110',0.000000,100786.660000,'L-LOKAL','10101260500004'
'10101260500005','2026-05-06 00:00:00.000','102-201',0.000000,49862.180000,'MT-MATERIAL TAMBAHAN','10101260500005'
'10101260500006','2026-05-06 00:00:00.000','102-201',0.000000,49862.180000,'MT-MATERIAL TAMBAHAN','10101260500006'
'10101260500007','2026-05-06 00:00:00.000','102-201',0.000000,49862.180000,'MT-MATERIAL TAMBAHAN','10101260500007'
'10103260500010','2026-05-06 00:00:00.000','102-101',0.000000,10.000000,'TS-SPARE PARTS THERMO KING','10103260500010'
'10103260500010','2026-05-06 00:00:00.000','102-001',0.000000,60972216.690000,'TR-UNIT TRUCK THERMO KING','10103260500010'
'10103260500020','2026-05-06 00:00:00.000','102-001',0.000000,40632066.740000,'TR-UNIT TRUCK THERMO KING','10103260500020'
'101KM260500103','2026-05-06 00:00:00.000','102-110',0.000000,633333.330000,'  KBS2605/004','101KM260500103'
'200410126050045','2026-05-07 00:00:00.000','102-601',50932852.000000,0.000000,'TK.001,002,007 Persediaan Dlm.Perjalanan ',
'101260500007','2026-05-07 00:00:00.000','102-020',27165189.600000,0.000000,'CIM1083377 PT. HIJRAH GIZI HEWANI','101260500007'
'101260500007','2026-05-07 00:00:00.000','102-001',0.000000,27165189.600000,'CIM1083377 PT. HIJRAH GIZI HEWANI','101260500007'
'101260500006','2026-05-07 00:00:00.000','102-020',41611969.900000,0.000000,'CIM1083243 KUSUMA SARANA PANGAN ','101260500006'
'101260500006','2026-05-07 00:00:00.000','102-001',0.000000,41611969.900000,'CIM1083243 KUSUMA SARANA PANGAN ','101260500006'
'101260500005','2026-05-07 00:00:00.000','102-020',35916332.420000,0.000000,'CIM1091775 PT. ULTIMA JAYA','101260500005'
'101260500005','2026-05-07 00:00:00.000','102-001',0.000000,35916332.420000,'CIM1091775 PT. ULTIMA JAYA','101260500005'
'101260500004','2026-05-07 00:00:00.000','102-020',34649470.030000,0.000000,'CIM1084304 CIPTA MANUNGGAL SAKTI','101260500004'
'101260500004','2026-05-07 00:00:00.000','102-001',0.000000,34649470.030000,'CIM1084304 CIPTA MANUNGGAL SAKTI','101260500004'
'101260500003','2026-05-07 00:00:00.000','102-020',198563196.750000,0.000000,'CIM1089526 PT. WINSON SINGA LOGISTIK                     UNIT KE-6','101260500003'
'101260500003','2026-05-07 00:00:00.000','102-001',0.000000,198563196.750000,'CIM1089526 PT. WINSON SINGA LOGISTIK                     UNIT KE-6','101260500003'
'10203260500005','2026-05-07 00:00:00.000','102-020',0.000000,27165189.600000,'101260500007 PT. HIJRAH GIZI HEWANI','10203260500005'
'10203260500005','2026-05-07 00:00:00.000','102-001',27165189.600000,0.000000,'101260500007 PT. HIJRAH GIZI HEWANI','10203260500005'
'10203260500007','2026-05-07 00:00:00.000','102-020',0.000000,50595413.020000,'101260200066 BAHARI TRANS LOGISTIK     KE-2','10203260500007'
'10203260500007','2026-05-07 00:00:00.000','102-001',50595413.020000,0.000000,'101260200066 BAHARI TRANS LOGISTIK     KE-2','10203260500007'
'10203260500013','2026-05-07 00:00:00.000','102-020',0.000000,198563196.750000,'101260500003 PT. WINSON SINGA LOGISTIK                     UNIT KE-6','10203260500013'
'10203260500013','2026-05-07 00:00:00.000','102-001',198563196.750000,0.000000,'101260500003 PT. WINSON SINGA LOGISTIK                     UNIT KE-6','10203260500013'
'10102260500007','2026-05-07 00:00:00.000','102-110',0.000000,340115.520000,'L-LOKAL','10102260500007'
'10102260500008','2026-05-07 00:00:00.000','102-101',0.000000,651956.600000,'TS-SPARE PARTS THERMO KING','10102260500008'
'10103260500005','2026-05-07 00:00:00.000','102-001',0.000000,27165189.600000,'TR-UNIT TRUCK THERMO KING','10103260500005'
'10103260500007','2026-05-07 00:00:00.000','102-001',0.000000,50595413.020000,'TR-UNIT TRUCK THERMO KING','10103260500007'
'10101260500009','2026-05-07 00:00:00.000','102-110',0.000000,185746.890000,'L-LOKAL','10101260500009'
'10101260500009','2026-05-07 00:00:00.000','102-110',0.000000,763869.260000,'L-LOKAL','10101260500009'
'10101260500009','2026-05-07 00:00:00.000','102-101',0.000000,938994.120000,'TS-SPARE PARTS THERMO KING','10101260500009'
'10101260500009','2026-05-07 00:00:00.000','102-101',0.000000,1457140.300000,'TS-SPARE PARTS THERMO KING','10101260500009'
'10101260500009','2026-05-07 00:00:00.000','102-101',0.000000,1726337.360000,'TS-SPARE PARTS THERMO KING','10101260500009'
'10101260500009','2026-05-07 00:00:00.000','102-101',0.000000,169633.690000,'TS-SPARE PARTS THERMO KING','10101260500009'
'10101260500009','2026-05-07 00:00:00.000','102-101',0.000000,190355.420000,'TS-SPARE PARTS THERMO KING','10101260500009'
'10101260500009','2026-05-07 00:00:00.000','102-101',0.000000,162531.090000,'TS-SPARE PARTS THERMO KING','10101260500009'
'10103260500013','2026-05-07 00:00:00.000','102-001',0.000000,198563196.750000,'TR-UNIT TRUCK THERMO KING','10103260500013'
'10101260500011','2026-05-07 00:00:00.000','102-110',0.000000,928734.450000,'L-LOKAL','10101260500011'
'10101260500011','2026-05-07 00:00:00.000','102-102',0.000000,1500046.400000,'TL-SPARE PARTS THERMO KING LOKAL','10101260500011'
'10101260500011','2026-05-07 00:00:00.000','102-101',0.000000,2262454.760000,'TS-SPARE PARTS THERMO KING','10101260500011'
'10101260500011','2026-05-07 00:00:00.000','102-101',0.000000,781413.100000,'TS-SPARE PARTS THERMO KING','10101260500011'
'101260500008','2026-05-08 00:00:00.000','102-020',41611969.900000,0.000000,'CIM1091056 MAS - DIPO INTERNASIONAL PAHALA ','101260500008'
'101260500008','2026-05-08 00:00:00.000','102-001',0.000000,41611969.900000,'CIM1091056 MAS - DIPO INTERNASIONAL PAHALA ','101260500008'
'101KP260500004','2026-05-08 00:00:00.000','102-110',10.000000,0.000000,'INTERN  030','101KP260500004'
'1012605FR05003','2026-05-08 00:00:00.000','102-601',0.000000,61005852.000000,'(SPARE PARTS THERMO KING) TK.001-070126, TK.002-130226, TK.007-010825 INV.1308402951','1012605FR05003'
'1012605FR05003','2026-05-08 00:00:00.000','102-101',61005852.000000,0.000000,'(Ekspedisi : SPARE PARTS THERMO KING) TK.001-070126, TK.002-130226, TK.007-010825 INV.1308402951','1012605FR05003'
'10102260500009','2026-05-08 00:00:00.000','102-101',0.000000,12858032.720000,'TS-SPARE PARTS THERMO KING','10102260500009'
'101KM260500012','2026-05-08 00:00:00.000','102-110',0.000000,2350758.890000,'CV. ULTIMA JAYA SEJAHTERA/SV-400 24V/CIM 1091775/CD FE 71 L/007488  07068','101KM260500012'
'101KM260500012','2026-05-08 00:00:00.000','102-102',0.000000,144629.100000,'CV. ULTIMA JAYA SEJAHTERA/SV-400 24V/CIM 1091775/CD FE 71 L/007488  07068','101KM260500012'
'101KM260500013','2026-05-08 00:00:00.000','102-110',0.000000,2540146.660000,'CV. CIPTA MANUNGGAL SAKTI/SV-400 12V/CIM 1084304/DUTRO 115HD/5004879  07046','101KM260500013'
'101KM260500013','2026-05-08 00:00:00.000','102-102',0.000000,144629.100000,'CV. CIPTA MANUNGGAL SAKTI/SV-400 12V/CIM 1084304/DUTRO 115HD/5004879  07046','101KM260500013'
'101KM260500082','2026-05-08 00:00:00.000','102-103',0.000000,275549.880000,'  07.2605006','101KM260500082'
'101KM260500082','2026-05-08 00:00:00.000','102-101',0.000000,171925.160000,'  07.2605006','101KM260500082'
'101KM260500083','2026-05-08 00:00:00.000','102-102',0.000000,140335.320000,'  07.2605005','101KM260500083'
'101KM260500083','2026-05-08 00:00:00.000','102-101',0.000000,79748.090000,'  07.2605005','101KM260500083'
'101KM260500084','2026-05-08 00:00:00.000','102-101',0.000000,1890568.660000,'  07.2605004','101KM260500084'
'101BTB260500012','2026-05-08 00:00:00.000','102-101',161689734.180000,0.000000,'(SPARE PARTS THERMO KING) TK.002-130226 INV.138402951, TK.007-010825, TK.001-070126 INV.1308402957','101BTB260500012'
'101BTB260500013','2026-05-08 00:00:00.000','102-110',7480000.000000,0.000000,'(LOKAL) MULIA JAYA 8321 ','101BTB260500013'
'101BTB260500015','2026-05-08 00:00:00.000','102-110',1532000.000000,0.000000,'(LOKAL) ALBERT AL7346','101BTB260500015'
'101BTB260500016','2026-05-08 00:00:00.000','102-110',2355000.050000,0.000000,'(LOKAL) ALBERT (AL6730)','101BTB260500016'
'101BTB260500017','2026-05-08 00:00:00.000','102-201',132000.000000,0.000000,'(MATERIAL TAMBAHAN) H-TECH 16470','101BTB260500017'
'101BTB260500017','2026-05-08 00:00:00.000','102-110',9100000.000000,0.000000,'(LOKAL) H-TECH 16470','101BTB260500017'
'101BTB260500040','2026-05-08 00:00:00.000','102-003',38500000.000000,0.000000,'(NORDIC) PT. SEJUK SEJAHTERA SENTOSA 3S01.2605031','101BTB260500040'
'101BTB260500041','2026-05-08 00:00:00.000','102-003',38500000.000000,0.000000,'(NORDIC) PT. SEJUK SEJAHTERA SENTOSA 3S01.26050030','101BTB260500041'
'101BTB260500042','2026-05-08 00:00:00.000','102-003',36200000.000000,0.000000,'(NORDIC) PT. SEJUK SEJAHTERA SENTOSA 3S01.2605033','101BTB260500042'
'101BTB260500043','2026-05-08 00:00:00.000','102-003',31500000.000000,0.000000,'(NORDIC) PT. SEJUK SEJAHTERA SENTOSA 3S01.2605029','101BTB260500043'
'101BTB260500044','2026-05-08 00:00:00.000','102-003',36200000.000000,0.000000,'(NORDIC) SEJUK SEJAHTERA SANTOSA (3S01.2605032)','101BTB260500044'
'101KM260500100','2026-05-08 00:00:00.000','102-101',0.000000,11116459.220000,'  KBS2605/007','101KM260500100'
'10101260500013','2026-05-08 00:00:00.000','102-110',0.000000,80235.140000,'L-LOKAL','10101260500013'
'10101260500014','2026-05-08 00:00:00.000','102-110',0.000000,55182.150000,'L-LOKAL','10101260500014'
'10101260500014','2026-05-08 00:00:00.000','102-110',0.000000,274687.500000,'L-LOKAL','10101260500014'
'101KM260500101','2026-05-08 00:00:00.000','102-110',0.000000,376340.270000,'  KBS2605/006','101KM260500101'
'101KM260500101','2026-05-08 00:00:00.000','102-101',0.000000,4478750.120000,'  KBS2605/006','101KM260500101'
'10101260500015','2026-05-08 00:00:00.000','102-110',0.000000,381111.020000,'L-LOKAL','10101260500015'
'10101260500016','2026-05-08 00:00:00.000','102-110',0.000000,109091.820000,'L-LOKAL','10101260500016'
'10101260500016','2026-05-08 00:00:00.000','102-110',0.000000,763869.260000,'L-LOKAL','10101260500016'
'10101260500016','2026-05-08 00:00:00.000','102-101',0.000000,1422803.420000,'TS-SPARE PARTS THERMO KING','10101260500016'
'10101260500016','2026-05-08 00:00:00.000','102-101',0.000000,41875.850000,'TS-SPARE PARTS THERMO KING','10101260500016'
'10101260500016','2026-05-08 00:00:00.000','102-101',0.000000,169633.690000,'TS-SPARE PARTS THERMO KING','10101260500016'
'10101260500016','2026-05-08 00:00:00.000','102-101',0.000000,162531.090000,'TS-SPARE PARTS THERMO KING','10101260500016'
'101KM260500102','2026-05-08 00:00:00.000','102-110',0.000000,633333.330000,'  KBS2605/005','101KM260500102'
'101260500065','2026-05-09 00:00:00.000','102-020',36200000.000000,0.000000,'632BFAAD005 U/ PT. LINTAS MITRA ANUGERAH SEJATI KE - 2','101260500065'
'101260500065','2026-05-09 00:00:00.000','102-003',0.000000,36200000.000000,'632BFAAD005 U/ PT. LINTAS MITRA ANUGERAH SEJATI KE - 2','101260500065'
'101260500064','2026-05-09 00:00:00.000','102-020',31500000.000000,0.000000,'632BFAZI005 U/ PT. LINTAS MITRA ANUGERAH SEJATI KE - 1','101260500064'
'101260500064','2026-05-09 00:00:00.000','102-003',0.000000,31500000.000000,'632BFAZI005 U/ PT. LINTAS MITRA ANUGERAH SEJATI KE - 1','101260500064'
'101260500063','2026-05-09 00:00:00.000','102-020',19250000.000000,0.000000,'645BDEAC002 U/ PT. LINTAS MITRA ANUGERAH SEJATI KE - 2 ','101260500063'
'101260500063','2026-05-09 00:00:00.000','102-003',0.000000,19250000.000000,'645BDEAC002 U/ PT. LINTAS MITRA ANUGERAH SEJATI KE - 2 ','101260500063'
'101260500062','2026-05-09 00:00:00.000','102-020',31500000.000000,0.000000,'631BDJBA003 U/ PT. LINTAS MITRA ANUGERAH SEJATI','101260500062'
'101260500062','2026-05-09 00:00:00.000','102-003',0.000000,31500000.000000,'631BDJBA003 U/ PT. LINTAS MITRA ANUGERAH SEJATI','101260500062'
'101260500061','2026-05-09 00:00:00.000','102-020',19250000.000000,0.000000,'174BCHZA001 U/ LINTAS MITRA ANUGERAH SEJATI KE - 1','101260500061'
'101260500061','2026-05-09 00:00:00.000','102-003',0.000000,19250000.000000,'174BCHZA001 U/ LINTAS MITRA ANUGERAH SEJATI KE - 1','101260500061'
'101260500009','2026-05-11 00:00:00.000','102-020',35916332.420000,0.000000,'CIM1091036 UNIT ONLY ','101260500009'
'101260500009','2026-05-11 00:00:00.000','102-001',0.000000,35916332.420000,'CIM1091036 UNIT ONLY ','101260500009'
'101260500015','2026-05-11 00:00:00.000','102-020',211169048.430000,0.000000,'CIM1096163 CV. CIPTA MANUNGGAL - AMELIA JAYA CARROT','101260500015'
'101260500015','2026-05-11 00:00:00.000','102-001',0.000000,211169048.430000,'CIM1096163 CV. CIPTA MANUNGGAL - AMELIA JAYA CARROT','101260500015'
'101260500014','2026-05-11 00:00:00.000','102-020',51814350.270000,0.000000,'CIM1096267 BINTANG ROLLAS ','101260500014'
'101260500014','2026-05-11 00:00:00.000','102-001',0.000000,51814350.270000,'CIM1096267 BINTANG ROLLAS ','101260500014'
'101260500013','2026-05-11 00:00:00.000','102-020',34649470.030000,0.000000,'CIM1076070 KRS. MASTER   QQ BPK. BUDI SANTOSO','101260500013'
'101260500013','2026-05-11 00:00:00.000','102-001',0.000000,34649470.030000,'CIM1076070 KRS. MASTER   QQ BPK. BUDI SANTOSO','101260500013'
'101260500012','2026-05-11 00:00:00.000','102-020',27165189.600000,0.000000,'CIM1083384 AKPP QQ AMI BARESTIK ','101260500012'
'101260500012','2026-05-11 00:00:00.000','102-001',0.000000,27165189.600000,'CIM1083384 AKPP QQ AMI BARESTIK ','101260500012'
'101260500011','2026-05-11 00:00:00.000','102-020',35916332.420000,0.000000,'CIM1091774 UNIT ONLY ','101260500011'
'101260500011','2026-05-11 00:00:00.000','102-001',0.000000,35916332.420000,'CIM1091774 UNIT ONLY ','101260500011'
'101260500010','2026-05-11 00:00:00.000','102-020',34649470.030000,0.000000,'CIM1084303 UNIT ONLY ','101260500010'
'101260500010','2026-05-11 00:00:00.000','102-001',0.000000,34649470.030000,'CIM1084303 UNIT ONLY ','101260500010'
'101KP260500003','2026-05-11 00:00:00.000','102-101',100.000000,0.000000,'TRANE INDONESIA  039','101KP260500003'
'10106260500001','2026-05-11 00:00:00.000','102-003',0.000000,19250000.000000,'NR-NORDIC','10106260500001'
'10106260500002','2026-05-11 00:00:00.000','102-003',0.000000,31500000.000000,'NR-NORDIC','10106260500002'
'10203260500014','2026-05-11 00:00:00.000','102-020',0.000000,35916332.420000,'101260500005 PT. ULTIMA JAYA','10203260500014'
'10203260500014','2026-05-11 00:00:00.000','102-001',35916332.420000,0.000000,'101260500005 PT. ULTIMA JAYA','10203260500014'
'10102260500010','2026-05-11 00:00:00.000','102-101',0.000000,1028874.570000,'TS-SPARE PARTS THERMO KING','10102260500010'
'10102260500011','2026-05-11 00:00:00.000','102-101',0.000000,283750.000000,'TS-SPARE PARTS THERMO KING','10102260500011'
'10102260500012','2026-05-11 00:00:00.000','102-110',0.000000,260000.000000,'L-LOKAL','10102260500012'
'10102260500012','2026-05-11 00:00:00.000','102-101',0.000000,1469487.520000,'TS-SPARE PARTS THERMO KING','10102260500012'
'10102260500012','2026-05-11 00:00:00.000','102-101',0.000000,1441859.150000,'TS-SPARE PARTS THERMO KING','10102260500012'
'10102260500013','2026-05-11 00:00:00.000','102-101',0.000000,1368378.310000,'TS-SPARE PARTS THERMO KING','10102260500013'
'101KM260500014','2026-05-11 00:00:00.000','102-110',0.000000,1006510.930000,'PT. LINTAS BERSAMA LOGISTIK (WINGS CORP) KE-16/NR-450I 12V/801010644BEFBC040/ISUZU TRAGA/J579517  07','101KM260500014'
'101KM260500014','2026-05-11 00:00:00.000','102-102',0.000000,120524.250000,'PT. LINTAS BERSAMA LOGISTIK (WINGS CORP) KE-16/NR-450I 12V/801010644BEFBC040/ISUZU TRAGA/J579517  07','101KM260500014'
'101KM260500015','2026-05-11 00:00:00.000','102-110',0.000000,1392891.820000,'PT. MITRA ABADI SEJATI (MAS)/SV-600 24V/CIM 1091056/CANTER FE 71 L/007128  07073','101KM260500015'
'101KM260500015','2026-05-11 00:00:00.000','102-102',0.000000,144629.100000,'PT. MITRA ABADI SEJATI (MAS)/SV-600 24V/CIM 1091056/CANTER FE 71 L/007128  07073','101KM260500015'
'101KM260500016','2026-05-11 00:00:00.000','102-110',0.000000,1409600.000000,'CV. CIPTA MANUNGGAL SAKTI/T-1080 PRO/CIM 1096163/FL 260 JW/19858  07127','101KM260500016'
'101KM260500080','2026-05-11 00:00:00.000','102-101',0.000000,79748.090000,'  07.2605008','101KM260500080'
'101KM260500081','2026-05-11 00:00:00.000','102-110',0.000000,323504.470000,'  07.2605007','101KM260500081'
'101KM260500081','2026-05-11 00:00:00.000','102-101',0.000000,3699471.510000,'  07.2605007','101KM260500081'
'101KM260500079','2026-05-11 00:00:00.000','102-101',0.000000,79748.090000,'  07.2605008','101KM260500079'
'101BTB260500021','2026-05-11 00:00:00.000','102-110',1200000.000000,0.000000,'(LOKAL) PT. THERMO ASRI MANDIRI 075/FK-TAM/V/20','101BTB260500021'
'101KM260500098','2026-05-11 00:00:00.000','102-110',0.000000,0.000000,'  KBS2605/009','101KM260500098'
'101KM260500098','2026-05-11 00:00:00.000','102-103',0.000000,2584895.770000,'  KBS2605/009','101KM260500098'
'101KM260500098','2026-05-11 00:00:00.000','102-101',0.000000,862306.000000,'  KBS2605/009','101KM260500098'
'101KM260500099','2026-05-11 00:00:00.000','102-110',0.000000,560000.000000,'  KBS2605/008','101KM260500099'
'10206260500001','2026-05-11 00:00:00.000','102-020',0.000000,19250000.000000,'101260500061 U/ LINTAS MITRA ANUGERAH SEJATI KE - 1','10206260500001'
'10206260500001','2026-05-11 00:00:00.000','102-003',19250000.000000,0.000000,'101260500061 U/ LINTAS MITRA ANUGERAH SEJATI KE - 1','10206260500001'
'10206260500002','2026-05-11 00:00:00.000','102-020',0.000000,31500000.000000,'101260500062 U/ PT. LINTAS MITRA ANUGERAH SEJATI','10206260500002'
'10206260500002','2026-05-11 00:00:00.000','102-003',31500000.000000,0.000000,'101260500062 U/ PT. LINTAS MITRA ANUGERAH SEJATI','10206260500002'
'10103260500014','2026-05-11 00:00:00.000','102-001',0.000000,35916332.420000,'TR-UNIT TRUCK THERMO KING','10103260500014'
'10101260500020','2026-05-11 00:00:00.000','102-110',0.000000,18921.840000,'L-LOKAL','10101260500020'
'10101260500020','2026-05-11 00:00:00.000','102-110',0.000000,47435.770000,'L-LOKAL','10101260500020'
'10101260500020','2026-05-11 00:00:00.000','102-101',0.000000,1422803.420000,'TS-SPARE PARTS THERMO KING','10101260500020'
'10101260500017','2026-05-11 00:00:00.000','102-201',0.000000,49862.180000,'MT-MATERIAL TAMBAHAN','10101260500017'
'10101260500019','2026-05-11 00:00:00.000','102-110',0.000000,557240.670000,'L-LOKAL','10101260500019'
'10101260500019','2026-05-11 00:00:00.000','102-102',0.000000,43606.000000,'TL-SPARE PARTS THERMO KING LOKAL','10101260500019'
'10101260500019','2026-05-11 00:00:00.000','102-102',0.000000,605462.910000,'TL-SPARE PARTS THERMO KING LOKAL','10101260500019'
'101260500018','2026-05-12 00:00:00.000','102-020',51814350.270000,0.000000,'CIM1091783 MEGA INDO LOGISTIK                                    UNIT KE-4','101260500018'
'101260500018','2026-05-12 00:00:00.000','102-001',0.000000,51814350.270000,'CIM1091783 MEGA INDO LOGISTIK                                    UNIT KE-4','101260500018'
'101260500017','2026-05-12 00:00:00.000','102-020',51814350.270000,0.000000,'CIM1091782 CV. SKS - CEDEA              UNIT KE-3','101260500017'
'101260500017','2026-05-12 00:00:00.000','102-001',0.000000,51814350.270000,'CIM1091782 CV. SKS - CEDEA              UNIT KE-3','101260500017'
'101260500016','2026-05-12 00:00:00.000','102-020',34649470.030000,0.000000,'CIM1084294 KREASI SEJUK SARANA ','101260500016'
'101260500016','2026-05-12 00:00:00.000','102-001',0.000000,34649470.030000,'CIM1084294 KREASI SEJUK SARANA ','101260500016'
'10203260500008','2026-05-12 00:00:00.000','102-020',0.000000,41611969.900000,'101260500006 KUSUMA SARANA PANGAN ','10203260500008'
'10203260500008','2026-05-12 00:00:00.000','102-001',41611969.900000,0.000000,'101260500006 KUSUMA SARANA PANGAN ','10203260500008'
'10203260500009','2026-05-12 00:00:00.000','102-020',0.000000,27165189.600000,'101251200058 KREASI SEJUK SARANA -                   COKLAT FALALA','10203260500009'
'10203260500009','2026-05-12 00:00:00.000','102-001',27165189.600000,0.000000,'101251200058 KREASI SEJUK SARANA -                   COKLAT FALALA','10203260500009'
'10203260500012','2026-05-12 00:00:00.000','102-020',0.000000,51996926.560000,'101260400053 PT. MEGAINDO  LOGISTIK                                          UNIT KE-3','10203260500012'
'10203260500012','2026-05-12 00:00:00.000','102-001',51996926.560000,0.000000,'101260400053 PT. MEGAINDO  LOGISTIK                                          UNIT KE-3','10203260500012'
'10203260500015','2026-05-12 00:00:00.000','102-020',0.000000,34649470.030000,'101260500004 CIPTA MANUNGGAL SAKTI','10203260500015'
'10203260500015','2026-05-12 00:00:00.000','102-001',34649470.030000,0.000000,'101260500004 CIPTA MANUNGGAL SAKTI','10203260500015'
'10203260500024','2026-05-12 00:00:00.000','102-020',0.000000,39585996.530000,'101260200058 BP. CELLI','10203260500024'
'10203260500024','2026-05-12 00:00:00.000','102-001',39585996.530000,0.000000,'101260200058 BP. CELLI','10203260500024'
'10102260500014','2026-05-12 00:00:00.000','102-101',0.000000,3480032.210000,'TS-SPARE PARTS THERMO KING','10102260500014'
'10102260500015','2026-05-12 00:00:00.000','102-101',0.000000,3026145.840000,'TS-SPARE PARTS THERMO KING','10102260500015'
'10102260500016','2026-05-12 00:00:00.000','102-102',0.000000,675000.000000,'TL-SPARE PARTS THERMO KING LOKAL','10102260500016'
'101KM260500017','2026-05-12 00:00:00.000','102-110',0.000000,1229176.540000,'PT. HIJRAH GIZI HEWANI/RV-300 12V/CIM 1083377/L-300/122304  07085','101KM260500017'
'101KM260500017','2026-05-12 00:00:00.000','102-102',0.000000,131481.000000,'PT. HIJRAH GIZI HEWANI/RV-300 12V/CIM 1083377/L-300/122304  07085','101KM260500017'
'10102260500017','2026-05-12 00:00:00.000','102-101',0.000000,6429016.360000,'TS-SPARE PARTS THERMO KING','10102260500017'
'101KM260500018','2026-05-12 00:00:00.000','102-110',0.000000,1780719.350000,'KREASI SEJUK SARANA/SV-400 12V/CIM 1084294/L-300 EURO-4/003039  07107','101KM260500018'
'101KM260500018','2026-05-12 00:00:00.000','102-102',0.000000,131481.000000,'KREASI SEJUK SARANA/SV-400 12V/CIM 1084294/L-300 EURO-4/003039  07107','101KM260500018'
'101KM260500076','2026-05-12 00:00:00.000','102-110',0.000000,323479.470000,'  07.2605012','101KM260500076'
'101KM260500077','2026-05-12 00:00:00.000','102-110',0.000000,323479.470000,'  07.2605011','101KM260500077'
'101KM260500078','2026-05-12 00:00:00.000','102-101',0.000000,1066115.370000,'  07.2605010','101KM260500078'
'101KM260500097','2026-05-12 00:00:00.000','102-110',0.000000,560000.000000,'  KBS2605/010','101KM260500097'
'10103260500008','2026-05-12 00:00:00.000','102-001',0.000000,41611969.900000,'TR-UNIT TRUCK THERMO KING','10103260500008'
'10103260500009','2026-05-12 00:00:00.000','102-001',0.000000,27165189.600000,'TR-UNIT TRUCK THERMO KING','10103260500009'
'10103260500012','2026-05-12 00:00:00.000','102-001',0.000000,51996926.560000,'TR-UNIT TRUCK THERMO KING','10103260500012'
'10103260500015','2026-05-12 00:00:00.000','102-001',0.000000,34649470.030000,'TR-UNIT TRUCK THERMO KING','10103260500015'
'10103260500024','2026-05-12 00:00:00.000','102-001',0.000000,39585996.530000,'TR-UNIT TRUCK THERMO KING','10103260500024'
'10101260500021','2026-05-12 00:00:00.000','102-110',0.000000,557240.670000,'L-LOKAL','10101260500021'
'10101260500021','2026-05-12 00:00:00.000','102-102',0.000000,43606.000000,'TL-SPARE PARTS THERMO KING LOKAL','10101260500021'
'10101260500022','2026-05-12 00:00:00.000','102-110',0.000000,763869.260000,'L-LOKAL','10101260500022'
'10101260500022','2026-05-12 00:00:00.000','102-101',0.000000,169633.690000,'TS-SPARE PARTS THERMO KING','10101260500022'
'10101260500022','2026-05-12 00:00:00.000','102-101',0.000000,162531.090000,'TS-SPARE PARTS THERMO KING','10101260500022'
'10203260500017','2026-05-13 00:00:00.000','102-020',0.000000,211169048.430000,'101260500015 CV. CIPTA MANUNGGAL - AMELIA JAYA CARROT','10203260500017'
'10203260500017','2026-05-13 00:00:00.000','102-001',211169048.430000,0.000000,'101260500015 CV. CIPTA MANUNGGAL - AMELIA JAYA CARROT','10203260500017'
'10203260500023','2026-05-13 00:00:00.000','102-020',0.000000,51996926.560000,'101260400036 CV. SUMBER KREASI SARANA - CEDEA                 UNIT KE-2','10203260500023'
'10203260500023','2026-05-13 00:00:00.000','102-001',51996926.560000,0.000000,'101260400036 CV. SUMBER KREASI SARANA - CEDEA                 UNIT KE-2','10203260500023'
'101KM260500023','2026-05-13 00:00:00.000','102-110',0.000000,1006510.930000,'PT. FAJAR MULA ABADI (WINGS CORP) BANJARNEGARA/NR-450I 12V/801010644BFCAZ027/ISUZU TRAGA/J579523  07','101KM260500023'
'101KM260500023','2026-05-13 00:00:00.000','102-102',0.000000,120524.250000,'PT. FAJAR MULA ABADI (WINGS CORP) BANJARNEGARA/NR-450I 12V/801010644BFCAZ027/ISUZU TRAGA/J579523  07','101KM260500023'
'10102260500018','2026-05-13 00:00:00.000','102-101',0.000000,178611.780000,'TS-SPARE PARTS THERMO KING','10102260500018'
'10102260500018','2026-05-13 00:00:00.000','102-101',0.000000,5273749.450000,'TS-SPARE PARTS THERMO KING','10102260500018'
'101KM260500019','2026-05-13 00:00:00.000','102-110',0.000000,1429359.000000,'PT. MEGA INDO LOGISTIK KE-4/SV-800 24V/CIM 1091783/CD FE 74 LN/010551  06895','101KM260500019'
'101KM260500019','2026-05-13 00:00:00.000','102-102',0.000000,144629.100000,'PT. MEGA INDO LOGISTIK KE-4/SV-800 24V/CIM 1091783/CD FE 74 LN/010551  06895','101KM260500019'
'101KM260500074','2026-05-13 00:00:00.000','102-101',0.000000,79748.090000,'  07.2605014','101KM260500074'
'101KM260500075','2026-05-13 00:00:00.000','102-101',0.000000,3468567.800000,'  07.2605013','101KM260500075'
'101BTB260500020','2026-05-13 00:00:00.000','102-102',6000000.000000,0.000000,'(SPARE PARTS THERMO KING LOKAL) mulia jaya 8324','101BTB260500020'
'101KM260500096','2026-05-13 00:00:00.000','102-110',0.000000,560000.000000,'  KBS2605/011','101KM260500096'
'10103260500017','2026-05-13 00:00:00.000','102-001',0.000000,211169048.430000,'TR-UNIT TRUCK THERMO KING','10103260500017'
'10103260500023','2026-05-13 00:00:00.000','102-110',0.000000,5000000.000000,'L-LOKAL','10103260500023'
'10103260500023','2026-05-13 00:00:00.000','102-001',0.000000,51996926.560000,'TR-UNIT TRUCK THERMO KING','10103260500023'
'10101260500023','2026-05-13 00:00:00.000','102-110',0.000000,40338.200000,'L-LOKAL','10101260500023'
'10101260500023','2026-05-13 00:00:00.000','102-110',0.000000,557240.670000,'L-LOKAL','10101260500023'
'10101260500023','2026-05-13 00:00:00.000','102-110',0.000000,381111.020000,'L-LOKAL','10101260500023'
'10101260500023','2026-05-13 00:00:00.000','102-102',0.000000,130818.000000,'TL-SPARE PARTS THERMO KING LOKAL','10101260500023'
'10101260500023','2026-05-13 00:00:00.000','102-101',0.000000,734743.760000,'TS-SPARE PARTS THERMO KING','10101260500023'
'10101260500025','2026-05-13 00:00:00.000','102-110',0.000000,557240.670000,'L-LOKAL','10101260500025'
'10101260500025','2026-05-13 00:00:00.000','102-102',0.000000,130818.000000,'TL-SPARE PARTS THERMO KING LOKAL','10101260500025'
'10101260500025','2026-05-13 00:00:00.000','102-101',0.000000,910159.470000,'TS-SPARE PARTS THERMO KING','10101260500025'
'10101260500026','2026-05-13 00:00:00.000','102-201',0.000000,49862.180000,'MT-MATERIAL TAMBAHAN','10101260500026'
'101260500019','2026-05-15 00:00:00.000','102-020',51814350.270000,0.000000,'CIM1091799 CV. SKS - CEDEA                            UNIT KE-4','101260500019'
'101260500019','2026-05-15 00:00:00.000','102-001',0.000000,51814350.270000,'CIM1091799 CV. SKS - CEDEA                            UNIT KE-4','101260500019'
'101260500021','2026-05-15 00:00:00.000','102-020',34649470.030000,0.000000,'CIM1076065 INDOSALUYU PRIMAJAYA ','101260500021'
'101260500021','2026-05-15 00:00:00.000','102-001',0.000000,34649470.030000,'CIM1076065 INDOSALUYU PRIMAJAYA ','101260500021'
'101260500020','2026-05-15 00:00:00.000','102-020',27165189.600000,0.000000,'CIM1083371 CARLOSINDO UTAMA     ','101260500020'
'101260500020','2026-05-15 00:00:00.000','102-001',0.000000,27165189.600000,'CIM1083371 CARLOSINDO UTAMA     ','101260500020'
'10203260500016','2026-05-15 00:00:00.000','102-020',0.000000,34649470.030000,'101260500016 KREASI SEJUK SARANA ','10203260500016'
'10203260500016','2026-05-15 00:00:00.000','102-001',34649470.030000,0.000000,'101260500016 KREASI SEJUK SARANA ','10203260500016'
'101KM260500020','2026-05-15 00:00:00.000','102-110',0.000000,2900000.000000,'PT. ANUGERAH PRIMA SEJAHTERA KE-3/T-1280E/CIM 1090977/HINO FL/20314  06865','101KM260500020'
'101KM260500072','2026-05-15 00:00:00.000','102-110',0.000000,323479.470000,'  07.2605016','101KM260500072'
'101KM260500072','2026-05-15 00:00:00.000','102-101',0.000000,7049772.740000,'  07.2605016','101KM260500072'
'101KM260500073','2026-05-15 00:00:00.000','102-101',0.000000,2706646.090000,'  07.2605015','101KM260500073'
'10103260500016','2026-05-15 00:00:00.000','102-001',0.000000,34649470.030000,'TR-UNIT TRUCK THERMO KING','10103260500016'
'10101260500027','2026-05-15 00:00:00.000','102-110',0.000000,763869.260000,'L-LOKAL','10101260500027'
'10101260500027','2026-05-15 00:00:00.000','102-101',0.000000,162531.090000,'TS-SPARE PARTS THERMO KING','10101260500027'
'10101260500027','2026-05-15 00:00:00.000','102-101',0.000000,169633.690000,'TS-SPARE PARTS THERMO KING','10101260500027'
'10101260500027','2026-05-15 00:00:00.000','102-101',0.000000,190355.420000,'TS-SPARE PARTS THERMO KING','10101260500027'
'101BTB260600010','2026-05-18 00:00:00.000','102-103',38446200.000000,0.000000,'(SPARE PART NORDIC) PT. SEJUK SEJAHTERA SENTOSA 3S05.2605015','101BTB260600010'
'101260500024','2026-05-18 00:00:00.000','102-020',211169048.430000,0.000000,'CIM1096161 CIPTA MANUNGGAL SAKTI ','101260500024'
'101260500024','2026-05-18 00:00:00.000','102-001',0.000000,211169048.430000,'CIM1096161 CIPTA MANUNGGAL SAKTI ','101260500024'
'101260500023','2026-05-18 00:00:00.000','102-020',211169048.430000,0.000000,'CIM1096162 PT. PUTRA FAJAR MANDIRI                      UNIT KE-2','101260500023'
'101260500023','2026-05-18 00:00:00.000','102-001',0.000000,211169048.430000,'CIM1096162 PT. PUTRA FAJAR MANDIRI                      UNIT KE-2','101260500023'
'101260500022','2026-05-18 00:00:00.000','102-020',27165189.600000,0.000000,'CIM1083370 CARLOSINDO UTAMA ','101260500022'
'101260500022','2026-05-18 00:00:00.000','102-001',0.000000,27165189.600000,'CIM1083370 CARLOSINDO UTAMA ','101260500022'
'10203260500021','2026-05-18 00:00:00.000','102-020',0.000000,51814350.270000,'101260500014 BINTANG ROLLAS ','10203260500021'
'10203260500021','2026-05-18 00:00:00.000','102-001',51814350.270000,0.000000,'101260500014 BINTANG ROLLAS ','10203260500021'
'10203260500046','2026-05-18 00:00:00.000','102-020',0.000000,51996926.560000,'101260400050 TIRTAMAS COLDTRANS ','10203260500046'
'10203260500046','2026-05-18 00:00:00.000','102-001',51996926.560000,0.000000,'101260400050 TIRTAMAS COLDTRANS ','10203260500046'
'10102260500020','2026-05-18 00:00:00.000','102-101',0.000000,5106955.470000,'TS-SPARE PARTS THERMO KING','10102260500020'
'10102260500021','2026-05-18 00:00:00.000','102-110',0.000000,3401155.200000,'L-LOKAL','10102260500021'
'10102260500021','2026-05-18 00:00:00.000','102-101',0.000000,1616178.170000,'TS-SPARE PARTS THERMO KING','10102260500021'
'10102260500021','2026-05-18 00:00:00.000','102-101',0.000000,405929.530000,'TS-SPARE PARTS THERMO KING','10102260500021'
'101KM260500024','2026-05-18 00:00:00.000','102-110',0.000000,1006510.930000,'PT. INTINIAGA TUNAS SEJAHTERA (WINGS CORP) PEKALONGAN/NR-450I 12V/801010644BEFBC022/ISUZU TRAGA/J579','101KM260500024'
'101KM260500024','2026-05-18 00:00:00.000','102-102',0.000000,120524.250000,'PT. INTINIAGA TUNAS SEJAHTERA (WINGS CORP) PEKALONGAN/NR-450I 12V/801010644BEFBC022/ISUZU TRAGA/J579','101KM260500024'
'10102260500019','2026-05-18 00:00:00.000','102-101',0.000000,14477650.680000,'TS-SPARE PARTS THERMO KING','10102260500019'
'101KM260500070','2026-05-18 00:00:00.000','102-110',0.000000,323479.470000,'  07.2605017','101KM260500070'
'101KM260500070','2026-05-18 00:00:00.000','102-101',0.000000,6783398.610000,'  07.2605017','101KM260500070'
'101KM260500067','2026-05-18 00:00:00.000','102-101',0.000000,1293977.350000,'  07.2605020','101KM260500067'
'101KM260500068','2026-05-18 00:00:00.000','102-101',0.000000,79748.090000,'  07.2605019','101KM260500068'
'101KM260500069','2026-05-18 00:00:00.000','102-101',0.000000,7622428.530000,'  07.2605018','101KM260500069'
'101BTB260500011','2026-05-18 00:00:00.000','102-110',7600000.000000,0.000000,'(LOKAL) NUGROHO TEKNIK 062/V/2026/F.NT','101BTB260500011'
'101KM260500094','2026-05-18 00:00:00.000','102-103',0.000000,14508000.000000,'  KBS2605/013','101KM260500094'
'101KM260500094','2026-05-18 00:00:00.000','102-101',0.000000,5644444.460000,'  KBS2605/013','101KM260500094'
'101KM260500095','2026-05-18 00:00:00.000','102-103',0.000000,7254000.000000,'  KBS2605/012','101KM260500095'
'101KM260500095','2026-05-18 00:00:00.000','102-101',0.000000,2822222.230000,'  KBS2605/012','101KM260500095'
'101BTB260500018','2026-05-18 00:00:00.000','102-110',4365000.000000,0.000000,'(LOKAL) ALBERT AL8374','101BTB260500018'
'101BTB260500019','2026-05-18 00:00:00.000','102-110',9145500.000000,0.000000,'(LOKAL) ALBERT AL9637','101BTB260500019'
'10103260500021','2026-05-18 00:00:00.000','102-001',0.000000,51814350.270000,'TR-UNIT TRUCK THERMO KING','10103260500021'
'10101260500028','2026-05-18 00:00:00.000','102-101',0.000000,2286969.610000,'TS-SPARE PARTS THERMO KING','10101260500028'
'10101260500028','2026-05-18 00:00:00.000','102-101',0.000000,1154765.040000,'TS-SPARE PARTS THERMO KING','10101260500028'
'10103260500046','2026-05-18 00:00:00.000','102-001',0.000000,51996926.560000,'TR-UNIT TRUCK THERMO KING','10103260500046'
'200410126050099','2026-05-19 00:00:00.000','102-601',42399624.000000,0.000000,'Persediaan Dlm.Perjalanan - FREIGHT TK.006',
'101260500029','2026-05-19 00:00:00.000','102-020',35916332.420000,0.000000,'CIM1091037 KRS. NUGROHO ','101260500029'
'101260500029','2026-05-19 00:00:00.000','102-001',0.000000,35916332.420000,'CIM1091037 KRS. NUGROHO ','101260500029'
'101260500028','2026-05-19 00:00:00.000','102-020',54082153.360000,0.000000,'CIM1096206 KRS. AKPP     UNIT KE-2','101260500028'
'101260500028','2026-05-19 00:00:00.000','102-001',0.000000,54082153.360000,'CIM1096206 KRS. AKPP     UNIT KE-2','101260500028'
'101260500039','2026-05-19 00:00:00.000','102-020',51814350.270000,0.000000,'CIM1096287 BAHARI TRANS             KE-5','101260500039'
'101260500039','2026-05-19 00:00:00.000','102-001',0.000000,51814350.270000,'CIM1096287 BAHARI TRANS             KE-5','101260500039'
'101260500027','2026-05-19 00:00:00.000','102-020',54082153.360000,0.000000,'CIM1096205 KRS. AKPP       UNIT KE-1','101260500027'
'101260500027','2026-05-19 00:00:00.000','102-001',0.000000,54082153.360000,'CIM1096205 KRS. AKPP       UNIT KE-1','101260500027'
'101260500038','2026-05-19 00:00:00.000','102-020',51814350.270000,0.000000,'CIM1096288 BAHARI TRANS     KE-4','101260500038'
'101260500038','2026-05-19 00:00:00.000','102-001',0.000000,51814350.270000,'CIM1096288 BAHARI TRANS     KE-4','101260500038'
'101260500026','2026-05-19 00:00:00.000','102-020',27165189.600000,0.000000,'CIM1096226 KRS. MASTER - AICE TUBAN ','101260500026'
'101260500026','2026-05-19 00:00:00.000','102-001',0.000000,27165189.600000,'CIM1096226 KRS. MASTER - AICE TUBAN ','101260500026'
'101260500037','2026-05-19 00:00:00.000','102-020',51814350.270000,0.000000,'CIM1096265 BAHARI TRANS       KE-3','101260500037'
'101260500037','2026-05-19 00:00:00.000','102-001',0.000000,51814350.270000,'CIM1096265 BAHARI TRANS       KE-3','101260500037'
'101260500025','2026-05-19 00:00:00.000','102-020',27165189.600000,0.000000,'CIM1096225 MAS - BUMEN REDJA ABADI','101260500025'
'101260500025','2026-05-19 00:00:00.000','102-001',0.000000,27165189.600000,'CIM1096225 MAS - BUMEN REDJA ABADI','101260500025'
'101260500036','2026-05-19 00:00:00.000','102-020',51814350.270000,0.000000,'CIM1096266 BAHARI TRANS   KE-2','101260500036'
'101260500036','2026-05-19 00:00:00.000','102-001',0.000000,51814350.270000,'CIM1096266 BAHARI TRANS   KE-2','101260500036'
'101260500035','2026-05-19 00:00:00.000','102-020',51814350.270000,0.000000,'CIM1096268 PT. BAHARI TRANS    KE-1','101260500035'
'101260500035','2026-05-19 00:00:00.000','102-001',0.000000,51814350.270000,'CIM1096268 PT. BAHARI TRANS    KE-1','101260500035'
'101260500034','2026-05-19 00:00:00.000','102-020',51814350.270000,0.000000,'CIM1096272 PT. PENDINGIN LINTAS ','101260500034'
'101260500034','2026-05-19 00:00:00.000','102-001',0.000000,51814350.270000,'CIM1096272 PT. PENDINGIN LINTAS ','101260500034'
'101260500033','2026-05-19 00:00:00.000','102-020',51814350.270000,0.000000,'CIM1096271 KRS. MULTI TRILOKA ','101260500033'
'101260500033','2026-05-19 00:00:00.000','102-001',0.000000,51814350.270000,'CIM1096271 KRS. MULTI TRILOKA ','101260500033'
'101260500032','2026-05-19 00:00:00.000','102-020',41611969.900000,0.000000,'CIM1083245 AKPP - KOPKAR CENTRAL PERTIWI ','101260500032'
'101260500032','2026-05-19 00:00:00.000','102-001',0.000000,41611969.900000,'CIM1083245 AKPP - KOPKAR CENTRAL PERTIWI ','101260500032'
'101260500031','2026-05-19 00:00:00.000','102-020',41611969.900000,0.000000,'CIM1091054 KRS. MASTER - H. MUH NAUVAL ','101260500031'
'101260500031','2026-05-19 00:00:00.000','102-001',0.000000,41611969.900000,'CIM1091054 KRS. MASTER - H. MUH NAUVAL ','101260500031'
'101260500030','2026-05-19 00:00:00.000','102-020',41611969.900000,0.000000,'CIM1091053 AKPP - JOVIAL ','101260500030'
'101260500030','2026-05-19 00:00:00.000','102-001',0.000000,41611969.900000,'CIM1091053 AKPP - JOVIAL ','101260500030'
'101260500040','2026-05-19 00:00:00.000','102-020',59554136.760000,0.000000,'CIM1097810 KRS. ANTIKA RAYA ','101260500040'
'101260500040','2026-05-19 00:00:00.000','102-001',0.000000,59554136.760000,'CIM1097810 KRS. ANTIKA RAYA ','101260500040'
'101KP260500002','2026-05-19 00:00:00.000','102-110',100.000000,0.000000,'INTERN  049','101KP260500002'
'10203260500022','2026-05-19 00:00:00.000','102-020',0.000000,211169048.430000,'101260500023 PT. PUTRA FAJAR MANDIRI                      UNIT KE-2','10203260500022'
'10203260500022','2026-05-19 00:00:00.000','102-001',211169048.430000,0.000000,'101260500023 PT. PUTRA FAJAR MANDIRI                      UNIT KE-2','10203260500022'
'10203260500018','2026-05-19 00:00:00.000','102-020',0.000000,211169048.430000,'101260500024 CIPTA MANUNGGAL SAKTI ','10203260500018'
'10203260500018','2026-05-19 00:00:00.000','102-001',211169048.430000,0.000000,'101260500024 CIPTA MANUNGGAL SAKTI ','10203260500018'
'10203260500019','2026-05-19 00:00:00.000','102-020',0.000000,51814350.270000,'101260500018 MEGA INDO LOGISTIK                                    UNIT KE-4','10203260500019'
'10203260500019','2026-05-19 00:00:00.000','102-001',51814350.270000,0.000000,'101260500018 MEGA INDO LOGISTIK                                    UNIT KE-4','10203260500019'
'101KM260500021','2026-05-19 00:00:00.000','102-110',0.000000,1423079.060000,'CV. CIPTA MANUNGGAL SAKTI/T-1080 PRO/CIM 1096161/FL 280 JW/19870  07137','101KM260500021'
'101KM260500022','2026-05-19 00:00:00.000','102-110',0.000000,1409600.000000,'PT. PUTRA FAJAR JAYA MANDIRI KE-2/T-1080 PRO/CIM 1096162/GIGA FVM/J006041  07003','101KM260500022'
'10102260500022','2026-05-19 00:00:00.000','102-110',0.000000,29994.020000,'L-LOKAL','10102260500022'
'101KM260500025','2026-05-19 00:00:00.000','102-110',0.000000,686910.480000,'PT. ANUGERAH AGUNG ALAMI (WINGS CORP) KLUNGKUNG/NR-450I 12V/801010644BFCZ1016/ISUZU TRAGA/J580544  0','101KM260500025'
'101KM260500025','2026-05-19 00:00:00.000','102-102',0.000000,120524.250000,'PT. ANUGERAH AGUNG ALAMI (WINGS CORP) KLUNGKUNG/NR-450I 12V/801010644BFCZ1016/ISUZU TRAGA/J580544  0','101KM260500025'
'101KM260500065','2026-05-19 00:00:00.000','102-101',0.000000,1294887.980000,'  07.2605023','101KM260500065'
'101KM260500066','2026-05-19 00:00:00.000','102-101',0.000000,6989190.410000,'  07.2605021','101KM260500066'
'101KM260500071','2026-05-19 00:00:00.000','102-110',0.000000,323479.470000,'  07.2605022','101KM260500071'
'101KM260500093','2026-05-19 00:00:00.000','102-110',0.000000,633393.330000,'  KBS2605/014','101KM260500093'
'101BTB260500023','2026-05-19 00:00:00.000','102-110',2108100.000000,0.000000,'(LOKAL) PT. ANUGERAH REZEKI CEMERLANG 2778','101BTB260500023'
'101BTB260500023','2026-05-19 00:00:00.000','102-102',7536045.000000,0.000000,'(SPARE PARTS THERMO KING LOKAL) PT. ANUGERAH REZEKI CEMERLANG 2778','101BTB260500023'
'10103260500022','2026-05-19 00:00:00.000','102-001',0.000000,211169048.430000,'TR-UNIT TRUCK THERMO KING','10103260500022'
'10103260500018','2026-05-19 00:00:00.000','102-001',0.000000,211169048.430000,'TR-UNIT TRUCK THERMO KING','10103260500018'
'10103260500019','2026-05-19 00:00:00.000','102-001',0.000000,51814350.270000,'TR-UNIT TRUCK THERMO KING','10103260500019'
'10101260500030','2026-05-19 00:00:00.000','102-110',0.000000,10000000.000000,'L-LOKAL','10101260500030'
'10101260500032','2026-05-19 00:00:00.000','102-110',0.000000,40338.200000,'L-LOKAL','10101260500032'
'10101260500032','2026-05-19 00:00:00.000','102-110',0.000000,557240.670000,'L-LOKAL','10101260500032'
'10101260500032','2026-05-19 00:00:00.000','102-110',0.000000,340115.520000,'L-LOKAL','10101260500032'
'10101260500032','2026-05-19 00:00:00.000','102-102',0.000000,130818.000000,'TL-SPARE PARTS THERMO KING LOKAL','10101260500032'
'10101260500034','2026-05-19 00:00:00.000','102-201',0.000000,49862.180000,'MT-MATERIAL TAMBAHAN','10101260500034'
'101260500042','2026-05-20 00:00:00.000','102-020',211169048.430000,0.000000,'CIM1097382 PT. SENTRAS BOX INDONESIA - SAKTI AYAHANDA KAMI','101260500042'
'101260500042','2026-05-20 00:00:00.000','102-001',0.000000,211169048.430000,'CIM1097382 PT. SENTRAS BOX INDONESIA - SAKTI AYAHANDA KAMI','101260500042'
'101260500041','2026-05-20 00:00:00.000','102-020',41611969.900000,0.000000,'CIM1096230 PT. SENTRAS BOX INDONESIA - JANU WISATA INDO ','101260500041'
'101260500041','2026-05-20 00:00:00.000','102-001',0.000000,41611969.900000,'CIM1096230 PT. SENTRAS BOX INDONESIA - JANU WISATA INDO ','101260500041'
'10203260500025','2026-05-20 00:00:00.000','102-020',0.000000,41611969.900000,'101260500041 PT. SENTRAS BOX INDONESIA - JANU WISATA INDO ','10203260500025'
'10203260500025','2026-05-20 00:00:00.000','102-001',41611969.900000,0.000000,'101260500041 PT. SENTRAS BOX INDONESIA - JANU WISATA INDO ','10203260500025'
'10203260500045','2026-05-20 00:00:00.000','102-020',0.000000,60972216.690000,'101260400033 ROYAL GALAXY','10203260500045'
'10203260500045','2026-05-20 00:00:00.000','102-001',60972216.690000,0.000000,'101260400033 ROYAL GALAXY','10203260500045'
'10102260500023','2026-05-20 00:00:00.000','102-101',0.000000,5579213.860000,'TS-SPARE PARTS THERMO KING','10102260500023'
'101KM260500026','2026-05-20 00:00:00.000','102-110',0.000000,1409600.000000,'PT. SENTRAS BOX INDONESIA/T-1080 PRO/CIM 1097382/GIGA/J001045  06810','101KM260500026'
'101KM260500064','2026-05-20 00:00:00.000','102-101',0.000000,79748.090000,'  07.2605024','101KM260500064'
'101BTB260500022','2026-05-20 00:00:00.000','102-201',204000.000000,0.000000,'(MATERIAL TAMBAHAN) H-TECH 16558 ','101BTB260500022'
'101BTB260500022','2026-05-20 00:00:00.000','102-110',13700000.000000,0.000000,'(LOKAL) H-TECH 16558 ','101BTB260500022'
'10103260500025','2026-05-20 00:00:00.000','102-001',0.000000,41611969.900000,'TR-UNIT TRUCK THERMO KING','10103260500025'
'10103260500045','2026-05-20 00:00:00.000','102-201',0.000000,49862.180000,'MT-MATERIAL TAMBAHAN','10103260500045'
'10103260500045','2026-05-20 00:00:00.000','102-110',0.000000,5120823.770000,'L-LOKAL','10103260500045'
'10103260500045','2026-05-20 00:00:00.000','102-001',0.000000,60972216.690000,'TR-UNIT TRUCK THERMO KING','10103260500045'
'10101260500033','2026-05-20 00:00:00.000','102-110',0.000000,557240.670000,'L-LOKAL','10101260500033'
'10101260500033','2026-05-20 00:00:00.000','102-102',0.000000,130818.000000,'TL-SPARE PARTS THERMO KING LOKAL','10101260500033'
'10101260500033','2026-05-20 00:00:00.000','102-102',0.000000,338042.160000,'TL-SPARE PARTS THERMO KING LOKAL','10101260500033'
'10101260500033','2026-05-20 00:00:00.000','102-102',0.000000,1048341.640000,'TL-SPARE PARTS THERMO KING LOKAL','10101260500033'
'10101260500033','2026-05-20 00:00:00.000','102-101',0.000000,462580.520000,'TS-SPARE PARTS THERMO KING','10101260500033'
'10101260500036','2026-05-20 00:00:00.000','102-110',0.000000,299371.920000,'L-LOKAL','10101260500036'
'10101260500036','2026-05-20 00:00:00.000','102-110',0.000000,90672.040000,'L-LOKAL','10101260500036'
'10101260500036','2026-05-20 00:00:00.000','102-110',0.000000,40338.200000,'L-LOKAL','10101260500036'
'10101260500036','2026-05-20 00:00:00.000','102-110',0.000000,557240.670000,'L-LOKAL','10101260500036'
'10101260500036','2026-05-20 00:00:00.000','102-110',0.000000,167500.000000,'L-LOKAL','10101260500036'
'10101260500036','2026-05-20 00:00:00.000','102-110',0.000000,959400.720000,'L-LOKAL','10101260500036'
'10101260500036','2026-05-20 00:00:00.000','102-102',0.000000,130818.000000,'TL-SPARE PARTS THERMO KING LOKAL','10101260500036'
'10101260500036','2026-05-20 00:00:00.000','102-102',0.000000,1069960.090000,'TL-SPARE PARTS THERMO KING LOKAL','10101260500036'
'10101260500036','2026-05-20 00:00:00.000','102-101',0.000000,325978.300000,'TS-SPARE PARTS THERMO KING','10101260500036'
'10101260500036','2026-05-20 00:00:00.000','102-101',0.000000,3931859.260000,'TS-SPARE PARTS THERMO KING','10101260500036'
'10101260500036','2026-05-20 00:00:00.000','102-101',0.000000,1733765.610000,'TS-SPARE PARTS THERMO KING','10101260500036'
'10101260500036','2026-05-20 00:00:00.000','102-101',0.000000,734743.760000,'TS-SPARE PARTS THERMO KING','10101260500036'
'10101260500037','2026-05-20 00:00:00.000','102-110',0.000000,763869.260000,'L-LOKAL','10101260500037'
'10101260500037','2026-05-20 00:00:00.000','102-101',0.000000,1441859.150000,'TS-SPARE PARTS THERMO KING','10101260500037'
'10101260500037','2026-05-20 00:00:00.000','102-101',0.000000,169633.690000,'TS-SPARE PARTS THERMO KING','10101260500037'
'10101260500037','2026-05-20 00:00:00.000','102-101',0.000000,162531.090000,'TS-SPARE PARTS THERMO KING','10101260500037'
'200410126050125','2026-05-21 00:00:00.000','102-601',11858000.000000,0.000000,'BM/PIB.000046/TK.006',
'10102260500024','2026-05-21 00:00:00.000','102-101',0.000000,1249459.910000,'TS-SPARE PARTS THERMO KING','10102260500024'
'10102260500024','2026-05-21 00:00:00.000','102-101',0.000000,349224.150000,'TS-SPARE PARTS THERMO KING','10102260500024'
'101KM260500027','2026-05-21 00:00:00.000','102-110',0.000000,1772509.400000,'PT. MITRA ABADI SEJATI (MAS)/RV-300 12V/CIM 1096225/L-300 EURO 4/003600  07093','101KM260500027'
'101KM260500027','2026-05-21 00:00:00.000','102-102',0.000000,131481.000000,'PT. MITRA ABADI SEJATI (MAS)/RV-300 12V/CIM 1096225/L-300 EURO 4/003600  07093','101KM260500027'
'101KM260500028','2026-05-21 00:00:00.000','102-110',0.000000,1006510.930000,'PT. FAJAR MULA ABADI (WINGS CORP)/NR-450I 12V/801010644BFCAZ024/ISUZU TRAGA/J579525  07031','101KM260500028'
'101KM260500028','2026-05-21 00:00:00.000','102-102',0.000000,120524.250000,'PT. FAJAR MULA ABADI (WINGS CORP)/NR-450I 12V/801010644BFCAZ024/ISUZU TRAGA/J579525  07031','101KM260500028'
'101KM260500046','2026-05-21 00:00:00.000','102-110',0.000000,5423334.020000,'CV. SUMBER KREASI SARANA (CEDEA KE-4)/SV-800 24V+ESTB/CIM 1091799/CD EURO 4/010511  06894','101KM260500046'
'101KM260500046','2026-05-21 00:00:00.000','102-102',0.000000,144629.100000,'CV. SUMBER KREASI SARANA (CEDEA KE-4)/SV-800 24V+ESTB/CIM 1091799/CD EURO 4/010511  06894','101KM260500046'
'101KM260500062','2026-05-21 00:00:00.000','102-101',0.000000,910159.470000,'  07.2605026','101KM260500062'
'101KM260500063','2026-05-21 00:00:00.000','102-101',0.000000,1293977.350000,'  07.2605025','101KM260500063'
'101KM260500092','2026-05-21 00:00:00.000','102-101',0.000000,349224.150000,'  KBS2605/015','101KM260500092'
'101BTB260500026','2026-05-21 00:00:00.000','102-110',7515000.000000,0.000000,'(LOKAL) BENGKEL BIROWO 00716','101BTB260500026'
'101BTB260500027','2026-05-21 00:00:00.000','102-110',2022500.000000,0.000000,'(LOKAL) MULIA JAYA 6438','101BTB260500027'
'101BTB260500028','2026-05-21 00:00:00.000','102-110',2652500.000000,0.000000,'(LOKAL) MULIA JAYA 7622','101BTB260500028'
'10101260500040','2026-05-21 00:00:00.000','102-110',0.000000,763869.260000,'L-LOKAL','10101260500040'
'10101260500040','2026-05-21 00:00:00.000','102-101',0.000000,1362679.440000,'TS-SPARE PARTS THERMO KING','10101260500040'
'10101260500040','2026-05-21 00:00:00.000','102-101',0.000000,1457140.300000,'TS-SPARE PARTS THERMO KING','10101260500040'
'10101260500040','2026-05-21 00:00:00.000','102-101',0.000000,1726337.360000,'TS-SPARE PARTS THERMO KING','10101260500040'
'10101260500040','2026-05-21 00:00:00.000','102-101',0.000000,169633.690000,'TS-SPARE PARTS THERMO KING','10101260500040'
'10101260500040','2026-05-21 00:00:00.000','102-101',0.000000,162531.090000,'TS-SPARE PARTS THERMO KING','10101260500040'
'10101260500038','2026-05-21 00:00:00.000','102-110',0.000000,742987.560000,'L-LOKAL','10101260500038'
'10101260500038','2026-05-21 00:00:00.000','102-110',0.000000,177424.240000,'L-LOKAL','10101260500038'
'10101260500038','2026-05-21 00:00:00.000','102-110',0.000000,959400.720000,'L-LOKAL','10101260500038'
'10101260500038','2026-05-21 00:00:00.000','102-110',0.000000,240091.430000,'L-LOKAL','10101260500038'
'10101260500038','2026-05-21 00:00:00.000','102-102',0.000000,65409.000000,'TL-SPARE PARTS THERMO KING LOKAL','10101260500038'
'10101260500039','2026-05-21 00:00:00.000','102-110',0.000000,557240.670000,'L-LOKAL','10101260500039'
'10101260500039','2026-05-21 00:00:00.000','102-102',0.000000,43606.000000,'TL-SPARE PARTS THERMO KING LOKAL','10101260500039'
'10101260500039','2026-05-21 00:00:00.000','102-102',0.000000,99080.060000,'TL-SPARE PARTS THERMO KING LOKAL','10101260500039'
'101260500046','2026-05-22 00:00:00.000','102-020',51814350.270000,0.000000,'CIM1091798 PT. SENTRAS BOX INDONESIA - TRAC            UNIT KE-1','101260500046'
'101260500046','2026-05-22 00:00:00.000','102-001',0.000000,51814350.270000,'CIM1091798 PT. SENTRAS BOX INDONESIA - TRAC            UNIT KE-1','101260500046'
'101260500045','2026-05-22 00:00:00.000','102-020',248222043.640000,0.000000,'CIM1096182 PT. SENTRAS BOX INDONESIA - JUMA BERLIAN MOTOR           UNIT  KE-1','101260500045'
'101260500045','2026-05-22 00:00:00.000','102-001',0.000000,248222043.640000,'CIM1096182 PT. SENTRAS BOX INDONESIA - JUMA BERLIAN MOTOR           UNIT  KE-1','101260500045'
'101260500044','2026-05-22 00:00:00.000','102-020',41611969.900000,0.000000,'CIM1096229 PT. LEO INDO MAKMUR         KE-2','101260500044'
'101260500044','2026-05-22 00:00:00.000','102-001',0.000000,41611969.900000,'CIM1096229 PT. LEO INDO MAKMUR         KE-2','101260500044'
'101260500043','2026-05-22 00:00:00.000','102-020',27165189.600000,0.000000,'CIM1096222 CV. MAS- MANDAU BERLIAN KALIMANTAN','101260500043'
'101260500043','2026-05-22 00:00:00.000','102-001',0.000000,27165189.600000,'CIM1096222 CV. MAS- MANDAU BERLIAN KALIMANTAN','101260500043'
'10203260500030','2026-05-22 00:00:00.000','102-020',0.000000,211169048.430000,'101260500042 PT. SENTRAS BOX INDONESIA - SAKTI AYAHANDA KAMI','10203260500030'
'10203260500030','2026-05-22 00:00:00.000','102-001',211169048.430000,0.000000,'101260500042 PT. SENTRAS BOX INDONESIA - SAKTI AYAHANDA KAMI','10203260500030'
'10203260500026','2026-05-22 00:00:00.000','102-020',0.000000,211169048.430000,'101260400021 U/ PT. METRO MOTOR KE - 1','10203260500026'
'10203260500026','2026-05-22 00:00:00.000','102-001',211169048.430000,0.000000,'101260400021 U/ PT. METRO MOTOR KE - 1','10203260500026'
'1012605FR05004','2026-05-22 00:00:00.000','102-601',0.000000,54257624.000000,'(SPARE PARTS THERMO KING) TK.006-290426 INV.1309671177','1012605FR05004'
'1012605FR05004','2026-05-22 00:00:00.000','102-101',54257624.000000,0.000000,'(Ekspedisi : SPARE PARTS THERMO KING) TK.006-290426 INV.1309671177','1012605FR05004'
'10203260500044','2026-05-22 00:00:00.000','102-020',0.000000,50595413.020000,'101260200062 PAREWA ( DEXTRA AUTOTEX )    KE-2','10203260500044'
'10203260500044','2026-05-22 00:00:00.000','102-001',50595413.020000,0.000000,'101260200062 PAREWA ( DEXTRA AUTOTEX )    KE-2','10203260500044'
'10203260500047','2026-05-22 00:00:00.000','102-020',0.000000,27165189.600000,'101260500012 AKPP QQ AMI BARESTIK ','10203260500047'
'10203260500047','2026-05-22 00:00:00.000','102-001',27165189.600000,0.000000,'101260500012 AKPP QQ AMI BARESTIK ','10203260500047'
'101KM260500061','2026-05-22 00:00:00.000','102-101',0.000000,79748.090000,'  07.2605027','101KM260500061'
'101BTB260500034','2026-05-22 00:00:00.000','102-010',2834000.000000,0.000000,'(TOYO UNIT) PT. THERMO ASRI MANDIRI 061/FK-TAM/V/2026','101BTB260500034'
'101BTB260500039','2026-05-22 00:00:00.000','102-101',198408004.500000,0.000000,'(SPARE PARTS THERMO KING) TK.006-290426 INV.1309671177','101BTB260500039'
'10103260500030','2026-05-22 00:00:00.000','102-001',0.000000,211169048.430000,'TR-UNIT TRUCK THERMO KING','10103260500030'
'10103260500026','2026-05-22 00:00:00.000','102-001',0.000000,211169048.430000,'TR-UNIT TRUCK THERMO KING','10103260500026'
'10103260500044','2026-05-22 00:00:00.000','102-001',0.000000,50595413.020000,'TR-UNIT TRUCK THERMO KING','10103260500044'
'10103260500047','2026-05-22 00:00:00.000','102-001',0.000000,27165189.600000,'TR-UNIT TRUCK THERMO KING','10103260500047'
'10101260500042','2026-05-22 00:00:00.000','102-101',0.000000,651956.600000,'TS-SPARE PARTS THERMO KING','10101260500042'
'10101260500043','2026-05-22 00:00:00.000','102-101',0.000000,1154765.040000,'TS-SPARE PARTS THERMO KING','10101260500043'
'10101260500043','2026-05-22 00:00:00.000','102-101',0.000000,11389038.170000,'TS-SPARE PARTS THERMO KING','10101260500043'
'10101260500044','2026-05-22 00:00:00.000','102-110',0.000000,928734.450000,'L-LOKAL','10101260500044'
'10101260500044','2026-05-22 00:00:00.000','102-101',0.000000,12765653.350000,'TS-SPARE PARTS THERMO KING','10101260500044'
'10101260500045','2026-05-22 00:00:00.000','102-110',0.000000,928734.450000,'L-LOKAL','10101260500045'
'10101260500045','2026-05-22 00:00:00.000','102-110',0.000000,763869.260000,'L-LOKAL','10101260500045'
'10101260500045','2026-05-22 00:00:00.000','102-101',0.000000,190355.420000,'TS-SPARE PARTS THERMO KING','10101260500045'
'10101260500045','2026-05-22 00:00:00.000','102-101',0.000000,162531.090000,'TS-SPARE PARTS THERMO KING','10101260500045'
'10101260500045','2026-05-22 00:00:00.000','102-101',0.000000,2569026.430000,'TS-SPARE PARTS THERMO KING','10101260500045'
'10101260500045','2026-05-22 00:00:00.000','102-101',0.000000,938994.120000,'TS-SPARE PARTS THERMO KING','10101260500045'
'10101260500045','2026-05-22 00:00:00.000','102-101',0.000000,1368378.310000,'TS-SPARE PARTS THERMO KING','10101260500045'
'10101260500045','2026-05-22 00:00:00.000','102-101',0.000000,781413.100000,'TS-SPARE PARTS THERMO KING','10101260500045'
'10101260500045','2026-05-22 00:00:00.000','102-101',0.000000,169633.690000,'TS-SPARE PARTS THERMO KING','10101260500045'
'101KM260500030','2026-05-23 00:00:00.000','102-110',0.000000,1669443.450000,'PT. SENTRAS BOX INDONESIA (TRACK KE-1)/SV-800 24V + FAN DUCTING/CIM 1091798/ISUZU NMR/J137645  07075','101KM260500030'
'101KM260500030','2026-05-23 00:00:00.000','102-102',0.000000,144629.100000,'PT. SENTRAS BOX INDONESIA (TRACK KE-1)/SV-800 24V + FAN DUCTING/CIM 1091798/ISUZU NMR/J137645  07075','101KM260500030'
'101KM260500031','2026-05-23 00:00:00.000','102-110',0.000000,1392891.820000,'PT. LEO INDOMAKMUR KE-2/SV-600 24V/CIM 1096229/CD EURO 4/002646  07074','101KM260500031'
'101KM260500031','2026-05-23 00:00:00.000','102-102',0.000000,144629.100000,'PT. LEO INDOMAKMUR KE-2/SV-600 24V/CIM 1096229/CD EURO 4/002646  07074','101KM260500031'
'101KM260500032','2026-05-23 00:00:00.000','102-110',0.000000,1772509.400000,'PT. MITRA ABADI SEJATI/RV-300 12V/CIM 1096222/L-300 EURO-4/003732  07094','101KM260500032'
'101KM260500032','2026-05-23 00:00:00.000','102-102',0.000000,131481.000000,'PT. MITRA ABADI SEJATI/RV-300 12V/CIM 1096222/L-300 EURO-4/003732  07094','101KM260500032'
'101KM260500033','2026-05-23 00:00:00.000','102-110',0.000000,1006510.930000,'PT. LINTAS BERSAMA LOGISTIK KE-11/NR-450I 12V/801010644BFCZ1018/ISUZU TRAGA/J579512  07039','101KM260500033'
'101KM260500033','2026-05-23 00:00:00.000','102-102',0.000000,120524.250000,'PT. LINTAS BERSAMA LOGISTIK KE-11/NR-450I 12V/801010644BFCZ1018/ISUZU TRAGA/J579512  07039','101KM260500033'
'101KM260500029','2026-05-23 00:00:00.000','102-110',0.000000,2295655.870000,'PT. LINTAS MITRA ANUGERAH SEJATI KE-2/KX-450K 24V/801010645BDEAC002/CD EURO 4/007329  07116','101KM260500029'
'101KM260500029','2026-05-23 00:00:00.000','102-102',0.000000,144629.100000,'PT. LINTAS MITRA ANUGERAH SEJATI KE-2/KX-450K 24V/801010645BDEAC002/CD EURO 4/007329  07116','101KM260500029'
'101KM260500034','2026-05-23 00:00:00.000','102-110',0.000000,1392891.820000,'PT. LEO INDOMAKMUR KE-1/SV-600 24V/CIM 1096228/CD EURO 4/002623  07074','101KM260500034'
'101KM260500034','2026-05-23 00:00:00.000','102-102',0.000000,144629.100000,'PT. LEO INDOMAKMUR KE-1/SV-600 24V/CIM 1096228/CD EURO 4/002623  07074','101KM260500034'
'101KM260500038','2026-05-23 00:00:00.000','102-110',0.000000,1392891.820000,'BPK. RICO/SV-600 24V/CIM 1096253/CD EURO 4/002703  07063','101KM260500038'
'101KM260500038','2026-05-23 00:00:00.000','102-102',0.000000,144629.100000,'BPK. RICO/SV-600 24V/CIM 1096253/CD EURO 4/002703  07063','101KM260500038'
'101KM260500047','2026-05-23 00:00:00.000','102-110',0.000000,1006510.930000,'PT. FAJAR MULA ABADI (WINGS CORP)/NR-450I 12V/801010644BFCZ1020/ISUZU TRAGA/J579522  07028','101KM260500047'
'101KM260500047','2026-05-23 00:00:00.000','102-102',0.000000,120524.250000,'PT. FAJAR MULA ABADI (WINGS CORP)/NR-450I 12V/801010644BFCZ1020/ISUZU TRAGA/J579522  07028','101KM260500047'
'10101260500046','2026-05-25 00:00:00.000','102-110',0.000000,299371.920000,'L-LOKAL','10101260500046'
'10101260500046','2026-05-25 00:00:00.000','102-110',0.000000,83738.850000,'L-LOKAL','10101260500046'
'10101260500046','2026-05-25 00:00:00.000','102-110',0.000000,381111.020000,'L-LOKAL','10101260500046'
'10101260500046','2026-05-25 00:00:00.000','102-102',0.000000,596050.600000,'TL-SPARE PARTS THERMO KING LOKAL','10101260500046'
'10101260500046','2026-05-25 00:00:00.000','102-101',0.000000,325978.300000,'TS-SPARE PARTS THERMO KING','10101260500046'
'10101260500047','2026-05-25 00:00:00.000','102-110',0.000000,763869.260000,'L-LOKAL','10101260500047'
'10101260500047','2026-05-25 00:00:00.000','102-101',0.000000,1362679.440000,'TS-SPARE PARTS THERMO KING','10101260500047'
'10101260500047','2026-05-25 00:00:00.000','102-101',0.000000,938994.120000,'TS-SPARE PARTS THERMO KING','10101260500047'
'10101260500047','2026-05-25 00:00:00.000','102-101',0.000000,1441859.150000,'TS-SPARE PARTS THERMO KING','10101260500047'
'10101260500047','2026-05-25 00:00:00.000','102-101',0.000000,169633.690000,'TS-SPARE PARTS THERMO KING','10101260500047'
'10101260500047','2026-05-25 00:00:00.000','102-101',0.000000,162531.090000,'TS-SPARE PARTS THERMO KING','10101260500047'
'101260500049','2026-05-25 00:00:00.000','102-020',41611969.900000,0.000000,'CIM1096227 U/ PT. LEOINDO MAKMUR KE - 3','101260500049'
'101260500049','2026-05-25 00:00:00.000','102-001',0.000000,41611969.900000,'CIM1096227 U/ PT. LEOINDO MAKMUR KE - 3','101260500049'
'101260500048','2026-05-25 00:00:00.000','102-020',41611969.900000,0.000000,'CIM1096228 U/ PT. LEOINDO MAKMUR KE - 1','101260500048'
'101260500048','2026-05-25 00:00:00.000','102-001',0.000000,41611969.900000,'CIM1096228 U/ PT. LEOINDO MAKMUR KE - 1','101260500048'
'101260500047','2026-05-25 00:00:00.000','102-020',41611969.900000,0.000000,'CIM1096253 U/ BPK RICO ','101260500047'
'101260500047','2026-05-25 00:00:00.000','102-001',0.000000,41611969.900000,'CIM1096253 U/ BPK RICO ','101260500047'
'101260600003','2026-05-25 00:00:00.000','102-020',211169048.430000,0.000000,'CIM1097383 U/ PT. SUMBER MANDIRI ANUGERAH FARM KE - 2','101260600003'
'101260600003','2026-05-25 00:00:00.000','102-001',0.000000,211169048.430000,'CIM1097383 U/ PT. SUMBER MANDIRI ANUGERAH FARM KE - 2','101260600003'
'10203260500027','2026-05-25 00:00:00.000','102-020',0.000000,27165189.600000,'101260500043 CV. MAS- MANDAU BERLIAN KALIMANTAN','10203260500027'
'10203260500027','2026-05-25 00:00:00.000','102-001',27165189.600000,0.000000,'101260500043 CV. MAS- MANDAU BERLIAN KALIMANTAN','10203260500027'
'10203260500028','2026-05-25 00:00:00.000','102-020',0.000000,41611969.900000,'101260500044 PT. LEO INDO MAKMUR         KE-2','10203260500028'
'10203260500028','2026-05-25 00:00:00.000','102-001',41611969.900000,0.000000,'101260500044 PT. LEO INDO MAKMUR         KE-2','10203260500028'
'10203260500029','2026-05-25 00:00:00.000','102-020',0.000000,27165189.600000,'101260500025 MAS - BUMEN REDJA ABADI','10203260500029'
'10203260500029','2026-05-25 00:00:00.000','102-001',27165189.600000,0.000000,'101260500025 MAS - BUMEN REDJA ABADI','10203260500029'
'10203260500039','2026-05-25 00:00:00.000','102-020',0.000000,50595413.020000,'101260200067 BAHARI TRANS LOGISTIK     KE-3','10203260500039'
'10203260500039','2026-05-25 00:00:00.000','102-001',50595413.020000,0.000000,'101260200067 BAHARI TRANS LOGISTIK     KE-3','10203260500039'
'10102260500025','2026-05-25 00:00:00.000','102-101',0.000000,529654.680000,'TS-SPARE PARTS THERMO KING','10102260500025'
'10102260500026','2026-05-25 00:00:00.000','102-101',0.000000,5579213.860000,'TS-SPARE PARTS THERMO KING','10102260500026'
'101KM260500035','2026-05-25 00:00:00.000','102-110',0.000000,1006510.930000,'PT. LINTAS BERSAMA LOGISTIK (WINGS CORP) KE-20/NR-450I 12V/801010644BFCZI005/ISUZU TRAGA/J579521  07','101KM260500035'
'101KM260500035','2026-05-25 00:00:00.000','102-102',0.000000,120524.250000,'PT. LINTAS BERSAMA LOGISTIK (WINGS CORP) KE-20/NR-450I 12V/801010644BFCZI005/ISUZU TRAGA/J579521  07','101KM260500035'
'101KM260500036','2026-05-25 00:00:00.000','102-110',0.000000,1414093.020000,'PT. SENTRAS BOX INDONESIA (JUMA KE-1)/T-1200R/CIM 1096182/FL 280 JW/20067  06885','101KM260500036'
'101KM260500060','2026-05-25 00:00:00.000','102-110',0.000000,323479.470000,'  07.2605028','101KM260500060'
'101KM260500060','2026-05-25 00:00:00.000','102-101',0.000000,6746386.250000,'  07.2605028','101KM260500060'
'101BTB260500025','2026-05-25 00:00:00.000','102-110',6351500.000000,0.000000,'(LOKAL) ALBERT AL9707','101BTB260500025'
'101BTB260500029','2026-05-25 00:00:00.000','102-201',1800000.000000,0.000000,'(MATERIAL TAMBAHAN) NUGROHO TEKNIK 063/V/2026/F.NT','101BTB260500029'
'101BTB260500029','2026-05-25 00:00:00.000','102-110',3295000.000000,0.000000,'(LOKAL) NUGROHO TEKNIK 063/V/2026/F.NT','101BTB260500029'
'10103260500027','2026-05-25 00:00:00.000','102-001',0.000000,27165189.600000,'TR-UNIT TRUCK THERMO KING','10103260500027'
'10103260500028','2026-05-25 00:00:00.000','102-001',0.000000,41611969.900000,'TR-UNIT TRUCK THERMO KING','10103260500028'
'10103260500029','2026-05-25 00:00:00.000','102-001',0.000000,27165189.600000,'TR-UNIT TRUCK THERMO KING','10103260500029'
'10103260500039','2026-05-25 00:00:00.000','102-001',0.000000,50595413.020000,'TR-UNIT TRUCK THERMO KING','10103260500039'
'200410126050183','2026-05-26 00:00:00.000','102-601',24145000.000000,0.000000,'LS/TK.SUM601D',
'10101260500051','2026-05-26 00:00:00.000','102-201',0.000000,49862.180000,'MT-MATERIAL TAMBAHAN','10101260500051'
'10101260500052','2026-05-26 00:00:00.000','102-110',0.000000,40338.200000,'L-LOKAL','10101260500052'
'10101260500052','2026-05-26 00:00:00.000','102-110',0.000000,557240.670000,'L-LOKAL','10101260500052'
'10101260500052','2026-05-26 00:00:00.000','102-102',0.000000,130818.000000,'TL-SPARE PARTS THERMO KING LOKAL','10101260500052'
'10101260500052','2026-05-26 00:00:00.000','102-101',0.000000,734743.760000,'TS-SPARE PARTS THERMO KING','10101260500052'
'10101260500052','2026-05-26 00:00:00.000','102-101',0.000000,3699471.510000,'TS-SPARE PARTS THERMO KING','10101260500052'
'10101260500053','2026-05-26 00:00:00.000','102-110',0.000000,763869.260000,'L-LOKAL','10101260500053'
'10101260500053','2026-05-26 00:00:00.000','102-101',0.000000,169633.690000,'TS-SPARE PARTS THERMO KING','10101260500053'
'10101260500053','2026-05-26 00:00:00.000','102-101',0.000000,162531.090000,'TS-SPARE PARTS THERMO KING','10101260500053'
'10101260500048','2026-05-26 00:00:00.000','102-201',0.000000,49862.180000,'MT-MATERIAL TAMBAHAN','10101260500048'
'10101260500054','2026-05-26 00:00:00.000','102-110',0.000000,763869.260000,'L-LOKAL','10101260500054'
'10101260500054','2026-05-26 00:00:00.000','102-101',0.000000,169633.690000,'TS-SPARE PARTS THERMO KING','10101260500054'
'10101260500054','2026-05-26 00:00:00.000','102-101',0.000000,162531.090000,'TS-SPARE PARTS THERMO KING','10101260500054'
'10101260500049','2026-05-26 00:00:00.000','102-201',0.000000,49862.180000,'MT-MATERIAL TAMBAHAN','10101260500049'
'10101260500059','2026-05-26 00:00:00.000','102-110',0.000000,80503.190000,'L-LOKAL','10101260500059'
'10101260500059','2026-05-26 00:00:00.000','102-110',0.000000,557240.670000,'L-LOKAL','10101260500059'
'10101260500059','2026-05-26 00:00:00.000','102-102',0.000000,130818.000000,'TL-SPARE PARTS THERMO KING LOKAL','10101260500059'
'10101260500059','2026-05-26 00:00:00.000','102-101',0.000000,1483943.450000,'TS-SPARE PARTS THERMO KING','10101260500059'
'101260500050','2026-05-26 00:00:00.000','102-020',27165189.600000,0.000000,'CIM1096221 THERESIA - KRS. MASTER','101260500050'
'101260500050','2026-05-26 00:00:00.000','102-001',0.000000,27165189.600000,'CIM1096221 THERESIA - KRS. MASTER','101260500050'
'101KP260500001','2026-05-26 00:00:00.000','102-110',1675000.000000,0.000000,'INTERN  071A','101KP260500001'
'10203260500031','2026-05-26 00:00:00.000','102-020',0.000000,51814350.270000,'101260500046 PT. SENTRAS BOX INDONESIA - TRAC            UNIT KE-1','10203260500031'
'10203260500031','2026-05-26 00:00:00.000','102-001',51814350.270000,0.000000,'101260500046 PT. SENTRAS BOX INDONESIA - TRAC            UNIT KE-1','10203260500031'
'10203260500037','2026-05-26 00:00:00.000','102-020',0.000000,248222043.640000,'101260500045 PT. SENTRAS BOX INDONESIA - JUMA BERLIAN MOTOR           UNIT  KE-1','10203260500037'
'10203260500037','2026-05-26 00:00:00.000','102-001',248222043.640000,0.000000,'101260500045 PT. SENTRAS BOX INDONESIA - JUMA BERLIAN MOTOR           UNIT  KE-1','10203260500037'
'10203260500048','2026-05-26 00:00:00.000','102-020',0.000000,211169048.430000,'101260600003 U/ PT. SUMBER MANDIRI ANUGERAH FARM KE - 2','10203260500048'
'10203260500048','2026-05-26 00:00:00.000','102-001',211169048.430000,0.000000,'101260600003 U/ PT. SUMBER MANDIRI ANUGERAH FARM KE - 2','10203260500048'
'10102260500030','2026-05-26 00:00:00.000','102-101',0.000000,4134015.030000,'TS-SPARE PARTS THERMO KING','10102260500030'
'10102260500027','2026-05-26 00:00:00.000','102-110',0.000000,2184128.400000,'L-LOKAL','10102260500027'
'10102260500028','2026-05-26 00:00:00.000','102-102',0.000000,847922.080000,'TL-SPARE PARTS THERMO KING LOKAL','10102260500028'
'10102260500028','2026-05-26 00:00:00.000','102-101',0.000000,1726337.360000,'TS-SPARE PARTS THERMO KING','10102260500028'
'10102260500028','2026-05-26 00:00:00.000','102-101',0.000000,1066115.370000,'TS-SPARE PARTS THERMO KING','10102260500028'
'10102260500028','2026-05-26 00:00:00.000','102-101',0.000000,380710.840000,'TS-SPARE PARTS THERMO KING','10102260500028'
'10102260500028','2026-05-26 00:00:00.000','102-101',0.000000,325062.180000,'TS-SPARE PARTS THERMO KING','10102260500028'
'10102260500028','2026-05-26 00:00:00.000','102-101',0.000000,508901.070000,'TS-SPARE PARTS THERMO KING','10102260500028'
'10102260500028','2026-05-26 00:00:00.000','102-101',0.000000,283750.000000,'TS-SPARE PARTS THERMO KING','10102260500028'
'10102260500029','2026-05-26 00:00:00.000','102-101',0.000000,5592026.840000,'TS-SPARE PARTS THERMO KING','10102260500029'
'10102260500029','2026-05-26 00:00:00.000','102-101',0.000000,232895.350000,'TS-SPARE PARTS THERMO KING','10102260500029'
'101KM260500037','2026-05-26 00:00:00.000','102-110',0.000000,1006510.930000,'PT. SURYA SETIA SEJAHTERA (WINGS CORP) PALU/NR-450I 12V/801010644BFCZ1031/ISUZU TRAGA/J580485  07022','101KM260500037'
'101KM260500037','2026-05-26 00:00:00.000','102-102',0.000000,120524.250000,'PT. SURYA SETIA SEJAHTERA (WINGS CORP) PALU/NR-450I 12V/801010644BFCZ1031/ISUZU TRAGA/J580485  07022','101KM260500037'
'101KM260500039','2026-05-26 00:00:00.000','102-110',0.000000,2581715.850000,'PT. YAKULT INDONESIA PERSADA (DS. INDRALAYA)/FTS-100 12V/015TAM260526/NEW CARRY/J271064  07160','101KM260500039'
'101KM260500039','2026-05-26 00:00:00.000','102-102',0.000000,90467.500000,'PT. YAKULT INDONESIA PERSADA (DS. INDRALAYA)/FTS-100 12V/015TAM260526/NEW CARRY/J271064  07160','101KM260500039'
'101KM260500055','2026-05-26 00:00:00.000','102-101',0.000000,79748.090000,'  07.2605033','101KM260500055'
'101KM260500056','2026-05-26 00:00:00.000','102-101',0.000000,786195.440000,'  07.2605032','101KM260500056'
'101KM260500057','2026-05-26 00:00:00.000','102-102',0.000000,140335.320000,'  07.2605031','101KM260500057'
'101KM260500058','2026-05-26 00:00:00.000','102-110',0.000000,560000.000000,'  07.2605030','101KM260500058'
'101KM260500058','2026-05-26 00:00:00.000','102-101',0.000000,3847758.210000,'  07.2605030','101KM260500058'
'101KM260500059','2026-05-26 00:00:00.000','102-101',0.000000,1293977.350000,'  07.2605029','101KM260500059'
'101BTB260500030','2026-05-26 00:00:00.000','102-110',2445000.000000,0.000000,'(LOKAL) ALBERT AL8321','101BTB260500030'
'101BTB260500031','2026-05-26 00:00:00.000','102-110',2910000.000000,0.000000,'(LOKAL) ALBERT AL-7733','101BTB260500031'
'101BTB260500032','2026-05-26 00:00:00.000','102-110',4365000.000000,0.000000,'(LOKAL) ALBERT AL-7628','101BTB260500032'
'101BTB260500035','2026-05-26 00:00:00.000','102-110',9990000.000000,0.000000,'(LOKAL) MITRA MAJU COOL 2605/MMC/V/2026','101BTB260500035'
'101BTB260500038','2026-05-26 00:00:00.000','102-110',36936938.000000,0.000000,'(LOKAL) POLARIN XININDO PX/2026/05/267','101BTB260500038'
'10103260500031','2026-05-26 00:00:00.000','102-110',0.000000,5120823.770000,'L-LOKAL','10103260500031'
'10103260500031','2026-05-26 00:00:00.000','102-001',0.000000,51814350.270000,'TR-UNIT TRUCK THERMO KING','10103260500031'
'10103260500037','2026-05-26 00:00:00.000','102-001',0.000000,248222043.640000,'TR-UNIT TRUCK THERMO KING','10103260500037'
'10103260500048','2026-05-26 00:00:00.000','102-001',0.000000,211169048.430000,'TR-UNIT TRUCK THERMO KING','10103260500048'
'10101260500050','2026-05-26 00:00:00.000','102-201',0.000000,49862.180000,'MT-MATERIAL TAMBAHAN','10101260500050'
'10101260500056','2026-05-28 00:00:00.000','102-110',0.000000,92873.450000,'L-LOKAL','10101260500056'
'10101260500057','2026-05-28 00:00:00.000','102-201',0.000000,49862.180000,'MT-MATERIAL TAMBAHAN','10101260500057'
'10101260500057','2026-05-28 00:00:00.000','102-110',0.000000,65.000000,'L-LOKAL','10101260500057'
'101260500052','2026-05-28 00:00:00.000','102-020',198563196.750000,0.000000,'CIM1089924 ANUGERAH PRIMA SEJAHTERA         KE-4','101260500052'
'101260500052','2026-05-28 00:00:00.000','102-001',0.000000,198563196.750000,'CIM1089924 ANUGERAH PRIMA SEJAHTERA         KE-4','101260500052'
'101260500051','2026-05-28 00:00:00.000','102-020',211169048.430000,0.000000,'CIM1096168 METRO MOTOR      KE-2','101260500051'
'101260500051','2026-05-28 00:00:00.000','102-001',0.000000,211169048.430000,'CIM1096168 METRO MOTOR      KE-2','101260500051'
'10203260500032','2026-05-28 00:00:00.000','102-020',0.000000,198563196.750000,'101260500052 ANUGERAH PRIMA SEJAHTERA         KE-4','10203260500032'
'10203260500032','2026-05-28 00:00:00.000','102-001',198563196.750000,0.000000,'101260500052 ANUGERAH PRIMA SEJAHTERA         KE-4','10203260500032'
'10203260500040','2026-05-28 00:00:00.000','102-020',0.000000,41611969.900000,'101260500048 U/ PT. LEOINDO MAKMUR KE - 1','10203260500040'
'10203260500040','2026-05-28 00:00:00.000','102-001',41611969.900000,0.000000,'101260500048 U/ PT. LEOINDO MAKMUR KE - 1','10203260500040'
'10102260500031','2026-05-28 00:00:00.000','102-102',0.000000,844423.080000,'TL-SPARE PARTS THERMO KING LOKAL','10102260500031'
'10102260500031','2026-05-28 00:00:00.000','102-101',0.000000,257911.490000,'TS-SPARE PARTS THERMO KING','10102260500031'
'101KM260500040','2026-05-28 00:00:00.000','102-110',0.000000,1392891.820000,'PT. LEO INDOMAKMUR KE-3/SV-600 24V/CIM 1096227/CANTER FE84 GSN/004002  07074','101KM260500040'
'101KM260500040','2026-05-28 00:00:00.000','102-102',0.000000,144629.100000,'PT. LEO INDOMAKMUR KE-3/SV-600 24V/CIM 1096227/CANTER FE84 GSN/004002  07074','101KM260500040'
'10102260500032','2026-05-28 00:00:00.000','102-101',0.000000,5106955.470000,'TS-SPARE PARTS THERMO KING','10102260500032'
'10102260500033','2026-05-28 00:00:00.000','102-101',0.000000,908452.960000,'TS-SPARE PARTS THERMO KING','10102260500033'
'101KM260500052','2026-05-28 00:00:00.000','102-101',0.000000,1293977.350000,'  07.2605036','101KM260500052'
'101KM260500053','2026-05-28 00:00:00.000','102-101',0.000000,1293977.350000,'  07.2605035','101KM260500053'
'101KM260500054','2026-05-28 00:00:00.000','102-110',0.000000,323479.470000,'  07.2605034','101KM260500054'
'101KM260500054','2026-05-28 00:00:00.000','102-101',0.000000,6783398.610000,'  07.2605034','101KM260500054'
'101KM260500090','2026-05-28 00:00:00.000','102-110',0.000000,516559.920000,'  KBS2605/018','101KM260500090'
'101KM260500090','2026-05-28 00:00:00.000','102-101',0.000000,2222324.980000,'  KBS2605/018','101KM260500090'
'101KM260500091','2026-05-28 00:00:00.000','102-110',0.000000,10.000000,'  KBS2605/017','101KM260500091'
'101KM260500088','2026-05-28 00:00:00.000','102-110',0.000000,1666559.920000,'  KBS2605/016','101KM260500088'
'101KM260500089','2026-05-28 00:00:00.000','102-110',0.000000,376320.430000,'  KBS2605/019','101KM260500089'
'10103260500040','2026-05-28 00:00:00.000','102-001',0.000000,41611969.900000,'TR-UNIT TRUCK THERMO KING','10103260500040'
'10103260500032','2026-05-28 00:00:00.000','102-001',0.000000,198563196.750000,'TR-UNIT TRUCK THERMO KING','10103260500032'
'101260500059','2026-05-29 00:00:00.000','102-020',41611969.900000,0.000000,'CIM1096258 SENTRAS BOX IND - BOSOWA BERLIAN       ','101260500059'
'101260500059','2026-05-29 00:00:00.000','102-001',0.000000,41611969.900000,'CIM1096258 SENTRAS BOX IND - BOSOWA BERLIAN       ','101260500059'
'101260500058','2026-05-29 00:00:00.000','102-020',51814350.270000,0.000000,'CIM1096278 CV. SKS - CEDEA      KE-5','101260500058'
'101260500058','2026-05-29 00:00:00.000','102-001',0.000000,51814350.270000,'CIM1096278 CV. SKS - CEDEA      KE-5','101260500058'
'101260500057','2026-05-29 00:00:00.000','102-020',51814350.270000,0.000000,'CIM1096275 SENTRAS BOX IND - TRAC               UNIT KE-2','101260500057'
'101260500057','2026-05-29 00:00:00.000','102-001',0.000000,51814350.270000,'CIM1096275 SENTRAS BOX IND - TRAC               UNIT KE-2','101260500057'
'101260500056','2026-05-29 00:00:00.000','102-020',51814350.270000,0.000000,'CIM1096277 PT. DIGDAYA AUTO KREASI ','101260500056'
'101260500056','2026-05-29 00:00:00.000','102-001',0.000000,51814350.270000,'CIM1096277 PT. DIGDAYA AUTO KREASI ','101260500056'
'101260500055','2026-05-29 00:00:00.000','102-020',51814350.270000,0.000000,'CIM1096291 SENTRAS BOX INDONESIA - ARMADA LINTAS ','101260500055'
'101260500055','2026-05-29 00:00:00.000','102-001',0.000000,51814350.270000,'CIM1096291 SENTRAS BOX INDONESIA - ARMADA LINTAS ','101260500055'
'101260500054','2026-05-29 00:00:00.000','102-020',51814350.270000,0.000000,'CIM1096292 PT. SENTRAS BOX - ARMADA LINTAS ','101260500054'
'101260500054','2026-05-29 00:00:00.000','102-001',0.000000,51814350.270000,'CIM1096292 PT. SENTRAS BOX - ARMADA LINTAS ','101260500054'
'101260500053','2026-05-29 00:00:00.000','102-020',211169048.430000,0.000000,'CIM1096167 PT. CIPTA MANUNGGAL SAKTI   - AMELIA JAYA CARROT','101260500053'
'101260500053','2026-05-29 00:00:00.000','102-001',0.000000,211169048.430000,'CIM1096167 PT. CIPTA MANUNGGAL SAKTI   - AMELIA JAYA CARROT','101260500053'
'101260500060','2026-05-29 00:00:00.000','102-020',27165189.600000,0.000000,'CIM1096198 INDOSALUYU','101260500060'
'101260500060','2026-05-29 00:00:00.000','102-001',0.000000,27165189.600000,'CIM1096198 INDOSALUYU','101260500060'
'10203260500033','2026-05-29 00:00:00.000','102-020',0.000000,27165189.600000,'101260400045 CARLOSINDO UTAMA ','10203260500033'
'10203260500033','2026-05-29 00:00:00.000','102-001',27165189.600000,0.000000,'101260400045 CARLOSINDO UTAMA ','10203260500033'
'10203260500034','2026-05-29 00:00:00.000','102-020',0.000000,35916332.420000,'101260500009 UNIT ONLY ','10203260500034'
'10203260500034','2026-05-29 00:00:00.000','102-001',35916332.420000,0.000000,'101260500009 UNIT ONLY ','10203260500034'
'10203260500035','2026-05-29 00:00:00.000','102-020',0.000000,34649470.030000,'101260500010 UNIT ONLY ','10203260500035'
'10203260500035','2026-05-29 00:00:00.000','102-001',34649470.030000,0.000000,'101260500010 UNIT ONLY ','10203260500035'
'10203260500041','2026-05-29 00:00:00.000','102-020',0.000000,59554136.760000,'101260500040 KRS. ANTIKA RAYA ','10203260500041'
'10203260500041','2026-05-29 00:00:00.000','102-001',59554136.760000,0.000000,'101260500040 KRS. ANTIKA RAYA ','10203260500041'
'10203260500036','2026-05-29 00:00:00.000','102-020',0.000000,35916332.420000,'101260500011 UNIT ONLY ','10203260500036'
'10203260500036','2026-05-29 00:00:00.000','102-001',35916332.420000,0.000000,'101260500011 UNIT ONLY ','10203260500036'
'10203260500042','2026-05-29 00:00:00.000','102-020',0.000000,51814350.270000,'101260500017 CV. SKS - CEDEA              UNIT KE-3','10203260500042'
'10203260500042','2026-05-29 00:00:00.000','102-001',51814350.270000,0.000000,'101260500017 CV. SKS - CEDEA              UNIT KE-3','10203260500042'
'10203260500038','2026-05-29 00:00:00.000','102-020',0.000000,27033944.080000,'101250900059 BPK. RAFFA ','10203260500038'
'10203260500038','2026-05-29 00:00:00.000','102-001',27033944.080000,0.000000,'101250900059 BPK. RAFFA ','10203260500038'
'10203260500043','2026-05-29 00:00:00.000','102-020',0.000000,41611969.900000,'101260500049 U/ PT. LEOINDO MAKMUR KE - 3','10203260500043'
'10203260500043','2026-05-29 00:00:00.000','102-001',41611969.900000,0.000000,'101260500049 U/ PT. LEOINDO MAKMUR KE - 3','10203260500043'
'10102260500034','2026-05-29 00:00:00.000','102-101',0.000000,812655.450000,'TS-SPARE PARTS THERMO KING','10102260500034'
'10102260500034','2026-05-29 00:00:00.000','102-101',0.000000,678534.760000,'TS-SPARE PARTS THERMO KING','10102260500034'
'10102260500035','2026-05-29 00:00:00.000','102-101',0.000000,651956.600000,'TS-SPARE PARTS THERMO KING','10102260500035'
'101KM260500041','2026-05-29 00:00:00.000','102-110',0.000000,1014720.880000,'PT. KALIMAS KHARISMA (WINGS CORP) BARABAI KE-1/NR-450I 12V/801010644BFCZI032/ISUZU TRAGA/J580411  07','101KM260500041'
'101KM260500041','2026-05-29 00:00:00.000','102-102',0.000000,120524.250000,'PT. KALIMAS KHARISMA (WINGS CORP) BARABAI KE-1/NR-450I 12V/801010644BFCZI032/ISUZU TRAGA/J580411  07','101KM260500041'
'101KM260500050','2026-05-29 00:00:00.000','102-110',0.000000,323479.470000,'  07.2605038','101KM260500050'
'101KM260500050','2026-05-29 00:00:00.000','102-101',0.000000,3699471.510000,'  07.2605038','101KM260500050'
'101KM260500042','2026-05-29 00:00:00.000','102-110',0.000000,1006510.930000,'PT. SEGAR HARUM KALIMANTAN (WINGS CORP) SAMARINDA/NR-450I 12V/801010644BFCZI014/ISUZU TRAGA/J580475 ','101KM260500042'
'101KM260500042','2026-05-29 00:00:00.000','102-102',0.000000,120524.250000,'PT. SEGAR HARUM KALIMANTAN (WINGS CORP) SAMARINDA/NR-450I 12V/801010644BFCZI014/ISUZU TRAGA/J580475 ','101KM260500042'
'101KM260500051','2026-05-29 00:00:00.000','102-110',0.000000,381111.020000,'KUSUMA SARANA PANGAN   07.2605037','101KM260500051'
'101KM260500049','2026-05-29 00:00:00.000','102-101',0.000000,4165571.220000,'PT. MANGGALA KIAT ANANDA  07.2605039','101KM260500049'
'101BTB260500037','2026-05-29 00:00:00.000','102-010',2915000.000000,0.000000,'(TOYO UNIT) PT. THERMO ASRI MANDIRI 082/FK-TAM/V/2026','101BTB260500037'
'10103260500033','2026-05-29 00:00:00.000','102-001',0.000000,27165189.600000,'TR-UNIT TRUCK THERMO KING','10103260500033'
'10103260500034','2026-05-29 00:00:00.000','102-001',0.000000,35916332.420000,'TR-UNIT TRUCK THERMO KING','10103260500034'
'10103260500035','2026-05-29 00:00:00.000','102-001',0.000000,34649470.030000,'TR-UNIT TRUCK THERMO KING','10103260500035'
'10103260500036','2026-05-29 00:00:00.000','102-001',0.000000,35916332.420000,'TR-UNIT TRUCK THERMO KING','10103260500036'
'10103260500041','2026-05-29 00:00:00.000','102-001',0.000000,59554136.760000,'TR-UNIT TRUCK THERMO KING','10103260500041'
'10103260500042','2026-05-29 00:00:00.000','102-110',0.000000,5000000.000000,'L-LOKAL','10103260500042'
'10103260500042','2026-05-29 00:00:00.000','102-001',0.000000,51814350.270000,'TR-UNIT TRUCK THERMO KING','10103260500042'
'10103260500043','2026-05-29 00:00:00.000','102-001',0.000000,41611969.900000,'TR-UNIT TRUCK THERMO KING','10103260500043'
'10103260500038','2026-05-29 00:00:00.000','102-001',0.000000,27033944.080000,'TR-UNIT TRUCK THERMO KING','10103260500038'
'101KM260500043','2026-05-30 00:00:00.000','102-110',0.000000,1409600.000000,'METRO MOTOR KE-2/T-1080 PRO/CIM 1096168/FL 260 JW/20345  07001','101KM260500043'
'101KM260500044','2026-05-30 00:00:00.000','102-110',0.000000,1414022.140000,'PT. SENTRAS BOX INDONESIA/SV-800 24V/CIM 1096292/CD EURO 4/002712  07067','101KM260500044'
'101KM260500044','2026-05-30 00:00:00.000','102-102',0.000000,144629.100000,'PT. SENTRAS BOX INDONESIA/SV-800 24V/CIM 1096292/CD EURO 4/002712  07067','101KM260500044'
'101KM260500045','2026-05-30 00:00:00.000','102-110',0.000000,1414022.140000,'PT. SENTRAS BOX INDONESIA/SV-800 24V/CIM 1096291/CD EURO 4/002629  06927','101KM260500045'
'101KM260500045','2026-05-30 00:00:00.000','102-102',0.000000,144629.100000,'PT. SENTRAS BOX INDONESIA/SV-800 24V/CIM 1096291/CD EURO 4/002629  06927','101KM260500045'
'101KM260500048','2026-05-30 00:00:00.000','102-110',0.000000,1006510.930000,'PT. SEGAR HARUM KALIMANTAN (WINGS CORP) BERAU KE-3/NR-450I 12V/801010644BFCZ1028/ISUZU TRAGA/J580478','101KM260500048'
'101KM260500048','2026-05-30 00:00:00.000','102-102',0.000000,120524.250000,'PT. SEGAR HARUM KALIMANTAN (WINGS CORP) BERAU KE-3/NR-450I 12V/801010644BFCZ1028/ISUZU TRAGA/J580478','101KM260500048'
'101KM260600108','2026-06-01 00:00:00.000','102-110',0.000000,1461485.710000,'BOGOR KIAT SARANA/T-1080 PRO/CIM 1090968/FIGHTER X FN61FSL/000062  07060','101KM260600108'
'101KM260600111','2026-06-01 00:00:00.000','102-110',0.000000,1396112.360000,'PT. SENTRAS BOX INDONESIA/SV-600 24V/CIM 1096258/CD EURO 4/010657  07103','101KM260600111'
'101KM260600111','2026-06-01 00:00:00.000','102-102',0.000000,143883.300000,'PT. SENTRAS BOX INDONESIA/SV-600 24V/CIM 1096258/CD EURO 4/010657  07103','101KM260600111'
'101KP260600009','2026-06-01 00:00:00.000','102-110',23321378.000000,0.000000,'  JUN''26','101KP260600009'
'101KP260600009','2026-06-01 00:00:00.000','102-102',4890020.000000,0.000000,'  JUN''26','101KP260600009'
'101BTB260600006','2026-06-02 00:00:00.000','102-110',450000.000000,0.000000,'(LOKAL) MULIA JAYA 6469','101BTB260600006'
'101260600001','2026-06-02 00:00:00.000','102-020',38464452.490000,0.000000,'CIM1079960 KREASI SEJUK SARANA ','101260600001'
'101260600001','2026-06-02 00:00:00.000','102-001',0.000000,38464452.490000,'CIM1079960 KREASI SEJUK SARANA ','101260600001'
'10203260600001','2026-06-02 00:00:00.000','102-020',0.000000,51814350.270000,'101260500054 PT. SENTRAS BOX - ARMADA LINTAS ','10203260600001'
'10203260600001','2026-06-02 00:00:00.000','102-001',51814350.270000,0.000000,'101260500054 PT. SENTRAS BOX - ARMADA LINTAS ','10203260600001'
'10203260600002','2026-06-02 00:00:00.000','102-020',0.000000,211169048.430000,'101260500053 PT. CIPTA MANUNGGAL SAKTI   - AMELIA JAYA CARROT','10203260600002'
'10203260600002','2026-06-02 00:00:00.000','102-001',211169048.430000,0.000000,'101260500053 PT. CIPTA MANUNGGAL SAKTI   - AMELIA JAYA CARROT','10203260600002'
'10203260600003','2026-06-02 00:00:00.000','102-020',0.000000,211169048.430000,'101260500051 METRO MOTOR      KE-2','10203260600003'
'10203260600003','2026-06-02 00:00:00.000','102-001',211169048.430000,0.000000,'101260500051 METRO MOTOR      KE-2','10203260600003'
'10104260600001','2026-06-02 00:00:00.000','102-110',0.000000,294973.920000,'L-LOKAL','10104260600001'
'10104260600001','2026-06-02 00:00:00.000','102-110',0.000000,1074071.000000,'L-LOKAL','10104260600001'
'10104260600001','2026-06-02 00:00:00.000','102-110',0.000000,1145129.870000,'L-LOKAL','10104260600001'
'10104260600001','2026-06-02 00:00:00.000','102-010',0.000000,2834000.000000,'TYU-TOYO UNIT','10104260600001'
'10104260600003','2026-06-02 00:00:00.000','102-010',0.000000,11530000.000000,'TYU-TOYO UNIT','10104260600003'
'101KM260600002','2026-06-02 00:00:00.000','102-110',0.000000,1046204.830000,'PT. SEGAR HARUM KALIMANTAN (WINGS CORP) BERAU KE-4/NR-450I 12V/801010644BFCZI029/ISUZU TRAGA/J580479','101KM260600002'
'101KM260600002','2026-06-02 00:00:00.000','102-102',0.000000,119902.750000,'PT. SEGAR HARUM KALIMANTAN (WINGS CORP) BERAU KE-4/NR-450I 12V/801010644BFCZI029/ISUZU TRAGA/J580479','101KM260600002'
'10102260600001','2026-06-02 00:00:00.000','102-110',0.000000,1117390.300000,'L-LOKAL','10102260600001'
'10102260600002','2026-06-02 00:00:00.000','102-110',0.000000,959400.720000,'L-LOKAL','10102260600002'
'10102260600002','2026-06-02 00:00:00.000','102-110',0.000000,167500.000000,'L-LOKAL','10102260600002'
'10102260600002','2026-06-02 00:00:00.000','102-101',0.000000,734180.830000,'TS-SPARE PARTS THERMO KING','10102260600002'
'101KM260600003','2026-06-02 00:00:00.000','102-110',0.000000,1461485.710000,'CV. CIPTA MANUNGGAL SAKTI/T-1080 PRO/CIM 1096167/FL 280 JW/19866  07138','101KM260600003'
'10102260600003','2026-06-02 00:00:00.000','102-101',0.000000,2181601.550000,'TS-SPARE PARTS THERMO KING','10102260600003'
'101KM260600004','2026-06-02 00:00:00.000','102-110',0.000000,1046204.830000,'PT. LINTAS BERSAMA LOGISTIK (WINGS CORP) KE-13/NR-450I 12V/801010644BFCAZ025/ISUZU TRAGA/J579514  07','101KM260600004'
'101KM260600004','2026-06-02 00:00:00.000','102-102',0.000000,119902.750000,'PT. LINTAS BERSAMA LOGISTIK (WINGS CORP) KE-13/NR-450I 12V/801010644BFCAZ025/ISUZU TRAGA/J579514  07','101KM260600004'
'101KM260600051','2026-06-02 00:00:00.000','102-103',0.000000,1.000000,'PERL. UNIT KX-450 12V SURYA SETIA  KBS2606/001','101KM260600051'
'101KM260600085','2026-06-02 00:00:00.000','102-101',0.000000,1726337.360000,'PT. WINSON SINGA T-1280E  07.2606002','101KM260600085'
'101KM260600086','2026-06-02 00:00:00.000','102-101',0.000000,2823619.190000,'PT. MANGGALA KIAT ANANDA T-1200  07.2606001','101KM260600086'
'10103260600001','2026-06-02 00:00:00.000','102-001',0.000000,51814350.270000,'TR-UNIT TRUCK THERMO KING','10103260600001'
'10103260600002','2026-06-02 00:00:00.000','102-001',0.000000,211169048.430000,'TR-UNIT TRUCK THERMO KING','10103260600002'
'10103260600003','2026-06-02 00:00:00.000','102-001',0.000000,211169048.430000,'TR-UNIT TRUCK THERMO KING','10103260600003'
'101BTB260600008','2026-06-03 00:00:00.000','102-110',3385000.000000,0.000000,'(LOKAL) ALBERT AL4728','101BTB260600008'
'101BTB260600009','2026-06-03 00:00:00.000','102-110',1242500.040000,0.000000,'(LOKAL) ALBERT AL7727','101BTB260600009'
'101260600002','2026-06-03 00:00:00.000','102-020',215984724.820000,0.000000,'CIM1096166 U/ PT. METRO MOTOR KE - 3 ','101260600002'
'101260600002','2026-06-03 00:00:00.000','102-001',0.000000,215984724.820000,'CIM1096166 U/ PT. METRO MOTOR KE - 3 ','101260600002'
'10203260600004','2026-06-03 00:00:00.000','102-020',0.000000,51814350.270000,'101260500055 SENTRAS BOX INDONESIA - ARMADA LINTAS ','10203260600004'
'10203260600004','2026-06-03 00:00:00.000','102-001',51814350.270000,0.000000,'101260500055 SENTRAS BOX INDONESIA - ARMADA LINTAS ','10203260600004'
'10203260600005','2026-06-03 00:00:00.000','102-020',0.000000,41611969.900000,'101260500047 U/ BPK RICO ','10203260600005'
'10203260600005','2026-06-03 00:00:00.000','102-001',41611969.900000,0.000000,'101260500047 U/ BPK RICO ','10203260600005'
'10203260600007','2026-06-03 00:00:00.000','102-020',0.000000,34649470.030000,'101260500013 KRS. MASTER   QQ BPK. BUDI SANTOSO','10203260600007'
'10203260600007','2026-06-03 00:00:00.000','102-001',34649470.030000,0.000000,'101260500013 KRS. MASTER   QQ BPK. BUDI SANTOSO','10203260600007'
'10203260600008','2026-06-03 00:00:00.000','102-020',0.000000,27165189.600000,'101260500050 THERESIA - KRS. MASTER','10203260600008'
'10203260600008','2026-06-03 00:00:00.000','102-001',27165189.600000,0.000000,'101260500050 THERESIA - KRS. MASTER','10203260600008'
'10102260600004','2026-06-03 00:00:00.000','102-101',0.000000,848265.330000,'TS-SPARE PARTS THERMO KING','10102260600004'
'101KM260600005','2026-06-03 00:00:00.000','102-110',0.000000,1684601.640000,'PT. SENTRAS BOX INDONESIA TRAC KE-2/SV-800 24V + FAN SEKAT/CIM 1096275/ISUZU NMR/J136998  07075','101KM260600005'
'101KM260600005','2026-06-03 00:00:00.000','102-102',0.000000,143883.300000,'PT. SENTRAS BOX INDONESIA TRAC KE-2/SV-800 24V + FAN SEKAT/CIM 1096275/ISUZU NMR/J136998  07075','101KM260600005'
'10102260600005','2026-06-03 00:00:00.000','102-101',0.000000,557630.220000,'TS-SPARE PARTS THERMO KING','10102260600005'
'101KM260600006','2026-06-03 00:00:00.000','102-110',0.000000,1436692.460000,'PT. DIGDAYA AUTO KREASI/SV-800 24V/CIM 1096277/CANTER FE84 GSN/001326  07117','101KM260600006'
'101KM260600006','2026-06-03 00:00:00.000','102-102',0.000000,143883.300000,'PT. DIGDAYA AUTO KREASI/SV-800 24V/CIM 1096277/CANTER FE84 GSN/001326  07117','101KM260600006'
'101KM260600007','2026-06-03 00:00:00.000','102-110',0.000000,2428195.010000,'KREASI SEJUK SARANA/SV-600 12V/CIM 1079960/DUTRO 136 HDL/5007634  07155','101KM260600007'
'101KM260600007','2026-06-03 00:00:00.000','102-102',0.000000,143883.300000,'KREASI SEJUK SARANA/SV-600 12V/CIM 1079960/DUTRO 136 HDL/5007634  07155','101KM260600007'
'101KM260600050','2026-06-03 00:00:00.000','102-110',0.000000,516559.920000,'RAKIT FAN SEKAT 24V SENTRAS KE - 2  KBS2606/002','101KM260600050'
'101KM260600050','2026-06-03 00:00:00.000','102-101',0.000000,2222324.980000,'RAKIT FAN SEKAT 24V SENTRAS KE - 2  KBS2606/002','101KM260600050'
'101KM260600049','2026-06-03 00:00:00.000','102-110',0.000000,271475.460000,'BARANG/ SPAREPART KONSINYASI  KBS2606/004','101KM260600049'
'101KM260600049','2026-06-03 00:00:00.000','102-101',0.000000,12269591.100000,'BARANG/ SPAREPART KONSINYASI  KBS2606/004','101KM260600049'
'101KM260600084','2026-06-03 00:00:00.000','102-110',0.000000,1126900.710000,'PT. BINTANG BARU SV-600 24V  07.2606003','101KM260600084'
'10103260600004','2026-06-03 00:00:00.000','102-001',0.000000,51814350.270000,'TR-UNIT TRUCK THERMO KING','10103260600004'
'10103260600005','2026-06-03 00:00:00.000','102-001',0.000000,41611969.900000,'TR-UNIT TRUCK THERMO KING','10103260600005'
'10103260600007','2026-06-03 00:00:00.000','102-110',0.000000,25.000000,'L-LOKAL','10103260600007'
'10103260600007','2026-06-03 00:00:00.000','102-001',0.000000,34649470.030000,'TR-UNIT TRUCK THERMO KING','10103260600007'
'10103260600008','2026-06-03 00:00:00.000','102-001',0.000000,27165189.600000,'TR-UNIT TRUCK THERMO KING','10103260600008'
'10101260600002','2026-06-03 00:00:00.000','102-201',0.000000,49410.400000,'MT-MATERIAL TAMBAHAN','10101260600002'
'10101260600003','2026-06-03 00:00:00.000','102-101',0.000000,347253.440000,'TS-SPARE PARTS THERMO KING','10101260600003'
'10103260600015','2026-06-04 00:00:00.000','102-001',0.000000,51814350.270000,'TR-UNIT TRUCK THERMO KING','10103260600015'
'101BTB260600007','2026-06-04 00:00:00.000','102-110',3312000.000000,0.000000,'(LOKAL) MULIA JAYA 3824','101BTB260600007'
'10203260600006','2026-06-04 00:00:00.000','102-020',0.000000,34649470.030000,'101260400051 CARLOSINDO UTAMA  ','10203260600006'
'10203260600006','2026-06-04 00:00:00.000','102-001',34649470.030000,0.000000,'101260400051 CARLOSINDO UTAMA  ','10203260600006'
'10203260600012','2026-06-04 00:00:00.000','102-020',0.000000,51814350.270000,'101260500057 SENTRAS BOX IND - TRAC               UNIT KE-2','10203260600012'
'10203260600012','2026-06-04 00:00:00.000','102-001',51814350.270000,0.000000,'101260500057 SENTRAS BOX IND - TRAC               UNIT KE-2','10203260600012'
'10203260600015','2026-06-04 00:00:00.000','102-020',0.000000,51814350.270000,'101260500056 PT. DIGDAYA AUTO KREASI ','10203260600015'
'10203260600015','2026-06-04 00:00:00.000','102-001',51814350.270000,0.000000,'101260500056 PT. DIGDAYA AUTO KREASI ','10203260600015'
'10102260600006','2026-06-04 00:00:00.000','102-110',0.000000,560000.000000,'L-LOKAL','10102260600006'
'10102260600007','2026-06-04 00:00:00.000','102-101',0.000000,1439800.230000,'TS-SPARE PARTS THERMO KING','10102260600007'
'101KM260600008','2026-06-04 00:00:00.000','102-110',0.000000,2430571.740000,'PT. MITRA ABADI SEJATI (MAS) KE-1/FTS-100 12V/016TAM020626/L-300 EURO 4/J007898  07102','101KM260600008'
'101KM260600008','2026-06-04 00:00:00.000','102-102',0.000000,90467.500000,'PT. MITRA ABADI SEJATI (MAS) KE-1/FTS-100 12V/016TAM020626/L-300 EURO 4/J007898  07102','101KM260600008'
'101KM260600009','2026-06-04 00:00:00.000','102-110',0.000000,1470389.280000,'METRO MOTOR KE-3/T-1080 PRO/CIM 1096166/GIGA FVM 34/J005339  07001','101KM260600009'
'101KM260600046','2026-06-04 00:00:00.000','102-110',0.000000,130631.000000,'PERL. UNIT SV-800 24V SENTRAS BOX KE -1   KBS2606/007','101KM260600046'
'101KM260600046','2026-06-04 00:00:00.000','102-101',0.000000,819496.960000,'PERL. UNIT SV-800 24V SENTRAS BOX KE -1   KBS2606/007','101KM260600046'
'101KM260600047','2026-06-04 00:00:00.000','102-110',0.000000,10.000000,'RUBAH PULLEY COMPR KE - 2  KBS2606/006','101KM260600047'
'101KM260600048','2026-06-04 00:00:00.000','102-110',0.000000,376320.430000,'PERL. ESB SV-800 24V SUMBER KREASI KE - 4  KBS2606/005','101KM260600048'
'101KM260600080','2026-06-04 00:00:00.000','102-110',0.000000,338854.630000,'MOH RIFAI SV-600 24V  07.2606007','101KM260600080'
'101KM260600081','2026-06-04 00:00:00.000','102-110',0.000000,167500.000000,'SUPRIHADI SV-600 24V  07.2606006','101KM260600081'
'101KM260600082','2026-06-04 00:00:00.000','102-101',0.000000,1440274.230000,'PT. MANGGALA KIAT T-1200  07.2606005','101KM260600082'
'101KM260600083','2026-06-04 00:00:00.000','102-102',0.000000,140335.330000,'PT. MANGGALA KIAT ANANDA  T1200  07.2606004','101KM260600083'
'101KM260600083','2026-06-04 00:00:00.000','102-101',0.000000,1440274.230000,'PT. MANGGALA KIAT ANANDA  T1200  07.2606004','101KM260600083'
'10103260600006','2026-06-04 00:00:00.000','102-001',0.000000,34649470.030000,'TR-UNIT TRUCK THERMO KING','10103260600006'
'10101260600005','2026-06-04 00:00:00.000','102-110',0.000000,40279.660000,'L-LOKAL','10101260600005'
'10101260600005','2026-06-04 00:00:00.000','102-110',0.000000,87355.230000,'L-LOKAL','10101260600005'
'10101260600005','2026-06-04 00:00:00.000','102-110',0.000000,557240.220000,'L-LOKAL','10101260600005'
'10101260600005','2026-06-04 00:00:00.000','102-110',0.000000,9.840000,'L-LOKAL','10101260600005'
'10101260600005','2026-06-04 00:00:00.000','102-110',0.000000,167500.000000,'L-LOKAL','10101260600005'
'10101260600005','2026-06-04 00:00:00.000','102-110',0.000000,959400.720000,'L-LOKAL','10101260600005'
'10101260600005','2026-06-04 00:00:00.000','102-102',0.000000,130764.000000,'TL-SPARE PARTS THERMO KING LOKAL','10101260600005'
'10101260600005','2026-06-04 00:00:00.000','102-101',0.000000,734180.830000,'TS-SPARE PARTS THERMO KING','10101260600005'
'101BTB260600002','2026-06-04 00:00:00.000','102-110',8963964.000000,0.000000,'(LOKAL) CAHAYA GLOBAL TEKNIK 019/INV-CGT/VI/2026','101BTB260600002'
'10103260600012','2026-06-04 00:00:00.000','102-110',0.000000,5120823.770000,'L-LOKAL','10103260600012'
'10103260600012','2026-06-04 00:00:00.000','102-001',0.000000,51814350.270000,'TR-UNIT TRUCK THERMO KING','10103260600012'
'101BTB260600020','2026-06-05 00:00:00.000','102-001',4278434670.000000,0.000000,'(UNIT TRUCK THERMO KING) SUM601D-020326 INV.5002043','101BTB260600020'
'10103260600013','2026-06-05 00:00:00.000','102-001',0.000000,38464452.490000,'TR-UNIT TRUCK THERMO KING','10103260600013'
'101BTB260600004','2026-06-05 00:00:00.000','102-110',11600000.000000,0.000000,'(LOKAL) ALBERT AL2974','101BTB260600004'
'10103260600014','2026-06-05 00:00:00.000','102-001',0.000000,41611969.900000,'TR-UNIT TRUCK THERMO KING','10103260600014'
'10101260600010','2026-06-05 00:00:00.000','102-110',0.000000,40279.660000,'L-LOKAL','10101260600010'
'10101260600010','2026-06-05 00:00:00.000','102-110',0.000000,557240.220000,'L-LOKAL','10101260600010'
'10101260600010','2026-06-05 00:00:00.000','102-110',0.000000,381111.020000,'L-LOKAL','10101260600010'
'10101260600010','2026-06-05 00:00:00.000','102-102',0.000000,130764.000000,'TL-SPARE PARTS THERMO KING LOKAL','10101260600010'
'10101260600010','2026-06-05 00:00:00.000','102-101',0.000000,294626.210000,'TS-SPARE PARTS THERMO KING','10101260600010'
'10101260600011','2026-06-05 00:00:00.000','102-110',0.000000,1471821.870000,'L-LOKAL','10101260600011'
'101BTB260600015','2026-06-05 00:00:00.000','102-102',1185000.000000,0.000000,'(SPARE PARTS THERMO KING LOKAL) SAMUDERA TEKNIK (IVC260600016)','101BTB260600015'
'101BTB260600041','2026-06-05 00:00:00.000','102-102',1351351.350000,0.000000,'(SPARE PARTS THERMO KING LOKAL) TEKNIK DIESEL INDONESIA (TDI2606/001)','101BTB260600041'
'101KM260600116','2026-06-05 00:00:00.000','102-110',0.000000,2587798.760000,'PT. YAKULT INDONESIA PERSADA (DS. JAKARTA 2)/FTS-100 12V/013TAM020426/NEW CARRY/J287813  07051','101KM260600116'
'101KM260600116','2026-06-05 00:00:00.000','102-102',0.000000,90467.500000,'PT. YAKULT INDONESIA PERSADA (DS. JAKARTA 2)/FTS-100 12V/013TAM020426/NEW CARRY/J287813  07051','101KM260600116'
'101260600004','2026-06-05 00:00:00.000','102-020',41611969.910000,0.000000,'CIM1096257 UNITR ONLY','101260600004'
'101260600004','2026-06-05 00:00:00.000','102-001',0.000000,41611969.910000,'CIM1096257 UNITR ONLY','101260600004'
'10203260600009','2026-06-05 00:00:00.000','102-020',0.000000,50595413.020000,'101260200068 BAHARI TRANS LOGISTIK         KE-4','10203260600009'
'10203260600009','2026-06-05 00:00:00.000','102-001',50595413.020000,0.000000,'101260200068 BAHARI TRANS LOGISTIK         KE-4','10203260600009'
'10203260600010','2026-06-05 00:00:00.000','102-020',0.000000,54082153.360000,'101260500027 KRS. AKPP       UNIT KE-1','10203260600010'
'10203260600010','2026-06-05 00:00:00.000','102-001',54082153.360000,0.000000,'101260500027 KRS. AKPP       UNIT KE-1','10203260600010'
'10203260600011','2026-06-05 00:00:00.000','102-020',0.000000,27165189.600000,'101260400052 CARLOSINDO UTAMA','10203260600011'
'10203260600011','2026-06-05 00:00:00.000','102-001',27165189.600000,0.000000,'101260400052 CARLOSINDO UTAMA','10203260600011'
'10203260600013','2026-06-05 00:00:00.000','102-020',0.000000,38464452.490000,'101260600001 KREASI SEJUK SARANA ','10203260600013'
'10203260600013','2026-06-05 00:00:00.000','102-001',38464452.490000,0.000000,'101260600001 KREASI SEJUK SARANA ','10203260600013'
'10203260600014','2026-06-05 00:00:00.000','102-020',0.000000,41611969.900000,'101260500059 SENTRAS BOX IND - BOSOWA BERLIAN       ','10203260600014'
'10203260600014','2026-06-05 00:00:00.000','102-001',41611969.900000,0.000000,'101260500059 SENTRAS BOX IND - BOSOWA BERLIAN       ','10203260600014'
'10102260600008','2026-06-05 00:00:00.000','102-101',0.000000,556563.400000,'TS-SPARE PARTS THERMO KING','10102260600008'
'10102260600009','2026-06-05 00:00:00.000','102-101',0.000000,1073695.230000,'TS-SPARE PARTS THERMO KING','10102260600009'
'10102260600009','2026-06-05 00:00:00.000','102-101',0.000000,910159.470000,'TS-SPARE PARTS THERMO KING','10102260600009'
'101KM260600079','2026-06-05 00:00:00.000','102-101',0.000000,9230057.000000,'PT. AGUNG SOLUSI SV-800 24V  07.2606008','101KM260600079'
'1012606FR05001','2026-06-05 00:00:00.000','102-601',0.000000,24145000.000000,'(UNIT TRUCK THERMO KING) SUM.601D-020326 INV.5002043','1012606FR05001'
'1012606FR05001','2026-06-05 00:00:00.000','102-001',24145000.000000,0.000000,'(Ekspedisi : UNIT TRUCK THERMO KING) SUM.601D-020326 INV.5002043','1012606FR05001'
'10103260600009','2026-06-05 00:00:00.000','102-001',0.000000,50595413.020000,'TR-UNIT TRUCK THERMO KING','10103260600009'
'10101260600006','2026-06-05 00:00:00.000','102-101',0.000000,3598379.720000,'TS-SPARE PARTS THERMO KING','10101260600006'
'10101260600006','2026-06-05 00:00:00.000','102-101',0.000000,1422803.420000,'TS-SPARE PARTS THERMO KING','10101260600006'
'10101260600006','2026-06-05 00:00:00.000','102-101',0.000000,2262454.760000,'TS-SPARE PARTS THERMO KING','10101260600006'
'10101260600007','2026-06-05 00:00:00.000','102-110',0.000000,184958.420000,'L-LOKAL','10101260600007'
'10101260600007','2026-06-05 00:00:00.000','102-110',0.000000,40279.660000,'L-LOKAL','10101260600007'
'10101260600007','2026-06-05 00:00:00.000','102-110',0.000000,371493.480000,'L-LOKAL','10101260600007'
'10101260600007','2026-06-05 00:00:00.000','102-102',0.000000,130764.000000,'TL-SPARE PARTS THERMO KING LOKAL','10101260600007'
'10101260600007','2026-06-05 00:00:00.000','102-101',0.000000,575230.320000,'TS-SPARE PARTS THERMO KING','10101260600007'
'10101260600007','2026-06-05 00:00:00.000','102-101',0.000000,392128.580000,'TS-SPARE PARTS THERMO KING','10101260600007'
'10101260600008','2026-06-05 00:00:00.000','102-110',0.000000,557240.220000,'L-LOKAL','10101260600008'
'10101260600008','2026-06-05 00:00:00.000','102-110',0.000000,337861.370000,'L-LOKAL','10101260600008'
'10101260600008','2026-06-05 00:00:00.000','102-102',0.000000,43588.000000,'TL-SPARE PARTS THERMO KING LOKAL','10101260600008'
'10101260600009','2026-06-05 00:00:00.000','102-110',0.000000,91255.250000,'L-LOKAL','10101260600009'
'10101260600009','2026-06-05 00:00:00.000','102-110',0.000000,40279.660000,'L-LOKAL','10101260600009'
'10101260600009','2026-06-05 00:00:00.000','102-110',0.000000,557240.220000,'L-LOKAL','10101260600009'
'10101260600009','2026-06-05 00:00:00.000','102-110',0.000000,167500.000000,'L-LOKAL','10101260600009'
'10101260600009','2026-06-05 00:00:00.000','102-110',0.000000,959400.720000,'L-LOKAL','10101260600009'
'10101260600009','2026-06-05 00:00:00.000','102-102',0.000000,130764.000000,'TL-SPARE PARTS THERMO KING LOKAL','10101260600009'
'10101260600009','2026-06-05 00:00:00.000','102-101',0.000000,734180.830000,'TS-SPARE PARTS THERMO KING','10101260600009'
'10103260600010','2026-06-05 00:00:00.000','102-001',0.000000,54082153.360000,'TR-UNIT TRUCK THERMO KING','10103260600010'
'10103260600011','2026-06-05 00:00:00.000','102-001',0.000000,27165189.600000,'TR-UNIT TRUCK THERMO KING','10103260600011'
'10101260600012','2026-06-08 00:00:00.000','102-110',0.000000,928733.700000,'L-LOKAL','10101260600012'
'10101260600012','2026-06-08 00:00:00.000','102-101',0.000000,2262454.760000,'TS-SPARE PARTS THERMO KING','10101260600012'
'10101260600012','2026-06-08 00:00:00.000','102-101',0.000000,781413.100000,'TS-SPARE PARTS THERMO KING','10101260600012'
'101260600006','2026-06-08 00:00:00.000','102-020',215984724.820000,0.000000,'CIM1096165 CV. RAKUTEN RUDANG','101260600006'
'101260600006','2026-06-08 00:00:00.000','102-001',0.000000,215984724.820000,'CIM1096165 CV. RAKUTEN RUDANG','101260600006'
'101260600005','2026-06-08 00:00:00.000','102-020',41611969.910000,0.000000,'CIM1096248 PT. LEO INDO MAKMUR                              UNIT KE-4','101260600005'
'101260600005','2026-06-08 00:00:00.000','102-001',0.000000,41611969.910000,'CIM1096248 PT. LEO INDO MAKMUR                              UNIT KE-4','101260600005'
'10101260600077','2026-06-08 00:00:00.000','102-110',0.000000,302058.610000,'L-LOKAL','10101260600077'
'10101260600077','2026-06-08 00:00:00.000','102-110',0.000000,79154.980000,'L-LOKAL','10101260600077'
'10101260600077','2026-06-08 00:00:00.000','102-110',0.000000,40279.660000,'L-LOKAL','10101260600077'
'10101260600077','2026-06-08 00:00:00.000','102-110',0.000000,557240.220000,'L-LOKAL','10101260600077'
'10101260600077','2026-06-08 00:00:00.000','102-102',0.000000,105033.100000,'TL-SPARE PARTS THERMO KING LOKAL','10101260600077'
'10101260600077','2026-06-08 00:00:00.000','102-102',0.000000,169021.080000,'TL-SPARE PARTS THERMO KING LOKAL','10101260600077'
'10101260600077','2026-06-08 00:00:00.000','102-102',0.000000,1069968.120000,'TL-SPARE PARTS THERMO KING LOKAL','10101260600077'
'10101260600077','2026-06-08 00:00:00.000','102-102',0.000000,130764.000000,'TL-SPARE PARTS THERMO KING LOKAL','10101260600077'
'10101260600077','2026-06-08 00:00:00.000','102-101',0.000000,347253.440000,'TS-SPARE PARTS THERMO KING','10101260600077'
'10101260600077','2026-06-08 00:00:00.000','102-101',0.000000,357898.410000,'TS-SPARE PARTS THERMO KING','10101260600077'
'10101260600077','2026-06-08 00:00:00.000','102-101',0.000000,462580.500000,'TS-SPARE PARTS THERMO KING','10101260600077'
'10101260600077','2026-06-08 00:00:00.000','102-101',0.000000,734180.830000,'TS-SPARE PARTS THERMO KING','10101260600077'
'10101260600077','2026-06-08 00:00:00.000','102-101',0.000000,3570275.570000,'TS-SPARE PARTS THERMO KING','10101260600077'
'10104260600002','2026-06-08 00:00:00.000','102-010',0.000000,6190148.150000,'TYU-TOYO UNIT','10104260600002'
'101KM260600010','2026-06-08 00:00:00.000','102-110',0.000000,1396112.360000,'PT.LEO INDOMAKMUR KE-4/SV-600 24V/CIM 1096248/CANTER FE84 GSN/003987  07074','101KM260600010'
'101KM260600010','2026-06-08 00:00:00.000','102-102',0.000000,143883.300000,'PT.LEO INDOMAKMUR KE-4/SV-600 24V/CIM 1096248/CANTER FE84 GSN/003987  07074','101KM260600010'
'10102260600010','2026-06-08 00:00:00.000','102-101',0.000000,6429016.360000,'TS-SPARE PARTS THERMO KING','10102260600010'
'101KM260600011','2026-06-08 00:00:00.000','102-110',0.000000,1396112.360000,'PT. YAWARAKA TRAD AND LOG KE-1/SV-600 24V/CIM 1083715/CANTER FE84 GSN/002643  07099','101KM260600011'
'101KM260600011','2026-06-08 00:00:00.000','102-102',0.000000,143883.300000,'PT. YAWARAKA TRAD AND LOG KE-1/SV-600 24V/CIM 1083715/CANTER FE84 GSN/002643  07099','101KM260600011'
'10102260600011','2026-06-08 00:00:00.000','102-101',0.000000,734180.830000,'TS-SPARE PARTS THERMO KING','10102260600011'
'10102260600012','2026-06-08 00:00:00.000','102-110',0.000000,2234780.600000,'L-LOKAL','10102260600012'
'10102260600013','2026-06-08 00:00:00.000','102-101',0.000000,5789056.380000,'TS-SPARE PARTS THERMO KING','10102260600013'
'101KM260600044','2026-06-08 00:00:00.000','102-110',0.000000,762222.040000,'INTERN, KOREKSI STOCK   KBS2606/009','101KM260600044'
'101KM260600045','2026-06-08 00:00:00.000','102-103',0.000000,7979400.000000,'PERL. ELECTRIC STANDBY MEGA INDO KE - 3  KBS2606/008','101KM260600045'
'101KM260600045','2026-06-08 00:00:00.000','102-101',0.000000,2868518.510000,'PERL. ELECTRIC STANDBY MEGA INDO KE - 3  KBS2606/008','101KM260600045'
'101BTB260600001','2026-06-08 00:00:00.000','102-110',7050000.000000,0.000000,'(LOKAL) NUGROHO TEKNIK 064/VI/2026/F.NT','101BTB260600001'
'101BTB260600005','2026-06-09 00:00:00.000','102-102',14900000.000000,0.000000,'(SPARE PARTS THERMO KING LOKAL) PT. AMARI INTI ROYAL AIR926060486','101BTB260600005'
'10103260600016','2026-06-09 00:00:00.000','102-001',0.000000,215984724.820000,'TR-UNIT TRUCK THERMO KING','10103260600016'
'10103260600017','2026-06-09 00:00:00.000','102-110',0.000000,25.000000,'L-LOKAL','10103260600017'
'10103260600017','2026-06-09 00:00:00.000','102-001',0.000000,51814350.270000,'TR-UNIT TRUCK THERMO KING','10103260600017'
'10101260600013','2026-06-09 00:00:00.000','102-101',0.000000,5789056.380000,'TS-SPARE PARTS THERMO KING','10101260600013'
'10101260600013','2026-06-09 00:00:00.000','102-101',0.000000,347253.440000,'TS-SPARE PARTS THERMO KING','10101260600013'
'10101260600014','2026-06-09 00:00:00.000','102-110',0.000000,185746.740000,'L-LOKAL','10101260600014'
'10101260600014','2026-06-09 00:00:00.000','102-110',0.000000,937657.050000,'L-LOKAL','10101260600014'
'10101260600014','2026-06-09 00:00:00.000','102-101',0.000000,169701.810000,'TS-SPARE PARTS THERMO KING','10101260600014'
'10101260600014','2026-06-09 00:00:00.000','102-101',0.000000,161779.420000,'TS-SPARE PARTS THERMO KING','10101260600014'
'101BTB260600013','2026-06-09 00:00:00.000','102-110',4365000.000000,0.000000,'(LOKAL) ALBERT AL4927','101BTB260600013'
'101BTB260600014','2026-06-09 00:00:00.000','102-110',2910000.000000,0.000000,'(LOKAL) ALBERT AL897','101BTB260600014'
'101BTB260600022','2026-06-09 00:00:00.000','102-110',11400000.000000,0.000000,'(LOKAL) MULIA JAYA 7394','101BTB260600022'
'101260600009','2026-06-09 00:00:00.000','102-020',41611969.910000,0.000000,'CIM1096262 PT. LEO INDO MAKMUR                                UNIT KE-5','101260600009'
'101260600009','2026-06-09 00:00:00.000','102-001',0.000000,41611969.910000,'CIM1096262 PT. LEO INDO MAKMUR                                UNIT KE-5','101260600009'
'101BTB260600035','2026-06-09 00:00:00.000','102-110',23423424.000000,0.000000,'(LOKAL) PT. MANDIRI INDONUSA PERKASA 169/MIP/INV/VI/2026','101BTB260600035'
'101260600008','2026-06-09 00:00:00.000','102-020',249707668.740000,0.000000,'CIM1096181 SENTRAS BOX IND - JUMA BERLIAN','101260600008'
'101260600008','2026-06-09 00:00:00.000','102-001',0.000000,249707668.740000,'CIM1096181 SENTRAS BOX IND - JUMA BERLIAN','101260600008'
'101260600007','2026-06-09 00:00:00.000','102-020',215984724.820000,0.000000,'CIM1096164 PT. PUTRA FAJAR JAYA MANDIRI ','101260600007'
'101260600007','2026-06-09 00:00:00.000','102-001',0.000000,215984724.820000,'CIM1096164 PT. PUTRA FAJAR JAYA MANDIRI ','101260600007'
'101260600012','2026-06-09 00:00:00.000','102-020',31500000.000000,0.000000,'632BFAAD002 U/ LINTAS MITRA ANUGERAH SEJATI KE - 2 ','101260600012'
'101260600012','2026-06-09 00:00:00.000','102-003',0.000000,31500000.000000,'632BFAAD002 U/ LINTAS MITRA ANUGERAH SEJATI KE - 2 ','101260600012'
'101260600011','2026-06-09 00:00:00.000','102-020',31500000.000000,0.000000,'632BFAAD003 U/ LINTAS MITRA ANUGERAH SEJATI KE - 1','101260600011'
'101260600011','2026-06-09 00:00:00.000','102-003',0.000000,31500000.000000,'632BFAAD003 U/ LINTAS MITRA ANUGERAH SEJATI KE - 1','101260600011'
'101260600010','2026-06-09 00:00:00.000','102-020',51744345.400000,0.000000,'CIM1096276 PT. MEGA INDO LOGISTIK                                     UNIT KE-5','101260600010'
'101260600010','2026-06-09 00:00:00.000','102-001',0.000000,51744345.400000,'CIM1096276 PT. MEGA INDO LOGISTIK                                     UNIT KE-5','101260600010'
'10203260600016','2026-06-09 00:00:00.000','102-020',0.000000,215984724.820000,'101260600006 CV. RAKUTEN RUDANG','10203260600016'
'10203260600016','2026-06-09 00:00:00.000','102-001',215984724.820000,0.000000,'101260600006 CV. RAKUTEN RUDANG','10203260600016'
'10203260600017','2026-06-09 00:00:00.000','102-020',0.000000,51814350.270000,'101260500019 CV. SKS - CEDEA                            UNIT KE-4','10203260600017'
'10203260600017','2026-06-09 00:00:00.000','102-001',51814350.270000,0.000000,'101260500019 CV. SKS - CEDEA                            UNIT KE-4','10203260600017'
'101KM260600012','2026-06-09 00:00:00.000','102-110',0.000000,1473357.130000,'PT. PUTRA FAJAR JAYA MANDIRI KE-3/T-1080 PRO/CIM 1096164/GIGA FVM 34/J006043  07003','101KM260600012'
'101KM260600014','2026-06-09 00:00:00.000','102-110',0.000000,1503303.890000,'CV. RAKUTEN RUDANG/T-1080 PRO/CIM 1096165/FL 260 JW/17980  07171','101KM260600014'
'10102260600014','2026-06-09 00:00:00.000','102-101',0.000000,1513072.920000,'TS-SPARE PARTS THERMO KING','10102260600014'
'10102260600015','2026-06-09 00:00:00.000','102-101',0.000000,1154765.040000,'TS-SPARE PARTS THERMO KING','10102260600015'
'10102260600016','2026-06-09 00:00:00.000','102-101',0.000000,5789056.380000,'TS-SPARE PARTS THERMO KING','10102260600016'
'10102260600016','2026-06-09 00:00:00.000','102-101',0.000000,734180.830000,'TS-SPARE PARTS THERMO KING','10102260600016'
'101BTB260600011','2026-06-10 00:00:00.000','102-110',4560000.000000,0.000000,'(LOKAL) ALBERT AL8918','101BTB260600011'
'10103260600018','2026-06-10 00:00:00.000','102-001',0.000000,249707668.740000,'TR-UNIT TRUCK THERMO KING','10103260600018'
'101BTB260600012','2026-06-10 00:00:00.000','102-110',4125000.000000,0.000000,'(LOKAL) MULIA JAYA 2733 ','101BTB260600012'
'10203260600018','2026-06-10 00:00:00.000','102-020',0.000000,249707668.740000,'101260600008 SENTRAS BOX IND - JUMA BERLIAN','10203260600018'
'10203260600018','2026-06-10 00:00:00.000','102-001',249707668.740000,0.000000,'101260600008 SENTRAS BOX IND - JUMA BERLIAN','10203260600018'
'101KM260600013','2026-06-10 00:00:00.000','102-110',0.000000,1046204.830000,'PT. LINTAS BERSAMA LOGISTIK (WINGS CORP) KE-18/NR-450I 12V/801010644BFCZ1019/ISUZU TRAGA/J579519  07','101KM260600013'
'101KM260600013','2026-06-10 00:00:00.000','102-102',0.000000,119902.750000,'PT. LINTAS BERSAMA LOGISTIK (WINGS CORP) KE-18/NR-450I 12V/801010644BFCZ1019/ISUZU TRAGA/J579519  07','101KM260600013'
'101KM260600015','2026-06-10 00:00:00.000','102-110',0.000000,1461485.710000,'PT. SENTRAS BOX INDONESIA (JUMA BERLIAN EXIM KE-2)/T-1200R/FL 280 JW/20069  06885','101KM260600015'
'101KM260600077','2026-06-10 00:00:00.000','102-110',0.000000,560000.000000,'IBU VIVI RV-300 12V  07.2606010','101KM260600077'
'101KM260600077','2026-06-10 00:00:00.000','102-101',0.000000,1429239.620000,'IBU VIVI RV-300 12V  07.2606010','101KM260600077'
'101KM260600078','2026-06-10 00:00:00.000','102-110',0.000000,338854.630000,'PT. WINSON SINGA LOGISTIK SV-800 24V  07.2606009','101KM260600078'
'101KM260600078','2026-06-10 00:00:00.000','102-101',0.000000,1225169.000000,'PT. WINSON SINGA LOGISTIK SV-800 24V  07.2606009','101KM260600078'
'101BTB260600003','2026-06-10 00:00:00.000','102-110',3450000.000000,0.000000,'(LOKAL) NUGROHO TEKNIK 065/VI/2026/F.NT','101BTB260600003'
'10101260600025','2026-06-11 00:00:00.000','102-201',0.000000,49410.400000,'MT-MATERIAL TAMBAHAN','10101260600025'
'10101260600031','2026-06-11 00:00:00.000','102-110',0.000000,40279.660000,'L-LOKAL','10101260600031'
'10101260600031','2026-06-11 00:00:00.000','102-110',0.000000,557240.220000,'L-LOKAL','10101260600031'
'10101260600031','2026-06-11 00:00:00.000','102-102',0.000000,130764.000000,'TL-SPARE PARTS THERMO KING LOKAL','10101260600031'
'10101260600031','2026-06-11 00:00:00.000','102-101',0.000000,734180.830000,'TS-SPARE PARTS THERMO KING','10101260600031'
'10101260600026','2026-06-11 00:00:00.000','102-201',0.000000,49410.400000,'MT-MATERIAL TAMBAHAN','10101260600026'
'10101260600032','2026-06-11 00:00:00.000','102-110',0.000000,40279.660000,'L-LOKAL','10101260600032'
'10101260600032','2026-06-11 00:00:00.000','102-110',0.000000,557240.220000,'L-LOKAL','10101260600032'
'10101260600032','2026-06-11 00:00:00.000','102-110',0.000000,959400.720000,'L-LOKAL','10101260600032'
'10101260600027','2026-06-11 00:00:00.000','102-201',0.000000,49410.400000,'MT-MATERIAL TAMBAHAN','10101260600027'
'10101260600028','2026-06-11 00:00:00.000','102-110',0.000000,937657.050000,'L-LOKAL','10101260600028'
'10101260600028','2026-06-11 00:00:00.000','102-101',0.000000,169701.810000,'TS-SPARE PARTS THERMO KING','10101260600028'
'10101260600028','2026-06-11 00:00:00.000','102-101',0.000000,161779.420000,'TS-SPARE PARTS THERMO KING','10101260600028'
'10103260600019','2026-06-11 00:00:00.000','102-001',0.000000,215984724.820000,'TR-UNIT TRUCK THERMO KING','10103260600019'
'10101260600020','2026-06-11 00:00:00.000','102-201',0.000000,49410.400000,'MT-MATERIAL TAMBAHAN','10101260600020'
'101BTB260600019','2026-06-11 00:00:00.000','102-010',11498000.000000,0.000000,'(TOYO UNIT) PT. THERMO ASRI MANDIRI 091/FK-TAM/VI/2026','101BTB260600019'
'101BTB260600024','2026-06-11 00:00:00.000','102-110',1200000.000000,0.000000,'(LOKAL) MULIA JAYA 515','101BTB260600024'
'101BTB260600038','2026-06-11 00:00:00.000','102-103',9187470.000000,0.000000,'(SPARE PART NORDIC) PT. SEJUK SEJAHTERA SENTOSA 3S05.2606015','101BTB260600038'
'101BTB260600039','2026-06-11 00:00:00.000','102-010',11498000.000000,0.000000,'(TOYO UNIT) PT. THERMO ASRI MANDIRI 092/FK-TAM/VI/2025','101BTB260600039'
'10101260600016','2026-06-11 00:00:00.000','102-110',0.000000,40279.660000,'L-LOKAL','10101260600016'
'10101260600016','2026-06-11 00:00:00.000','102-110',0.000000,557240.220000,'L-LOKAL','10101260600016'
'10101260600016','2026-06-11 00:00:00.000','102-102',0.000000,130764.000000,'TL-SPARE PARTS THERMO KING LOKAL','10101260600016'
'10101260600016','2026-06-11 00:00:00.000','102-102',0.000000,75356.580000,'TL-SPARE PARTS THERMO KING LOKAL','10101260600016'
'10101260600021','2026-06-11 00:00:00.000','102-201',0.000000,49410.400000,'MT-MATERIAL TAMBAHAN','10101260600021'
'10101260600017','2026-06-11 00:00:00.000','102-110',0.000000,53479.230000,'L-LOKAL','10101260600017'
'10101260600017','2026-06-11 00:00:00.000','102-110',0.000000,40279.660000,'L-LOKAL','10101260600017'
'10101260600017','2026-06-11 00:00:00.000','102-110',0.000000,557240.220000,'L-LOKAL','10101260600017'
'10101260600017','2026-06-11 00:00:00.000','102-110',0.000000,381111.020000,'L-LOKAL','10101260600017'
'10101260600017','2026-06-11 00:00:00.000','102-102',0.000000,130764.000000,'TL-SPARE PARTS THERMO KING LOKAL','10101260600017'
'10101260600017','2026-06-11 00:00:00.000','102-102',0.000000,84510.540000,'TL-SPARE PARTS THERMO KING LOKAL','10101260600017'
'10101260600017','2026-06-11 00:00:00.000','102-102',0.000000,210066.200000,'TL-SPARE PARTS THERMO KING LOKAL','10101260600017'
'10101260600017','2026-06-11 00:00:00.000','102-102',0.000000,1048815.480000,'TL-SPARE PARTS THERMO KING LOKAL','10101260600017'
'10101260600017','2026-06-11 00:00:00.000','102-101',0.000000,347253.440000,'TS-SPARE PARTS THERMO KING','10101260600017'
'10101260600017','2026-06-11 00:00:00.000','102-101',0.000000,1678002.390000,'TS-SPARE PARTS THERMO KING','10101260600017'
'10101260600017','2026-06-11 00:00:00.000','102-101',0.000000,734180.830000,'TS-SPARE PARTS THERMO KING','10101260600017'
'10101260600030','2026-06-11 00:00:00.000','102-110',0.000000,19254.710000,'L-LOKAL','10101260600030'
'10101260600030','2026-06-11 00:00:00.000','102-110',0.000000,47654.950000,'L-LOKAL','10101260600030'
'10101260600022','2026-06-11 00:00:00.000','102-201',0.000000,49410.400000,'MT-MATERIAL TAMBAHAN','10101260600022'
'10101260600018','2026-06-11 00:00:00.000','102-110',0.000000,91255.250000,'L-LOKAL','10101260600018'
'10101260600018','2026-06-11 00:00:00.000','102-110',0.000000,92873.370000,'L-LOKAL','10101260600018'
'10101260600023','2026-06-11 00:00:00.000','102-201',0.000000,49410.400000,'MT-MATERIAL TAMBAHAN','10101260600023'
'10101260600024','2026-06-11 00:00:00.000','102-201',0.000000,49410.400000,'MT-MATERIAL TAMBAHAN','10101260600024'
'10101260600019','2026-06-11 00:00:00.000','102-201',0.000000,49410.400000,'MT-MATERIAL TAMBAHAN','10101260600019'
'101260600015','2026-06-11 00:00:00.000','102-020',215984724.820000,0.000000,'CIM1096169 PT. MITRA KAROERI INTERNASIONAL                   UNIT KE-1','101260600015'
'101260600015','2026-06-11 00:00:00.000','102-001',0.000000,215984724.820000,'CIM1096169 PT. MITRA KAROERI INTERNASIONAL                   UNIT KE-1','101260600015'
'101260600014','2026-06-11 00:00:00.000','102-020',35916332.420000,0.000000,'CIM1091031 PUTRA FAJAR JAYA MANDIRI','101260600014'
'101260600014','2026-06-11 00:00:00.000','102-001',0.000000,35916332.420000,'CIM1091031 PUTRA FAJAR JAYA MANDIRI','101260600014'
'101260600013','2026-06-11 00:00:00.000','102-020',41611969.910000,0.000000,'CIM1096240 PT. ANDALAN PUTRA KAROSERI                       UNIT KE - 1','101260600013'
'101260600013','2026-06-11 00:00:00.000','102-001',0.000000,41611969.910000,'CIM1096240 PT. ANDALAN PUTRA KAROSERI                       UNIT KE - 1','101260600013'
'10203260600020','2026-06-11 00:00:00.000','102-020',0.000000,41611969.910000,'101260600005 PT. LEO INDO MAKMUR                              UNIT KE-4','10203260600020'
'10203260600020','2026-06-11 00:00:00.000','102-001',41611969.910000,0.000000,'101260600005 PT. LEO INDO MAKMUR                              UNIT KE-4','10203260600020'
'10203260600019','2026-06-11 00:00:00.000','102-020',0.000000,215984724.820000,'101260600002 U/ PT. METRO MOTOR KE - 3 ','10203260600019'
'10203260600019','2026-06-11 00:00:00.000','102-001',215984724.820000,0.000000,'101260600002 U/ PT. METRO MOTOR KE - 3 ','10203260600019'
'101KM260600016','2026-06-11 00:00:00.000','102-110',0.000000,1046204.830000,'PT. KALIMAS KHARISMA (WINGS CORP) BANJARBARU/NR-450I 12V/801010644BFCAZ026/ISUZU TRAGA/J580408  0701','101KM260600016'
'101KM260600016','2026-06-11 00:00:00.000','102-102',0.000000,119902.750000,'PT. KALIMAS KHARISMA (WINGS CORP) BANJARBARU/NR-450I 12V/801010644BFCAZ026/ISUZU TRAGA/J580408  0701','101KM260600016'
'10102260600017','2026-06-11 00:00:00.000','102-101',0.000000,294626.210000,'TS-SPARE PARTS THERMO KING','10102260600017'
'10102260600017','2026-06-11 00:00:00.000','102-101',0.000000,1439800.230000,'TS-SPARE PARTS THERMO KING','10102260600017'
'101KM260600043','2026-06-11 00:00:00.000','102-110',0.000000,378118.530000,'PERL. ESB MEGA INDO LOGISTIK KE - 3   KBS2606/010','101KM260600043'
'101KM260600076','2026-06-11 00:00:00.000','102-110',0.000000,338854.630000,'CV. AULIA MADINA SV-600 24V  07.2606011','101KM260600076'
'101KM260600076','2026-06-11 00:00:00.000','102-101',0.000000,6778152.540000,'CV. AULIA MADINA SV-600 24V  07.2606011','101KM260600076'
'10103260600020','2026-06-11 00:00:00.000','102-001',0.000000,41611969.910000,'TR-UNIT TRUCK THERMO KING','10103260600020'
'10101260600033','2026-06-12 00:00:00.000','102-110',0.000000,80503.190000,'L-LOKAL','10101260600033'
'10101260600033','2026-06-12 00:00:00.000','102-110',0.000000,40279.660000,'L-LOKAL','10101260600033'
'10101260600033','2026-06-12 00:00:00.000','102-110',0.000000,371493.480000,'L-LOKAL','10101260600033'
'10101260600033','2026-06-12 00:00:00.000','102-110',0.000000,167500.000000,'L-LOKAL','10101260600033'
'10101260600033','2026-06-12 00:00:00.000','102-110',0.000000,959400.720000,'L-LOKAL','10101260600033'
'10101260600033','2026-06-12 00:00:00.000','102-102',0.000000,130764.000000,'TL-SPARE PARTS THERMO KING LOKAL','10101260600033'
'10101260600033','2026-06-12 00:00:00.000','102-101',0.000000,1036897.700000,'TS-SPARE PARTS THERMO KING','10101260600033'
'10103260600021','2026-06-12 00:00:00.000','102-001',0.000000,41611969.900000,'TR-UNIT TRUCK THERMO KING','10103260600021'
'10103260600022','2026-06-12 00:00:00.000','102-001',0.000000,41611969.900000,'TR-UNIT TRUCK THERMO KING','10103260600022'
'10103260600023','2026-06-12 00:00:00.000','102-001',0.000000,215984724.820000,'TR-UNIT TRUCK THERMO KING','10103260600023'
'10101260600034','2026-06-12 00:00:00.000','102-201',0.000000,98820.800000,'MT-MATERIAL TAMBAHAN','10101260600034'
'10101260600034','2026-06-12 00:00:00.000','102-110',0.000000,51919.730000,'L-LOKAL','10101260600034'
'10101260600034','2026-06-12 00:00:00.000','102-110',0.000000,29936.480000,'L-LOKAL','10101260600034'
'10101260600034','2026-06-12 00:00:00.000','102-110',0.000000,928733.700000,'L-LOKAL','10101260600034'
'10101260600034','2026-06-12 00:00:00.000','102-102',0.000000,1743520.000000,'TL-SPARE PARTS THERMO KING LOKAL','10101260600034'
'10101260600034','2026-06-12 00:00:00.000','102-101',0.000000,11779096.950000,'TS-SPARE PARTS THERMO KING','10101260600034'
'10101260600034','2026-06-12 00:00:00.000','102-101',0.000000,961412.920000,'TS-SPARE PARTS THERMO KING','10101260600034'
'10101260600034','2026-06-12 00:00:00.000','102-101',0.000000,3476737.420000,'TS-SPARE PARTS THERMO KING','10101260600034'
'10101260600034','2026-06-12 00:00:00.000','102-101',0.000000,335376.600000,'TS-SPARE PARTS THERMO KING','10101260600034'
'10101260600034','2026-06-12 00:00:00.000','102-101',0.000000,2174358.290000,'TS-SPARE PARTS THERMO KING','10101260600034'
'10101260600034','2026-06-12 00:00:00.000','102-101',0.000000,106686.000000,'TS-SPARE PARTS THERMO KING','10101260600034'
'10101260600034','2026-06-12 00:00:00.000','102-101',0.000000,1573587.000000,'TS-SPARE PARTS THERMO KING','10101260600034'
'10101260600034','2026-06-12 00:00:00.000','102-101',0.000000,4134015.030000,'TS-SPARE PARTS THERMO KING','10101260600034'
'10101260600034','2026-06-12 00:00:00.000','102-101',0.000000,1018182.930000,'TS-SPARE PARTS THERMO KING','10101260600034'
'10101260600034','2026-06-12 00:00:00.000','102-101',0.000000,11274214.180000,'TS-SPARE PARTS THERMO KING','10101260600034'
'10101260600034','2026-06-12 00:00:00.000','102-101',0.000000,12765653.350000,'TS-SPARE PARTS THERMO KING','10101260600034'
'10101260600034','2026-06-12 00:00:00.000','102-101',0.000000,781413.100000,'TS-SPARE PARTS THERMO KING','10101260600034'
'10101260600034','2026-06-12 00:00:00.000','102-101',0.000000,1066115.370000,'TS-SPARE PARTS THERMO KING','10101260600034'
'10101260600034','2026-06-12 00:00:00.000','102-101',0.000000,1484948.630000,'TS-SPARE PARTS THERMO KING','10101260600034'
'10101260600034','2026-06-12 00:00:00.000','102-101',0.000000,1655411.100000,'TS-SPARE PARTS THERMO KING','10101260600034'
'10101260600034','2026-06-12 00:00:00.000','102-101',0.000000,10974855.260000,'TS-SPARE PARTS THERMO KING','10101260600034'
'10101260600034','2026-06-12 00:00:00.000','102-101',0.000000,1472436.200000,'TS-SPARE PARTS THERMO KING','10101260600034'
'10101260600034','2026-06-12 00:00:00.000','102-101',0.000000,4886218.800000,'TS-SPARE PARTS THERMO KING','10101260600034'
'10101260600034','2026-06-12 00:00:00.000','102-101',0.000000,4099582.150000,'TS-SPARE PARTS THERMO KING','10101260600034'
'10101260600034','2026-06-12 00:00:00.000','102-101',0.000000,910722.640000,'TS-SPARE PARTS THERMO KING','10101260600034'
'10101260600034','2026-06-12 00:00:00.000','102-101',0.000000,6637701.310000,'TS-SPARE PARTS THERMO KING','10101260600034'
'10101260600034','2026-06-12 00:00:00.000','102-101',0.000000,4417674.600000,'TS-SPARE PARTS THERMO KING','10101260600034'
'10101260600034','2026-06-12 00:00:00.000','102-101',0.000000,5589610.000000,'TS-SPARE PARTS THERMO KING','10101260600034'
'10101260600034','2026-06-12 00:00:00.000','102-101',0.000000,6573381.360000,'TS-SPARE PARTS THERMO KING','10101260600034'
'10101260600034','2026-06-12 00:00:00.000','102-101',0.000000,11722306.510000,'TS-SPARE PARTS THERMO KING','10101260600034'
'10101260600034','2026-06-12 00:00:00.000','102-101',0.000000,1647200.120000,'TS-SPARE PARTS THERMO KING','10101260600034'
'10101260600034','2026-06-12 00:00:00.000','102-101',0.000000,5092098.120000,'TS-SPARE PARTS THERMO KING','10101260600034'
'10101260600034','2026-06-12 00:00:00.000','102-101',0.000000,3279336.370000,'TS-SPARE PARTS THERMO KING','10101260600034'
'10101260600034','2026-06-12 00:00:00.000','102-101',0.000000,2645708.990000,'TS-SPARE PARTS THERMO KING','10101260600034'
'10101260600034','2026-06-12 00:00:00.000','102-101',0.000000,2938044.800000,'TS-SPARE PARTS THERMO KING','10101260600034'
'10101260600034','2026-06-12 00:00:00.000','102-101',0.000000,529654.680000,'TS-SPARE PARTS THERMO KING','10101260600034'
'10101260600034','2026-06-12 00:00:00.000','102-101',0.000000,351548.000000,'TS-SPARE PARTS THERMO KING','10101260600034'
'10101260600034','2026-06-12 00:00:00.000','102-101',0.000000,1472303.270000,'TS-SPARE PARTS THERMO KING','10101260600034'
'10101260600035','2026-06-12 00:00:00.000','102-110',0.000000,557240.220000,'L-LOKAL','10101260600035'
'10101260600035','2026-06-12 00:00:00.000','102-103',0.000000,9187470.000000,'NDS-SPARE PART NORDIC','10101260600035'
'101BTB260600018','2026-06-12 00:00:00.000','102-110',200000.000000,0.000000,'(LOKAL) ALBERT AL2850','101BTB260600018'
'101BTB260600031','2026-06-12 00:00:00.000','102-110',1145000.000000,0.000000,'(LOKAL) ALBERT AL2850','101BTB260600031'
'101BTB260600027','2026-06-12 00:00:00.000','102-110',1572500.000000,0.000000,'(LOKAL) ALBERT AL28250','101BTB260600027'
'101BTB260600029','2026-06-12 00:00:00.000','102-110',1372500.000000,0.000000,'(LOKAL) ALBERT (AL2851)','101BTB260600029'
'101260600016','2026-06-12 00:00:00.000','102-020',51744345.400000,0.000000,'CIM1096290 CV. SKS - CEDEA                                              UNIT KE-6','101260600016'
'101260600016','2026-06-12 00:00:00.000','102-001',0.000000,51744345.400000,'CIM1096290 CV. SKS - CEDEA                                              UNIT KE-6','101260600016'
'101KP260600001','2026-06-12 00:00:00.000','102-102',50.000000,0.000000,'INTERN  041','101KP260600001'
'101KP260600010','2026-06-12 00:00:00.000','102-101',48602776.870000,0.000000,'INTERNM U/ MANGGALA KIAT ANANDA  018A','101KP260600010'
'10203260600021','2026-06-12 00:00:00.000','102-020',0.000000,41611969.900000,'101260500008 MAS - DIPO INTERNASIONAL PAHALA ','10203260600021'
'10203260600021','2026-06-12 00:00:00.000','102-001',41611969.900000,0.000000,'101260500008 MAS - DIPO INTERNASIONAL PAHALA ','10203260600021'
'10203260600022','2026-06-12 00:00:00.000','102-020',0.000000,41611969.900000,'101260500030 AKPP - JOVIAL ','10203260600022'
'10203260600022','2026-06-12 00:00:00.000','102-001',41611969.900000,0.000000,'101260500030 AKPP - JOVIAL ','10203260600022'
'10203260600023','2026-06-12 00:00:00.000','102-020',0.000000,215984724.820000,'101260600007 PT. PUTRA FAJAR JAYA MANDIRI ','10203260600023'
'10203260600023','2026-06-12 00:00:00.000','102-001',215984724.820000,0.000000,'101260600007 PT. PUTRA FAJAR JAYA MANDIRI ','10203260600023'
'101KM260600017','2026-06-12 00:00:00.000','102-110',0.000000,1396112.360000,'PT. LEO INDOMAKMUR KE-5/SV-600 24V/CIM 1096262/CANTER FE84 GSN/004183  07074','101KM260600017'
'101KM260600017','2026-06-12 00:00:00.000','102-102',0.000000,143883.300000,'PT. LEO INDOMAKMUR KE-5/SV-600 24V/CIM 1096262/CANTER FE84 GSN/004183  07074','101KM260600017'
'10102260600018','2026-06-12 00:00:00.000','102-101',0.000000,1826906.550000,'TS-SPARE PARTS THERMO KING','10102260600018'
'10102260600019','2026-06-12 00:00:00.000','102-102',0.000000,100040.000000,'TL-SPARE PARTS THERMO KING LOKAL','10102260600019'
'10102260600019','2026-06-12 00:00:00.000','102-101',0.000000,575230.320000,'TS-SPARE PARTS THERMO KING','10102260600019'
'101KM260600042','2026-06-12 00:00:00.000','102-103',0.000000,275550.880000,'PERL. 450K 12V KALIMAS KHARISMA  KBS2606/011','101KM260600042'
'101KM260600074','2026-06-12 00:00:00.000','102-110',0.000000,338854.630000,'EKA TIMUR JAYA SV-600 24V  07.2606013','101KM260600074'
'101KM260600074','2026-06-12 00:00:00.000','102-101',0.000000,6746386.250000,'EKA TIMUR JAYA SV-600 24V  07.2606013','101KM260600074'
'101KM260600075','2026-06-12 00:00:00.000','102-110',0.000000,1620636.880000,'PT. CIPTA LAKSANA SV-400 12V  07.2606012','101KM260600075'
'101KM260600109','2026-06-15 00:00:00.000','102-110',0.000000,1396112.360000,'BOGOR KIAT SARANA KE-2/SV-600 24V/CIM 1083249/CANTER FE84 GSN/002575  07059','101KM260600109'
'101KM260600109','2026-06-15 00:00:00.000','102-102',0.000000,143883.300000,'BOGOR KIAT SARANA KE-2/SV-600 24V/CIM 1083249/CANTER FE84 GSN/002575  07059','101KM260600109'
'10103260600024','2026-06-15 00:00:00.000','102-001',0.000000,27165189.600000,'TR-UNIT TRUCK THERMO KING','10103260600024'
'10103260600025','2026-06-15 00:00:00.000','102-001',0.000000,27165189.600000,'TR-UNIT TRUCK THERMO KING','10103260600025'
'10103260600026','2026-06-15 00:00:00.000','102-001',0.000000,51744345.400000,'TR-UNIT TRUCK THERMO KING','10103260600026'
'10103260600027','2026-06-15 00:00:00.000','102-001',0.000000,41611969.910000,'TR-UNIT TRUCK THERMO KING','10103260600027'
'10103260600028','2026-06-15 00:00:00.000','102-001',0.000000,249707668.740000,'TR-UNIT TRUCK THERMO KING','10103260600028'
'10103260600053','2026-06-15 00:00:00.000','102-001',0.000000,41611969.910000,'TR-UNIT TRUCK THERMO KING','10103260600053'
'10101260600036','2026-06-15 00:00:00.000','102-110',0.000000,302058.610000,'L-LOKAL','10101260600036'
'10101260600036','2026-06-15 00:00:00.000','102-110',0.000000,100753.730000,'L-LOKAL','10101260600036'
'10101260600037','2026-06-15 00:00:00.000','102-201',0.000000,49410.400000,'MT-MATERIAL TAMBAHAN','10101260600037'
'10101260600037','2026-06-15 00:00:00.000','102-101',0.000000,3593407.930000,'TS-SPARE PARTS THERMO KING','10101260600037'
'10101260600038','2026-06-15 00:00:00.000','102-110',0.000000,40279.660000,'L-LOKAL','10101260600038'
'10101260600038','2026-06-15 00:00:00.000','102-102',0.000000,130764.000000,'TL-SPARE PARTS THERMO KING LOKAL','10101260600038'
'10101260600038','2026-06-15 00:00:00.000','102-101',0.000000,1733432.120000,'TS-SPARE PARTS THERMO KING','10101260600038'
'10101260600038','2026-06-15 00:00:00.000','102-101',0.000000,734180.830000,'TS-SPARE PARTS THERMO KING','10101260600038'
'10101260600038','2026-06-15 00:00:00.000','102-101',0.000000,5532936.640000,'TS-SPARE PARTS THERMO KING','10101260600038'
'101BTB260600021','2026-06-15 00:00:00.000','102-110',51840000.000000,0.000000,'(LOKAL) LESATRI MACHINERY 04/VI/2026/-F','101BTB260600021'
'10101260600039','2026-06-15 00:00:00.000','102-201',0.000000,49410.400000,'MT-MATERIAL TAMBAHAN','10101260600039'
'10101260600039','2026-06-15 00:00:00.000','102-110',0.000000,371493.480000,'L-LOKAL','10101260600039'
'10101260600039','2026-06-15 00:00:00.000','102-102',0.000000,43588.000000,'TL-SPARE PARTS THERMO KING LOKAL','10101260600039'
'10101260600039','2026-06-15 00:00:00.000','102-102',0.000000,95038.620000,'TL-SPARE PARTS THERMO KING LOKAL','10101260600039'
'10101260600039','2026-06-15 00:00:00.000','102-101',0.000000,715796.820000,'TS-SPARE PARTS THERMO KING','10101260600039'
'10101260600039','2026-06-15 00:00:00.000','102-101',0.000000,2977671.440000,'TS-SPARE PARTS THERMO KING','10101260600039'
'101BTB260600017','2026-06-15 00:00:00.000','102-110',3420000.000000,0.000000,'(LOKAL) NUGROHO TEKNIK 066/VI/2026/F.NT','101BTB260600017'
'101BTB260600023','2026-06-15 00:00:00.000','102-110',6735000.000000,0.000000,'(LOKAL) MULIA JAYA 5729','101BTB260600023'
'101BTB260600025','2026-06-15 00:00:00.000','102-110',11500000.000000,0.000000,'(LOKAL) CV. AKRINDO ABADI KLM.26.06.00059','101BTB260600025'
'101260600019','2026-06-15 00:00:00.000','102-020',41611969.910000,0.000000,'CIM1096261 PT. SUMBER AIRCONINDO - IBU LIA ','101260600019'
'101260600019','2026-06-15 00:00:00.000','102-001',0.000000,41611969.910000,'CIM1096261 PT. SUMBER AIRCONINDO - IBU LIA ','101260600019'
'101KM260600117','2026-06-15 00:00:00.000','102-110',0.000000,4938251.010000,'CV. SUMBER KREASI SARANA KE-5/SV-800 24V + ESTB/CIM 1096278/CD EURO 4/006572  06894','101KM260600117'
'101KM260600117','2026-06-15 00:00:00.000','102-102',0.000000,143883.300000,'CV. SUMBER KREASI SARANA KE-5/SV-800 24V + ESTB/CIM 1096278/CD EURO 4/006572  06894','101KM260600117'
'10103260600029','2026-06-15 00:00:00.000','102-001',0.000000,35916332.420000,'TR-UNIT TRUCK THERMO KING','10103260600029'
'101260600018','2026-06-15 00:00:00.000','102-020',51744345.400000,0.000000,'CIM1096289 CV. SKS - CEDEA                  UNIT KE-7','101260600018'
'101260600018','2026-06-15 00:00:00.000','102-001',0.000000,51744345.400000,'CIM1096289 CV. SKS - CEDEA                  UNIT KE-7','101260600018'
'101260600017','2026-06-15 00:00:00.000','102-020',249707668.740000,0.000000,'CIM1096180 PT. SENTRAS BOX INDONESIA -           JUMA BERLIAN                      UNIT KE-1','101260600017'
'101260600017','2026-06-15 00:00:00.000','102-001',0.000000,249707668.740000,'CIM1096180 PT. SENTRAS BOX INDONESIA -           JUMA BERLIAN                      UNIT KE-1','101260600017'
'101BTB260600060','2026-06-15 00:00:00.000','102-003',31500000.000000,0.000000,'(NORDIC) PT. SEJUK SEJAHTERA SENTOSA 3S05.2606018','101BTB260600060'
'101260600023','2026-06-15 00:00:00.000','102-020',34649470.030000,0.000000,'CIM1076060 PT. CIPTA LAKSANA ARMADA SELARAS      ','101260600023'
'101260600023','2026-06-15 00:00:00.000','102-001',0.000000,34649470.030000,'CIM1076060 PT. CIPTA LAKSANA ARMADA SELARAS      ','101260600023'
'101BTB260600061','2026-06-15 00:00:00.000','102-003',31500000.000000,0.000000,'(NORDIC) PT. SEJUK SEJAHTERA SENTOSA 3S05.2606017','101BTB260600061'
'101260600022','2026-06-15 00:00:00.000','102-020',34649470.030000,0.000000,'CIM1084292 PT. SENTRAS BOX INDONESIA - TRAC        UNIT KE-1','101260600022'
'101260600022','2026-06-15 00:00:00.000','102-001',0.000000,34649470.030000,'CIM1084292 PT. SENTRAS BOX INDONESIA - TRAC        UNIT KE-1','101260600022'
'101BTB260600057','2026-06-15 00:00:00.000','102-010',22996000.000000,0.000000,'(TOYO UNIT) PT. THERMO ASRI MANDIRI 095/FK-TAM/VI/2026','101BTB260600057'
'101260600021','2026-06-15 00:00:00.000','102-020',41611969.910000,0.000000,'CIM1096245 PT. AKP - TRAC                UNIT KE-2','101260600021'
'101260600021','2026-06-15 00:00:00.000','102-001',0.000000,41611969.910000,'CIM1096245 PT. AKP - TRAC                UNIT KE-2','101260600021'
'101260600042','2026-06-15 00:00:00.000','102-020',41611969.910000,0.000000,'CIM1096233 ANDALAN PUTRA           UNIT KE-2','101260600042'
'101260600042','2026-06-15 00:00:00.000','102-001',0.000000,41611969.910000,'CIM1096233 ANDALAN PUTRA           UNIT KE-2','101260600042'
'101BTB260600059','2026-06-15 00:00:00.000','102-103',23067720.000000,0.000000,'(SPARE PART NORDIC) PT. SEJUK SEJAHTERA SENTOSA 3S05.2606020','101BTB260600059'
'101260600020','2026-06-15 00:00:00.000','102-020',41611969.910000,0.000000,'CIM1096232 PT. AKP - TRAC                     UNIT KE-1','101260600020'
'101260600020','2026-06-15 00:00:00.000','102-001',0.000000,41611969.910000,'CIM1096232 PT. AKP - TRAC                     UNIT KE-1','101260600020'
'101KM260600001','2026-06-15 00:00:00.000','102-110',0.000000,5006487.050000,'PT. SUMBER KREASI SARANA (CEDEA KE-3)/SV-800 24V + ESTB/CIM 1091782/CD FE74 LN/010509  06894','101KM260600001'
'101KM260600001','2026-06-15 00:00:00.000','102-102',0.000000,143883.300000,'PT. SUMBER KREASI SARANA (CEDEA KE-3)/SV-800 24V + ESTB/CIM 1091782/CD FE74 LN/010509  06894','101KM260600001'
'10203260600024','2026-06-15 00:00:00.000','102-020',0.000000,27165189.600000,'101260500020 CARLOSINDO UTAMA     ','10203260600024'
'10203260600024','2026-06-15 00:00:00.000','102-001',27165189.600000,0.000000,'101260500020 CARLOSINDO UTAMA     ','10203260600024'
'10203260600025','2026-06-15 00:00:00.000','102-020',0.000000,27165189.600000,'101260500060 INDOSALUYU','10203260600025'
'10203260600025','2026-06-15 00:00:00.000','102-001',27165189.600000,0.000000,'101260500060 INDOSALUYU','10203260600025'
'10203260600026','2026-06-15 00:00:00.000','102-020',0.000000,51744345.400000,'101260600010 PT. MEGA INDO LOGISTIK                                     UNIT KE-5','10203260600026'
'10203260600026','2026-06-15 00:00:00.000','102-001',51744345.400000,0.000000,'101260600010 PT. MEGA INDO LOGISTIK                                     UNIT KE-5','10203260600026'
'10203260600027','2026-06-15 00:00:00.000','102-020',0.000000,41611969.910000,'101260600009 PT. LEO INDO MAKMUR                                UNIT KE-5','10203260600027'
'10203260600027','2026-06-15 00:00:00.000','102-001',41611969.910000,0.000000,'101260600009 PT. LEO INDO MAKMUR                                UNIT KE-5','10203260600027'
'10203260600028','2026-06-15 00:00:00.000','102-020',0.000000,249707668.740000,'101260600017 PT. SENTRAS BOX INDONESIA -           JUMA BERLIAN                      UNIT KE-1','10203260600028'
'10203260600028','2026-06-15 00:00:00.000','102-001',249707668.740000,0.000000,'101260600017 PT. SENTRAS BOX INDONESIA -           JUMA BERLIAN                      UNIT KE-1','10203260600028'
'10203260600029','2026-06-15 00:00:00.000','102-020',0.000000,35916332.420000,'101260600014 PUTRA FAJAR JAYA MANDIRI','10203260600029'
'10203260600029','2026-06-15 00:00:00.000','102-001',35916332.420000,0.000000,'101260600014 PUTRA FAJAR JAYA MANDIRI','10203260600029'
'101KM260600020','2026-06-15 00:00:00.000','102-110',0.000000,1396112.360000,'PT. ANDALAN PUTRA KAROSERI KE-1/SV-600 24V/CIM 1096240/CANTER FE84 GS/002694  06929','101KM260600020'
'101KM260600020','2026-06-15 00:00:00.000','102-102',0.000000,143883.300000,'PT. ANDALAN PUTRA KAROSERI KE-1/SV-600 24V/CIM 1096240/CANTER FE84 GS/002694  06929','101KM260600020'
'10203260600053','2026-06-15 00:00:00.000','102-020',0.000000,41611969.910000,'101260600042 ANDALAN PUTRA           UNIT KE-2','10203260600053'
'10203260600053','2026-06-15 00:00:00.000','102-001',41611969.910000,0.000000,'101260600042 ANDALAN PUTRA           UNIT KE-2','10203260600053'
'101KM260600021','2026-06-15 00:00:00.000','102-110',0.000000,1046204.830000,'PT.KAWI PUSAKA RAHARJA (WINGS CORP) POLMAN/NR-450I 12V/801010644BFCAZ036/ISUZU TRAGA/J580484  07038','101KM260600021'
'101KM260600021','2026-06-15 00:00:00.000','102-102',0.000000,119902.750000,'PT.KAWI PUSAKA RAHARJA (WINGS CORP) POLMAN/NR-450I 12V/801010644BFCAZ036/ISUZU TRAGA/J580484  07038','101KM260600021'
'101KM260600022','2026-06-15 00:00:00.000','102-110',0.000000,1461485.710000,'PT. SENTRAS BOX INDONESIA JUMA KE-1/T-1200R/CIM 1096180/HINO FL/20601  06974','101KM260600022'
'101KM260600018','2026-06-15 00:00:00.000','102-110',0.000000,899443.880000,'PT. PUTRA FAJAR JAYA MANDIRI/SV-400 24V/CIM 1091031/ISUZU NLR/J008319  07173','101KM260600018'
'101KM260600018','2026-06-15 00:00:00.000','102-102',0.000000,130803.000000,'PT. PUTRA FAJAR JAYA MANDIRI/SV-400 24V/CIM 1091031/ISUZU NLR/J008319  07173','101KM260600018'
'101KM260600023','2026-06-15 00:00:00.000','102-110',0.000000,2419941.650000,'PT. MITRA ABADI SEJATI (MAS) KE-3/FTS-100 12V/018TAM170626/L-300 EURO-4/007906  07102','101KM260600023'
'101KM260600023','2026-06-15 00:00:00.000','102-102',0.000000,90467.500000,'PT. MITRA ABADI SEJATI (MAS) KE-3/FTS-100 12V/018TAM170626/L-300 EURO-4/007906  07102','101KM260600023'
'101KM260600024','2026-06-15 00:00:00.000','102-110',0.000000,2286354.200000,'PT. MITRA ABADI SEJATI (MAS) KE-2/FTS-100 12V/017TAM150626/L-300 EURO-4/007870  07102','101KM260600024'
'101KM260600024','2026-06-15 00:00:00.000','102-102',0.000000,90467.500000,'PT. MITRA ABADI SEJATI (MAS) KE-2/FTS-100 12V/017TAM150626/L-300 EURO-4/007870  07102','101KM260600024'
'101KM260600019','2026-06-15 00:00:00.000','102-110',0.000000,1436692.460000,'PT. MEGA INDO LOGISTIK KE-5/SV-800 24V/CIM 1096276/CD FE 74 LN/010316  06895','101KM260600019'
'101KM260600019','2026-06-15 00:00:00.000','102-102',0.000000,143883.300000,'PT. MEGA INDO LOGISTIK KE-5/SV-800 24V/CIM 1096276/CD FE 74 LN/010316  06895','101KM260600019'
'101KM260600041','2026-06-15 00:00:00.000','102-110',0.000000,11400000.000000,'PERL. UNIT SV-800 24V SUMBER KREASI SARANA KE - 5 - 8  KBS2606/014','101KM260600041'
'101KM260600041','2026-06-15 00:00:00.000','102-103',0.000000,31917600.000000,'PERL. UNIT SV-800 24V SUMBER KREASI SARANA KE - 5 - 8  KBS2606/014','101KM260600041'
'101KM260600073','2026-06-15 00:00:00.000','102-101',0.000000,4304555.160000,'PT. MANGGALA KIAT SV-400 24V  07.2606014','101KM260600073'
'10101260600040','2026-06-17 00:00:00.000','102-110',0.000000,302058.610000,'L-LOKAL','10101260600040'
'10101260600040','2026-06-17 00:00:00.000','102-110',0.000000,80235.140000,'L-LOKAL','10101260600040'
'10101260600040','2026-06-17 00:00:00.000','102-110',0.000000,40279.660000,'L-LOKAL','10101260600040'
'10101260600040','2026-06-17 00:00:00.000','102-110',0.000000,557240.220000,'L-LOKAL','10101260600040'
'10101260600040','2026-06-17 00:00:00.000','102-110',0.000000,381111.020000,'L-LOKAL','10101260600040'
'10101260600040','2026-06-17 00:00:00.000','102-102',0.000000,130764.000000,'TL-SPARE PARTS THERMO KING LOKAL','10101260600040'
'10101260600040','2026-06-17 00:00:00.000','102-101',0.000000,1483943.450000,'TS-SPARE PARTS THERMO KING','10101260600040'
'10101260600040','2026-06-17 00:00:00.000','102-101',0.000000,910159.470000,'TS-SPARE PARTS THERMO KING','10101260600040'
'10103260600030','2026-06-17 00:00:00.000','102-001',0.000000,41611969.910000,'TR-UNIT TRUCK THERMO KING','10103260600030'
'10103260600032','2026-06-17 00:00:00.000','102-001',0.000000,215984724.820000,'TR-UNIT TRUCK THERMO KING','10103260600032'
'10101260600041','2026-06-17 00:00:00.000','102-110',0.000000,83738.060000,'L-LOKAL','10101260600041'
'10203260600030','2026-06-17 00:00:00.000','102-020',0.000000,41611969.910000,'101260600013 PT. ANDALAN PUTRA KAROSERI                       UNIT KE - 1','10203260600030'
'10203260600030','2026-06-17 00:00:00.000','102-001',41611969.910000,0.000000,'101260600013 PT. ANDALAN PUTRA KAROSERI                       UNIT KE - 1','10203260600030'
'10203260600032','2026-06-17 00:00:00.000','102-020',0.000000,215984724.820000,'101260600015 PT. MITRA KAROERI INTERNASIONAL                   UNIT KE-1','10203260600032'
'10203260600032','2026-06-17 00:00:00.000','102-001',215984724.820000,0.000000,'101260600015 PT. MITRA KAROERI INTERNASIONAL                   UNIT KE-1','10203260600032'
'10102260600020','2026-06-17 00:00:00.000','102-101',0.000000,342958.190000,'TS-SPARE PARTS THERMO KING','10102260600020'
'10102260600021','2026-06-17 00:00:00.000','102-101',0.000000,383149.000000,'TS-SPARE PARTS THERMO KING','10102260600021'
'10102260600021','2026-06-17 00:00:00.000','102-101',0.000000,350733.640000,'TS-SPARE PARTS THERMO KING','10102260600021'
'10102260600021','2026-06-17 00:00:00.000','102-101',0.000000,910159.470000,'TS-SPARE PARTS THERMO KING','10102260600021'
'101KM260600025','2026-06-17 00:00:00.000','102-110',0.000000,1093968.220000,'PT. CIPTA LAKSANA SELARAS (V-CLASS)/SV-400 12V/CIM 1076060/ISUZU TRAGA/J582813  07182','101KM260600025'
'101KM260600025','2026-06-17 00:00:00.000','102-102',0.000000,119902.750000,'PT. CIPTA LAKSANA SELARAS (V-CLASS)/SV-400 12V/CIM 1076060/ISUZU TRAGA/J582813  07182','101KM260600025'
'101KM260600040','2026-06-17 00:00:00.000','102-110',0.000000,10.000000,'RUBAH PULLEY COMPR RV-300 12  KBS2606/015','101KM260600040'
'101KM260600072','2026-06-17 00:00:00.000','102-101',0.000000,1443930.060000,'PT. TIRTAMAS COLDSTORAGE T-1280E  07.2606015','101KM260600072'
'101KM260600090','2026-06-17 00:00:00.000','102-110',0.000000,2048714.200000,'PT. ADHI KHARISMA PRATAMA (TRAC KE-2)/SV-600 24V+EXTRA FAN/CIM 1096245/ISUZU NLR/007348  07110','101KM260600090'
'101KM260600090','2026-06-17 00:00:00.000','102-102',0.000000,130803.000000,'PT. ADHI KHARISMA PRATAMA (TRAC KE-2)/SV-600 24V+EXTRA FAN/CIM 1096245/ISUZU NLR/007348  07110','101KM260600090'
'101KM260600091','2026-06-17 00:00:00.000','102-110',0.000000,1461485.710000,'PT. SUMBER MANDIRI SEJAHTERA KE-2/T-1080 PRO/CIM 1097383/FL 260 JW/20319  06985','101KM260600091'
'101KM260600087','2026-06-17 00:00:00.000','102-110',0.000000,1396112.360000,'PT. SUMBER AIRCONINDO SEJAHTERA/SV-600 24V/CIM 1096261/CD FE 74 LN/10438  07092','101KM260600087'
'101KM260600087','2026-06-17 00:00:00.000','102-102',0.000000,143883.300000,'PT. SUMBER AIRCONINDO SEJAHTERA/SV-600 24V/CIM 1096261/CD FE 74 LN/10438  07092','101KM260600087'
'101KM260600092','2026-06-17 00:00:00.000','102-110',0.000000,1093968.220000,'PT. SENTRAS BOX INDONESIA (TRAC KE-1)/SV-400 12V/CIM 1084292/ISUZU TRAGA/J580799  07101','101KM260600092'
'101KM260600092','2026-06-17 00:00:00.000','102-102',0.000000,119902.750000,'PT. SENTRAS BOX INDONESIA (TRAC KE-1)/SV-400 12V/CIM 1084292/ISUZU TRAGA/J580799  07101','101KM260600092'
'101KM260600088','2026-06-17 00:00:00.000','102-110',0.000000,1396112.360000,'PT. YAWARAKA TRAD AND LOG KE-2/SV-600 24V/CIM 1091055/CANTER FE84 GSN/002624  07099','101KM260600088'
'101KM260600088','2026-06-17 00:00:00.000','102-102',0.000000,143883.300000,'PT. YAWARAKA TRAD AND LOG KE-2/SV-600 24V/CIM 1091055/CANTER FE84 GSN/002624  07099','101KM260600088'
'101KM260600089','2026-06-17 00:00:00.000','102-110',0.000000,1046204.830000,'PT. LINTAS BERSAMA LOGISTIK KE-14/NR-450I 12V/801010644BFCAZ031/ISUZU TRAGA/J579515  07039','101KM260600089'
'101KM260600089','2026-06-17 00:00:00.000','102-102',0.000000,119902.750000,'PT. LINTAS BERSAMA LOGISTIK KE-14/NR-450I 12V/801010644BFCAZ031/ISUZU TRAGA/J579515  07039','101KM260600089'
'10103260600031','2026-06-18 00:00:00.000','102-001',0.000000,34649470.030000,'TR-UNIT TRUCK THERMO KING','10103260600031'
'10101260600042','2026-06-18 00:00:00.000','102-110',0.000000,40279.660000,'L-LOKAL','10101260600042'
'10101260600042','2026-06-18 00:00:00.000','102-110',0.000000,557240.220000,'L-LOKAL','10101260600042'
'10101260600042','2026-06-18 00:00:00.000','102-110',0.000000,167500.000000,'L-LOKAL','10101260600042'
'10101260600042','2026-06-18 00:00:00.000','102-110',0.000000,959400.720000,'L-LOKAL','10101260600042'
'10101260600042','2026-06-18 00:00:00.000','102-102',0.000000,130764.000000,'TL-SPARE PARTS THERMO KING LOKAL','10101260600042'
'10101260600042','2026-06-18 00:00:00.000','102-101',0.000000,734180.830000,'TS-SPARE PARTS THERMO KING','10101260600042'
'10101260600043','2026-06-18 00:00:00.000','102-201',0.000000,49410.400000,'MT-MATERIAL TAMBAHAN','10101260600043'
'10101260600043','2026-06-18 00:00:00.000','102-101',0.000000,347253.440000,'TS-SPARE PARTS THERMO KING','10101260600043'
'101BTB260600032','2026-06-18 00:00:00.000','102-110',180000.000000,0.000000,'(LOKAL) MULIA JAYA 2938','101BTB260600032'
'101BTB260600028','2026-06-18 00:00:00.000','102-201',1250000.000000,0.000000,'(MATERIAL TAMBAHAN) NUGROHO TEKNIK 068/VI/2026/F.NT','101BTB260600028'
'101BTB260600028','2026-06-18 00:00:00.000','102-110',4375000.000000,0.000000,'(LOKAL) NUGROHO TEKNIK 068/VI/2026/F.NT','101BTB260600028'
'101BTB260600033','2026-06-18 00:00:00.000','102-110',2950000.000000,0.000000,'(LOKAL) ALBERT AL9944','101BTB260600033'
'101BTB260600034','2026-06-18 00:00:00.000','102-110',2685000.000000,0.000000,'(LOKAL) ALBERT AL2852','101BTB260600034'
'101BTB260600036','2026-06-18 00:00:00.000','102-110',267500.000000,0.000000,'(LOKAL) MULIA JAYA 437 ','101BTB260600036'
'101BTB260600037','2026-06-18 00:00:00.000','102-110',4425000.000000,0.000000,'(LOKAL) ALBERT AL9733','101BTB260600037'
'10103260600033','2026-06-18 00:00:00.000','102-010',0.000000,6190148.150000,'TYU-TOYO UNIT','10103260600033'
'101260600026','2026-06-18 00:00:00.000','102-020',34649470.030000,0.000000,'CIM1076059 PT. SENTRAS BOX INDONESIA - TRAC                             UNIT KE-3','101260600026'
'101260600026','2026-06-18 00:00:00.000','102-001',0.000000,34649470.030000,'CIM1076059 PT. SENTRAS BOX INDONESIA - TRAC                             UNIT KE-3','101260600026'
'101260600025','2026-06-18 00:00:00.000','102-020',34649470.030000,0.000000,'CIM1076057 PT. SENTRAS BOX INDONESIA-TRAC                             UNIT KE-2','101260600025'
'101260600025','2026-06-18 00:00:00.000','102-001',0.000000,34649470.030000,'CIM1076057 PT. SENTRAS BOX INDONESIA-TRAC                             UNIT KE-2','101260600025'
'101260600024','2026-06-18 00:00:00.000','102-020',51744345.400000,0.000000,'CIM1096294 PT. MEGA INDO LOGISTIK                                       UNIT KE-6','101260600024'
'101260600024','2026-06-18 00:00:00.000','102-001',0.000000,51744345.400000,'CIM1096294 PT. MEGA INDO LOGISTIK                                       UNIT KE-6','101260600024'
'101BTB260600055','2026-06-18 00:00:00.000','102-110',600000.000000,0.000000,'(LOKAL) PT. THERMO ASRI MANDIRI 096/FK-TAM/VI/2026','101BTB260600055'
'10104260600004','2026-06-18 00:00:00.000','102-010',0.000000,6190148.150000,'TYU-TOYO UNIT','10104260600004'
'10203260600031','2026-06-18 00:00:00.000','102-020',0.000000,34649470.030000,'101260600023 PT. CIPTA LAKSANA ARMADA SELARAS      ','10203260600031'
'10203260600031','2026-06-18 00:00:00.000','102-001',34649470.030000,0.000000,'101260600023 PT. CIPTA LAKSANA ARMADA SELARAS      ','10203260600031'
'101KM260600039','2026-06-18 00:00:00.000','102-110',0.000000,516559.920000,'RAKIT FAN 24V ADHIKARISMA PRATAMA KE - 2   KBS2606/016','101KM260600039'
'101KM260600039','2026-06-18 00:00:00.000','102-102',0.000000,1069960.090000,'RAKIT FAN 24V ADHIKARISMA PRATAMA KE - 2   KBS2606/016','101KM260600039'
'101KM260600070','2026-06-18 00:00:00.000','102-110',0.000000,338854.630000,'PT. LINTAS BERSAMA LOGISTIK SV-400 12V  07.2606017','101KM260600070'
'101KM260600071','2026-06-18 00:00:00.000','102-110',0.000000,338854.630000,'PT. SENTRAS BOX SV-600 24V  07.2606016','101KM260600071'
'101KM260600071','2026-06-18 00:00:00.000','102-101',0.000000,6778152.540000,'PT. SENTRAS BOX SV-600 24V  07.2606016','101KM260600071'
'101KM260600069','2026-06-18 00:00:00.000','102-101',0.000000,5107249.490000,'PT. LINTAS BERSAMA SV-400 12V  07.2606018','101KM260600069'
'10103260600038','2026-06-19 00:00:00.000','102-001',0.000000,41611969.910000,'TR-UNIT TRUCK THERMO KING','10103260600038'
'10101260600050','2026-06-19 00:00:00.000','102-101',0.000000,1152485.470000,'TS-SPARE PARTS THERMO KING','10101260600050'
'10101260600044','2026-06-19 00:00:00.000','102-201',0.000000,49410.400000,'MT-MATERIAL TAMBAHAN','10101260600044'
'10101260600044','2026-06-19 00:00:00.000','102-102',0.000000,1048815.480000,'TL-SPARE PARTS THERMO KING LOKAL','10101260600044'
'10101260600045','2026-06-19 00:00:00.000','102-110',0.000000,25.000000,'L-LOKAL','10101260600045'
'10101260600046','2026-06-19 00:00:00.000','102-201',0.000000,49410.400000,'MT-MATERIAL TAMBAHAN','10101260600046'
'10101260600046','2026-06-19 00:00:00.000','102-110',0.000000,55000.000000,'L-LOKAL','10101260600046'
'10101260600046','2026-06-19 00:00:00.000','102-110',0.000000,41000.000000,'L-LOKAL','10101260600046'
'10101260600046','2026-06-19 00:00:00.000','102-110',0.000000,48251.750000,'L-LOKAL','10101260600046'
'10101260600046','2026-06-19 00:00:00.000','102-110',0.000000,928733.700000,'L-LOKAL','10101260600046'
'10101260600046','2026-06-19 00:00:00.000','102-110',0.000000,1471821.870000,'L-LOKAL','10101260600046'
'10101260600046','2026-06-19 00:00:00.000','102-110',0.000000,178977.240000,'L-LOKAL','10101260600046'
'10101260600046','2026-06-19 00:00:00.000','102-110',0.000000,590000.000000,'L-LOKAL','10101260600046'
'10101260600046','2026-06-19 00:00:00.000','102-110',0.000000,937657.050000,'L-LOKAL','10101260600046'
'10101260600046','2026-06-19 00:00:00.000','102-102',0.000000,1612756.000000,'TL-SPARE PARTS THERMO KING LOKAL','10101260600046'
'10101260600046','2026-06-19 00:00:00.000','102-102',0.000000,187500.000000,'TL-SPARE PARTS THERMO KING LOKAL','10101260600046'
'10101260600046','2026-06-19 00:00:00.000','102-102',0.000000,187500.000000,'TL-SPARE PARTS THERMO KING LOKAL','10101260600046'
'10101260600046','2026-06-19 00:00:00.000','102-102',0.000000,675675.660000,'TL-SPARE PARTS THERMO KING LOKAL','10101260600046'
'10101260600046','2026-06-19 00:00:00.000','102-102',0.000000,675675.690000,'TL-SPARE PARTS THERMO KING LOKAL','10101260600046'
'10101260600046','2026-06-19 00:00:00.000','102-102',0.000000,75000.000000,'TL-SPARE PARTS THERMO KING LOKAL','10101260600046'
'10101260600046','2026-06-19 00:00:00.000','102-101',0.000000,783333.340000,'TS-SPARE PARTS THERMO KING','10101260600046'
'10101260600046','2026-06-19 00:00:00.000','102-101',0.000000,12874.000000,'TS-SPARE PARTS THERMO KING','10101260600046'
'10101260600046','2026-06-19 00:00:00.000','102-101',0.000000,58859.570000,'TS-SPARE PARTS THERMO KING','10101260600046'
'10101260600046','2026-06-19 00:00:00.000','102-101',0.000000,938994.120000,'TS-SPARE PARTS THERMO KING','10101260600046'
'10101260600046','2026-06-19 00:00:00.000','102-101',0.000000,1439800.230000,'TS-SPARE PARTS THERMO KING','10101260600046'
'10101260600046','2026-06-19 00:00:00.000','102-101',0.000000,1484948.630000,'TS-SPARE PARTS THERMO KING','10101260600046'
'10101260600046','2026-06-19 00:00:00.000','102-101',0.000000,3333947.960000,'TS-SPARE PARTS THERMO KING','10101260600046'
'10101260600046','2026-06-19 00:00:00.000','102-101',0.000000,5584493.500000,'TS-SPARE PARTS THERMO KING','10101260600046'
'10101260600046','2026-06-19 00:00:00.000','102-101',0.000000,8336072.140000,'TS-SPARE PARTS THERMO KING','10101260600046'
'10101260600046','2026-06-19 00:00:00.000','102-101',0.000000,781413.100000,'TS-SPARE PARTS THERMO KING','10101260600046'
'10101260600046','2026-06-19 00:00:00.000','102-101',0.000000,1362679.440000,'TS-SPARE PARTS THERMO KING','10101260600046'
'10101260600046','2026-06-19 00:00:00.000','102-101',0.000000,1457126.850000,'TS-SPARE PARTS THERMO KING','10101260600046'
'10101260600046','2026-06-19 00:00:00.000','102-101',0.000000,1726337.370000,'TS-SPARE PARTS THERMO KING','10101260600046'
'10101260600046','2026-06-19 00:00:00.000','102-101',0.000000,253459.590000,'TS-SPARE PARTS THERMO KING','10101260600046'
'10101260600046','2026-06-19 00:00:00.000','102-101',0.000000,169701.810000,'TS-SPARE PARTS THERMO KING','10101260600046'
'10101260600046','2026-06-19 00:00:00.000','102-101',0.000000,190355.420000,'TS-SPARE PARTS THERMO KING','10101260600046'
'10101260600046','2026-06-19 00:00:00.000','102-101',0.000000,161779.420000,'TS-SPARE PARTS THERMO KING','10101260600046'
'10101260600047','2026-06-19 00:00:00.000','102-101',0.000000,257911.490000,'TS-SPARE PARTS THERMO KING','10101260600047'
'10103260600034','2026-06-19 00:00:00.000','102-001',0.000000,34649470.030000,'TR-UNIT TRUCK THERMO KING','10103260600034'
'101260600029','2026-06-19 00:00:00.000','102-020',34649470.030000,0.000000,'CIM1076076 CV. ULTIMA JAYA ','101260600029'
'101260600029','2026-06-19 00:00:00.000','102-001',0.000000,34649470.030000,'CIM1076076 CV. ULTIMA JAYA ','101260600029'
'101260600028','2026-06-19 00:00:00.000','102-020',48000000.000000,0.000000,'646BFAZI009 U/ PT. LINTAS MITRA ANUGERAH SEJATI KE - 4','101260600028'
'101260600028','2026-06-19 00:00:00.000','102-003',0.000000,48000000.000000,'646BFAZI009 U/ PT. LINTAS MITRA ANUGERAH SEJATI KE - 4','101260600028'
'101260600027','2026-06-19 00:00:00.000','102-020',48000000.000000,0.000000,'646BFAZI003 U/ PT. LINTAS MITRA ANUGERAH SEJATI KE - 3','101260600027'
'101260600027','2026-06-19 00:00:00.000','102-003',0.000000,48000000.000000,'646BFAZI003 U/ PT. LINTAS MITRA ANUGERAH SEJATI KE - 3','101260600027'
'101260600030','2026-06-19 00:00:00.000','102-020',215984724.820000,0.000000,'CIM1096173 METRO MOTOR              UNIT KE-4','101260600030'
'101260600030','2026-06-19 00:00:00.000','102-001',0.000000,215984724.820000,'CIM1096173 METRO MOTOR              UNIT KE-4','101260600030'
'101BTB260600068','2026-06-19 00:00:00.000','102-003',48000000.000000,0.000000,'(NORDIC) SEJUK SEJAHTERA SANTOSA (3S01.2606024)','101BTB260600068'
'101BTB260600069','2026-06-19 00:00:00.000','102-003',48000000.000000,0.000000,'(NORDIC) SEJUK SEJAHTERA SANTOSA (3S01.2606023)','101BTB260600069'
'101BTB260600074','2026-06-19 00:00:00.000','102-103',23067720.000000,0.000000,'(SPARE PART NORDIC) SEJUK SEJAHTERA SANTOSA (3S05.2606025)','101BTB260600074'
'101KP260600002','2026-06-19 00:00:00.000','102-102',1048342.000000,0.000000,'SERASI AUTORAYA 01.2606045  060','101KP260600002'
'10203260600034','2026-06-19 00:00:00.000','102-020',0.000000,34649470.030000,'101260600022 PT. SENTRAS BOX INDONESIA - TRAC        UNIT KE-1','10203260600034'
'10203260600034','2026-06-19 00:00:00.000','102-001',34649470.030000,0.000000,'101260600022 PT. SENTRAS BOX INDONESIA - TRAC        UNIT KE-1','10203260600034'
'10203260600038','2026-06-19 00:00:00.000','102-020',0.000000,41611969.910000,'101260600019 PT. SUMBER AIRCONINDO - IBU LIA ','10203260600038'
'10203260600038','2026-06-19 00:00:00.000','102-001',41611969.910000,0.000000,'101260600019 PT. SUMBER AIRCONINDO - IBU LIA ','10203260600038'
'10102260600022','2026-06-19 00:00:00.000','102-101',0.000000,3510819.010000,'TS-SPARE PARTS THERMO KING','10102260600022'
'10102260600023','2026-06-19 00:00:00.000','102-110',0.000000,3378613.700000,'L-LOKAL','10102260600023'
'101KM260600037','2026-06-19 00:00:00.000','102-102',0.000000,2180050.000000,'PERL. SERVICE T-1000M  KBS2606/017A','101KM260600037'
'101KM260600038','2026-06-19 00:00:00.000','102-103',0.000000,7979400.000000,'PERL ELECTRIC STANDBY TAM SURABAYA  KBS2606/017','101KM260600038'
'101KM260600038','2026-06-19 00:00:00.000','102-101',0.000000,2868518.510000,'PERL ELECTRIC STANDBY TAM SURABAYA  KBS2606/017','101KM260600038'
'101KM260600062','2026-06-19 00:00:00.000','102-101',0.000000,1440274.230000,'PT. MANGGALA KIA ANANDA T-1200  07.2606025','101KM260600062'
'101KM260600063','2026-06-19 00:00:00.000','102-101',0.000000,938994.120000,'PT. MANGGALA KIAT ANANDA T-1200  07.2606024','101KM260600063'
'101KM260600064','2026-06-19 00:00:00.000','102-102',0.000000,140335.330000,'PT. SELARAS MANDIRI RAYA T-1280  07.2606023','101KM260600064'
'101KM260600065','2026-06-19 00:00:00.000','102-101',0.000000,3596008.400000,'PT. TIRTAMAS T-1280E  07.2606022','101KM260600065'
'101KM260600066','2026-06-19 00:00:00.000','102-101',0.000000,1440274.230000,'PT. MANGGALA KIAT ANANDA T-1200  07.2606021','101KM260600066'
'101KM260600067','2026-06-19 00:00:00.000','102-101',0.000000,1440274.230000,'PT. MANGGALA KIAT T-1200  07.2606020','101KM260600067'
'101KM260600068','2026-06-19 00:00:00.000','102-101',0.000000,4536499.520000,'PT. MANGGALA KIAT ANANDA T-1200  07.2606019','101KM260600068'
'101KM260600093','2026-06-19 00:00:00.000','102-110',0.000000,1093968.220000,'PT. SENTRAS BOX INDONESIA (TRAC KE-2)/SV-400 12V/CIM 1076057/ISUZU TRAGA/J578250  07101','101KM260600093'
'101KM260600093','2026-06-19 00:00:00.000','102-102',0.000000,119902.750000,'PT. SENTRAS BOX INDONESIA (TRAC KE-2)/SV-400 12V/CIM 1076057/ISUZU TRAGA/J578250  07101','101KM260600093'
'101KM260600094','2026-06-19 00:00:00.000','102-110',0.000000,2048714.200000,'ADHI KHARISMA PRATAMA (TRAC KE-1)/SV-600 24V + FAN/CIM 1096232/ISUZU NLR/007358  07110','101KM260600094'
'101KM260600094','2026-06-19 00:00:00.000','102-102',0.000000,130803.000000,'ADHI KHARISMA PRATAMA (TRAC KE-1)/SV-600 24V + FAN/CIM 1096232/ISUZU NLR/007358  07110','101KM260600094'
'101KM260600095','2026-06-19 00:00:00.000','102-110',0.000000,1461485.710000,'METRO MOTOR KE-4/T-1080 PRO/CIM 1096173/FL 260 JW/J004267  07001','101KM260600095'
'101KM260600100','2026-06-20 00:00:00.000','102-110',0.000000,1454952.510000,'PT. MEGA INDO LOGISTIK KE-6/SV-800 24V/CIM 1096294/CD FE74 LN/010317  06895','101KM260600100'
'101KM260600100','2026-06-20 00:00:00.000','102-102',0.000000,143883.300000,'PT. MEGA INDO LOGISTIK KE-6/SV-800 24V/CIM 1096294/CD FE74 LN/010317  06895','101KM260600100'
'101KM260600110','2026-06-20 00:00:00.000','102-110',0.000000,1396112.360000,'PT. SENTRAS BOX INDONESIA/SV-600 24V/CIM 1096230/CD FE74/004769  07090','101KM260600110'
'101KM260600110','2026-06-20 00:00:00.000','102-102',0.000000,143883.300000,'PT. SENTRAS BOX INDONESIA/SV-600 24V/CIM 1096230/CD FE74/004769  07090','101KM260600110'
'101KM260600112','2026-06-20 00:00:00.000','102-110',0.000000,1093968.220000,'PT. SENTRAS BOX INDONESIA (TRAC KE-4)/SV-400 12V/CIM 1076058/ISUZU TRAGA/J580800  07101','101KM260600112'
'101KM260600112','2026-06-20 00:00:00.000','102-102',0.000000,119902.750000,'PT. SENTRAS BOX INDONESIA (TRAC KE-4)/SV-400 12V/CIM 1076058/ISUZU TRAGA/J580800  07101','101KM260600112'
'101KM260600115','2026-06-20 00:00:00.000','102-110',0.000000,2515878.940000,'PT. MITRA ABADI SEJATI (MAS) ESHAM DIMA KE-2/FTS-100 12V/020TAM190626/L-300 EURO-4/003292  07121','101KM260600115'
'101KM260600115','2026-06-20 00:00:00.000','102-102',0.000000,90467.500000,'PT. MITRA ABADI SEJATI (MAS) ESHAM DIMA KE-2/FTS-100 12V/020TAM190626/L-300 EURO-4/003292  07121','101KM260600115'
'101KM260600096','2026-06-20 00:00:00.000','102-110',0.000000,1093968.220000,'PT. SENTRAS BOX INDONESIA (TRAC KE-3)/SV-400 12V/CIM 10766059/ISUZU TRAGA/J578424  07101','101KM260600096'
'101KM260600096','2026-06-20 00:00:00.000','102-102',0.000000,119902.750000,'PT. SENTRAS BOX INDONESIA (TRAC KE-3)/SV-400 12V/CIM 10766059/ISUZU TRAGA/J578424  07101','101KM260600096'
'101KM260600097','2026-06-20 00:00:00.000','102-110',0.000000,1396112.360000,'PT. SENTRAS BOX INDONESIA/SV-600 24V/CIM 1096231/CD FE 71L/007483  07120','101KM260600097'
'101KM260600097','2026-06-20 00:00:00.000','102-102',0.000000,143883.300000,'PT. SENTRAS BOX INDONESIA/SV-600 24V/CIM 1096231/CD FE 71L/007483  07120','101KM260600097'
'101KM260600099','2026-06-20 00:00:00.000','102-110',0.000000,1461485.710000,'PT. MITRA KAROSERI INTERNASIONAL KE-2/T-1080 PRO/CIM 1096176/FG 260 JS/12661  07045','101KM260600099'
'10103260600045','2026-06-22 00:00:00.000','102-001',0.000000,215984724.820000,'TR-UNIT TRUCK THERMO KING','10103260600045'
'200410126060152','2026-06-22 00:00:00.000','102-601',5484000.000000,0.000000,'BM/PIB.000047/TK.005',
'200410126060154','2026-06-22 00:00:00.000','102-601',24161800.000000,0.000000,'LS/PIB.TK.602B',
'200410126060155','2026-06-22 00:00:00.000','102-601',9090300.000000,0.000000,'LS/TK.SUM602A',
'10103260600057','2026-06-22 00:00:00.000','102-102',0.000000,1069968.120000,'TL-SPARE PARTS THERMO KING LOKAL','10103260600057'
'10103260600057','2026-06-22 00:00:00.000','102-001',0.000000,41611969.910000,'TR-UNIT TRUCK THERMO KING','10103260600057'
'10103260600058','2026-06-22 00:00:00.000','102-102',0.000000,1069968.120000,'TL-SPARE PARTS THERMO KING LOKAL','10103260600058'
'10103260600058','2026-06-22 00:00:00.000','102-001',0.000000,41611969.910000,'TR-UNIT TRUCK THERMO KING','10103260600058'
'10101260600051','2026-06-22 00:00:00.000','102-201',0.000000,49410.400000,'MT-MATERIAL TAMBAHAN','10101260600051'
'10101260600052','2026-06-22 00:00:00.000','102-101',0.000000,1422803.420000,'TS-SPARE PARTS THERMO KING','10101260600052'
'10101260600053','2026-06-22 00:00:00.000','102-110',0.000000,40279.660000,'L-LOKAL','10101260600053'
'10101260600053','2026-06-22 00:00:00.000','102-110',0.000000,371493.480000,'L-LOKAL','10101260600053'
'10101260600053','2026-06-22 00:00:00.000','102-110',0.000000,381111.020000,'L-LOKAL','10101260600053'
'10101260600053','2026-06-22 00:00:00.000','102-102',0.000000,130764.000000,'TL-SPARE PARTS THERMO KING LOKAL','10101260600053'
'10101260600053','2026-06-22 00:00:00.000','102-102',0.000000,190077.240000,'TL-SPARE PARTS THERMO KING LOKAL','10101260600053'
'10101260600053','2026-06-22 00:00:00.000','102-101',0.000000,83137.680000,'TS-SPARE PARTS THERMO KING','10101260600053'
'10101260600053','2026-06-22 00:00:00.000','102-101',0.000000,126088.440000,'TS-SPARE PARTS THERMO KING','10101260600053'
'10103260600035','2026-06-22 00:00:00.000','102-001',0.000000,41611969.910000,'TR-UNIT TRUCK THERMO KING','10103260600035'
'10103260600036','2026-06-22 00:00:00.000','102-001',0.000000,34649470.030000,'TR-UNIT TRUCK THERMO KING','10103260600036'
'10103260600037','2026-06-22 00:00:00.000','102-001',0.000000,34649470.030000,'TR-UNIT TRUCK THERMO KING','10103260600037'
'101260600036','2026-06-22 00:00:00.000','102-020',41611969.910000,0.000000,'CIM1096249 INDOSALUYU   PRIMAJAYA ','101260600036'
'101260600036','2026-06-22 00:00:00.000','102-001',0.000000,41611969.910000,'CIM1096249 INDOSALUYU   PRIMAJAYA ','101260600036'
'101260600035','2026-06-22 00:00:00.000','102-020',215984724.820000,0.000000,'CIM1096175 METRO MOTOR            KE-1','101260600035'
'101260600035','2026-06-22 00:00:00.000','102-001',0.000000,215984724.820000,'CIM1096175 METRO MOTOR            KE-1','101260600035'
'101260600034','2026-06-22 00:00:00.000','102-020',41611969.910000,0.000000,'CIM1096250 CV. KREASI SEJUK SARANA ','101260600034'
'101260600034','2026-06-22 00:00:00.000','102-001',0.000000,41611969.910000,'CIM1096250 CV. KREASI SEJUK SARANA ','101260600034'
'101260600033','2026-06-22 00:00:00.000','102-020',41611969.910000,0.000000,'CIM1096246 CV. KREASI SEJUK SARANA ','101260600033'
'101260600033','2026-06-22 00:00:00.000','102-001',0.000000,41611969.910000,'CIM1096246 CV. KREASI SEJUK SARANA ','101260600033'
'101260600032','2026-06-22 00:00:00.000','102-020',215984724.820000,0.000000,'CIM1096176 MITRA KAROSERI INTERNASIONAL             UNIT KE-2','101260600032'
'101260600032','2026-06-22 00:00:00.000','102-001',0.000000,215984724.820000,'CIM1096176 MITRA KAROSERI INTERNASIONAL             UNIT KE-2','101260600032'
'101260600031','2026-06-22 00:00:00.000','102-020',41611969.910000,0.000000,'CIM1096231 PT. SENTRAS BOX INDONESIA - BOSOWA BERLIAN MOTOR','101260600031'
'101260600031','2026-06-22 00:00:00.000','102-001',0.000000,41611969.910000,'CIM1096231 PT. SENTRAS BOX INDONESIA - BOSOWA BERLIAN MOTOR','101260600031'
'10203260600035','2026-06-22 00:00:00.000','102-020',0.000000,41611969.910000,'101260600031 PT. SENTRAS BOX INDONESIA - BOSOWA BERLIAN MOTOR','10203260600035'
'10203260600035','2026-06-22 00:00:00.000','102-001',41611969.910000,0.000000,'101260600031 PT. SENTRAS BOX INDONESIA - BOSOWA BERLIAN MOTOR','10203260600035'
'10203260600036','2026-06-22 00:00:00.000','102-020',0.000000,34649470.030000,'101260600025 PT. SENTRAS BOX INDONESIA-TRAC                             UNIT KE-2','10203260600036'
'10203260600036','2026-06-22 00:00:00.000','102-001',34649470.030000,0.000000,'101260600025 PT. SENTRAS BOX INDONESIA-TRAC                             UNIT KE-2','10203260600036'
'10203260600037','2026-06-22 00:00:00.000','102-020',0.000000,34649470.030000,'101260600026 PT. SENTRAS BOX INDONESIA - TRAC                             UNIT KE-3','10203260600037'
'10203260600037','2026-06-22 00:00:00.000','102-001',34649470.030000,0.000000,'101260600026 PT. SENTRAS BOX INDONESIA - TRAC                             UNIT KE-3','10203260600037'
'10203260600045','2026-06-22 00:00:00.000','102-020',0.000000,215984724.820000,'101260600030 METRO MOTOR              UNIT KE-4','10203260600045'
'10203260600045','2026-06-22 00:00:00.000','102-001',215984724.820000,0.000000,'101260600030 METRO MOTOR              UNIT KE-4','10203260600045'
'10203260600057','2026-06-22 00:00:00.000','102-020',0.000000,41611969.910000,'101260600020 PT. AKP - TRAC                     UNIT KE-1','10203260600057'
'10203260600057','2026-06-22 00:00:00.000','102-001',41611969.910000,0.000000,'101260600020 PT. AKP - TRAC                     UNIT KE-1','10203260600057'
'10203260600058','2026-06-22 00:00:00.000','102-020',0.000000,41611969.910000,'101260600021 PT. AKP - TRAC                UNIT KE-2','10203260600058'
'10203260600058','2026-06-22 00:00:00.000','102-001',41611969.910000,0.000000,'101260600021 PT. AKP - TRAC                UNIT KE-2','10203260600058'
'10102260600024','2026-06-22 00:00:00.000','102-101',0.000000,3321137.580000,'TS-SPARE PARTS THERMO KING','10102260600024'
'10102260600024','2026-06-22 00:00:00.000','102-101',0.000000,339403.620000,'TS-SPARE PARTS THERMO KING','10102260600024'
'10102260600024','2026-06-22 00:00:00.000','102-101',0.000000,323558.840000,'TS-SPARE PARTS THERMO KING','10102260600024'
'10102260600024','2026-06-22 00:00:00.000','102-101',0.000000,190355.420000,'TS-SPARE PARTS THERMO KING','10102260600024'
'10102260600025','2026-06-22 00:00:00.000','102-101',0.000000,3411270.550000,'TS-SPARE PARTS THERMO KING','10102260600025'
'10102260600026','2026-06-22 00:00:00.000','102-101',0.000000,1439800.230000,'TS-SPARE PARTS THERMO KING','10102260600026'
'10102260600026','2026-06-22 00:00:00.000','102-101',0.000000,1457126.850000,'TS-SPARE PARTS THERMO KING','10102260600026'
'10102260600026','2026-06-22 00:00:00.000','102-101',0.000000,1513072.920000,'TS-SPARE PARTS THERMO KING','10102260600026'
'10102260600027','2026-06-22 00:00:00.000','102-101',0.000000,100.000000,'TS-SPARE PARTS THERMO KING','10102260600027'
'101KM260600036','2026-06-22 00:00:00.000','102-110',0.000000,516559.920000,'RAKIT FAN SEKAT 24V ADHIKARISMA PRATAMA KE - 1  KBS2606/018','101KM260600036'
'101KM260600036','2026-06-22 00:00:00.000','102-102',0.000000,1069960.090000,'RAKIT FAN SEKAT 24V ADHIKARISMA PRATAMA KE - 1  KBS2606/018','101KM260600036'
'101KM260600061','2026-06-22 00:00:00.000','102-110',0.000000,338854.630000,'KOPERASI JAYA CIAYUM SV-600 24V  07.2606026','101KM260600061'
'101KM260600061','2026-06-22 00:00:00.000','102-101',0.000000,6778152.540000,'KOPERASI JAYA CIAYUM SV-600 24V  07.2606026','101KM260600061'
'101KM260600098','2026-06-22 00:00:00.000','102-110',0.000000,1461485.710000,'METRO MOTOR KE-1/T-1080 PRO/CIM 1096175/FL 260 JW/20432  07188','101KM260600098'
'10103260600040','2026-06-23 00:00:00.000','102-110',0.000000,25.000000,'L-LOKAL','10103260600040'
'10103260600040','2026-06-23 00:00:00.000','102-001',0.000000,51814350.270000,'TR-UNIT TRUCK THERMO KING','10103260600040'
'101KM260600101','2026-06-23 00:00:00.000','102-110',0.000000,1473591.120000,'KREASI SEJUK SARANA/SV-600 24V/CIM 1096246/ISUZU NMR/J138538  07128','101KM260600101'
'101KM260600101','2026-06-23 00:00:00.000','102-102',0.000000,143883.300000,'KREASI SEJUK SARANA/SV-600 24V/CIM 1096246/ISUZU NMR/J138538  07128','101KM260600101'
'101BTB260600016','2026-06-23 00:00:00.000','102-102',7027027.030000,0.000000,'(SPARE PARTS THERMO KING LOKAL) TEKNIK DIESEL INDONESIA (TDI2606/001)','101BTB260600016'
'101BTB260600030','2026-06-23 00:00:00.000','102-201',5250000.000000,0.000000,'(MATERIAL TAMBAHAN) NUGROHO TEKNIK 069/VI/2026/F.NT','101BTB260600030'
'101BTB260600030','2026-06-23 00:00:00.000','102-110',5010000.000000,0.000000,'(LOKAL) NUGROHO TEKNIK 069/VI/2026/F.NT','101BTB260600030'
'10101260600056','2026-06-23 00:00:00.000','102-113',0.000000,180000.500000,'TY-TOYO','10101260600056'
'10101260600056','2026-06-23 00:00:00.000','102-110',0.000000,371493.480000,'L-LOKAL','10101260600056'
'10101260600056','2026-06-23 00:00:00.000','102-102',0.000000,43588.000000,'TL-SPARE PARTS THERMO KING LOKAL','10101260600056'
'10101260600057','2026-06-23 00:00:00.000','102-110',0.000000,91255.250000,'L-LOKAL','10101260600057'
'10101260600057','2026-06-23 00:00:00.000','102-110',0.000000,40279.660000,'L-LOKAL','10101260600057'
'10101260600057','2026-06-23 00:00:00.000','102-110',0.000000,557240.220000,'L-LOKAL','10101260600057'
'10101260600057','2026-06-23 00:00:00.000','102-102',0.000000,130764.000000,'TL-SPARE PARTS THERMO KING LOKAL','10101260600057'
'10101260600057','2026-06-23 00:00:00.000','102-101',0.000000,1483943.450000,'TS-SPARE PARTS THERMO KING','10101260600057'
'10101260600057','2026-06-23 00:00:00.000','102-101',0.000000,910159.470000,'TS-SPARE PARTS THERMO KING','10101260600057'
'10101260600059','2026-06-23 00:00:00.000','102-110',0.000000,928733.700000,'L-LOKAL','10101260600059'
'10101260600059','2026-06-23 00:00:00.000','102-110',0.000000,2700.000000,'L-LOKAL','10101260600059'
'10101260600059','2026-06-23 00:00:00.000','102-110',0.000000,937657.050000,'L-LOKAL','10101260600059'
'10101260600059','2026-06-23 00:00:00.000','102-101',0.000000,2262454.760000,'TS-SPARE PARTS THERMO KING','10101260600059'
'10101260600059','2026-06-23 00:00:00.000','102-101',0.000000,12874.000000,'TS-SPARE PARTS THERMO KING','10101260600059'
'10101260600059','2026-06-23 00:00:00.000','102-101',0.000000,58859.570000,'TS-SPARE PARTS THERMO KING','10101260600059'
'10101260600059','2026-06-23 00:00:00.000','102-101',0.000000,138235.980000,'TS-SPARE PARTS THERMO KING','10101260600059'
'10101260600059','2026-06-23 00:00:00.000','102-101',0.000000,1439800.230000,'TS-SPARE PARTS THERMO KING','10101260600059'
'10101260600059','2026-06-23 00:00:00.000','102-101',0.000000,1656617.340000,'TS-SPARE PARTS THERMO KING','10101260600059'
'10101260600059','2026-06-23 00:00:00.000','102-101',0.000000,169701.810000,'TS-SPARE PARTS THERMO KING','10101260600059'
'10101260600059','2026-06-23 00:00:00.000','102-101',0.000000,190355.420000,'TS-SPARE PARTS THERMO KING','10101260600059'
'10101260600059','2026-06-23 00:00:00.000','102-101',0.000000,161779.420000,'TS-SPARE PARTS THERMO KING','10101260600059'
'101KM260600102','2026-06-23 00:00:00.000','102-110',0.000000,1473591.120000,'KREASI SEJUK SARANA/SV-600 24V/CIM 1096250/ISUZU NMR/J138536  07108','101KM260600102'
'101KM260600102','2026-06-23 00:00:00.000','102-102',0.000000,143883.300000,'KREASI SEJUK SARANA/SV-600 24V/CIM 1096250/ISUZU NMR/J138536  07108','101KM260600102'
'101KM260600103','2026-06-23 00:00:00.000','102-110',0.000000,1461485.710000,'PT. SENTRAS BOX INDONESIA/T-1200R/CIM 1096177/HINO FL/20598  06974','101KM260600103'
'10103260600041','2026-06-23 00:00:00.000','102-001',0.000000,215984724.820000,'TR-UNIT TRUCK THERMO KING','10103260600041'
'101KM260600118','2026-06-23 00:00:00.000','102-110',0.000000,4971185.460000,'CV. SUMBER KREASI SARANA (CEDEA KE-6)/SV-800 24V + ESTB/CIM 1096290/CD FE74 LN/010203  06894','101KM260600118'
'101KM260600118','2026-06-23 00:00:00.000','102-102',0.000000,143883.300000,'CV. SUMBER KREASI SARANA (CEDEA KE-6)/SV-800 24V + ESTB/CIM 1096290/CD FE74 LN/010203  06894','101KM260600118'
'101KM260600119','2026-06-23 00:00:00.000','102-110',0.000000,4891245.300000,'CV. SUMBER KREASI SARANA (CEDEA KE-7)/SV-800 24V + ESTB/CIM 1096289/010771  06894','101KM260600119'
'101KM260600119','2026-06-23 00:00:00.000','102-102',0.000000,143883.300000,'CV. SUMBER KREASI SARANA (CEDEA KE-7)/SV-800 24V + ESTB/CIM 1096289/010771  06894','101KM260600119'
'101260600037','2026-06-23 00:00:00.000','102-020',249707668.740000,0.000000,'CIM1096177 PT. SENTRAS BOX INDONESIA - JUMA BERLIAN                  UNIT KE-2','101260600037'
'101260600037','2026-06-23 00:00:00.000','102-001',0.000000,249707668.740000,'CIM1096177 PT. SENTRAS BOX INDONESIA - JUMA BERLIAN                  UNIT KE-2','101260600037'
'101BTB260600053','2026-06-23 00:00:00.000','102-110',1740000.000000,0.000000,'(LOKAL) KEMENANGAN K2326','101BTB260600053'
'101BTB260600056','2026-06-23 00:00:00.000','102-110',5200000.000000,0.000000,'(LOKAL) PT. THERMO ASRI MANDIRI 100/FK-TAM/VI/2026','101BTB260600056'
'101BTB260600073','2026-06-23 00:00:00.000','102-103',8675040.000000,0.000000,'(SPARE PART NORDIC) SEJUK SEJAHTERA SANTOSA (3S05.2606026)','101BTB260600073'
'101KP260600006','2026-06-23 00:00:00.000','102-102',50.000000,0.000000,'INTERN STOCK GUDANG  074','101KP260600006'
'10203260600040','2026-06-23 00:00:00.000','102-020',0.000000,51814350.270000,'101260500058 CV. SKS - CEDEA      KE-5','10203260600040'
'10203260600040','2026-06-23 00:00:00.000','102-001',51814350.270000,0.000000,'101260500058 CV. SKS - CEDEA      KE-5','10203260600040'
'10203260600041','2026-06-23 00:00:00.000','102-020',0.000000,215984724.820000,'101260600032 MITRA KAROSERI INTERNASIONAL             UNIT KE-2','10203260600041'
'10203260600041','2026-06-23 00:00:00.000','102-001',215984724.820000,0.000000,'101260600032 MITRA KAROSERI INTERNASIONAL             UNIT KE-2','10203260600041'
'10102260600028','2026-06-23 00:00:00.000','102-102',0.000000,200080.000000,'TL-SPARE PARTS THERMO KING LOKAL','10102260600028'
'101KM260600034','2026-06-23 00:00:00.000','102-110',0.000000,10.000000,'RUBAH PULLEY COMPR SV-600 24V KREASI SEJUK   KBS2606/022','101KM260600034'
'10102260600029','2026-06-23 00:00:00.000','102-101',0.000000,12858032.720000,'TS-SPARE PARTS THERMO KING','10102260600029'
'101KM260600035','2026-06-23 00:00:00.000','102-110',0.000000,376320.430000,'PERL. ESB SV-800 24V SUMBER KREASI SARANA KE - 5   KBS2606/021','101KM260600035'
'101KM260600060','2026-06-23 00:00:00.000','102-101',0.000000,1440274.230000,'PT. MANGGALA KIAT ANANDA T-1200  07.2606027','101KM260600060'
'101KM260600059','2026-06-23 00:00:00.000','102-101',0.000000,1440274.230000,'PT. MEGA INDO LOGISTIK T-1200  07.2606028','101KM260600059'
'10103260600043','2026-06-24 00:00:00.000','102-001',0.000000,41611969.910000,'TR-UNIT TRUCK THERMO KING','10103260600043'
'10103260600044','2026-06-24 00:00:00.000','102-001',0.000000,215984724.820000,'TR-UNIT TRUCK THERMO KING','10103260600044'
'10103260600039','2026-06-24 00:00:00.000','102-001',0.000000,27165189.600000,'TR-UNIT TRUCK THERMO KING','10103260600039'
'10103260600046','2026-06-24 00:00:00.000','102-001',0.000000,51744345.400000,'TR-UNIT TRUCK THERMO KING','10103260600046'
'10101260600060','2026-06-24 00:00:00.000','102-201',0.000000,49410.400000,'MT-MATERIAL TAMBAHAN','10101260600060'
'101BTB260600040','2026-06-24 00:00:00.000','102-102',1630000.000000,0.000000,'(SPARE PARTS THERMO KING LOKAL) SAMUDRA TEKNIK IVC260600061','101BTB260600040'
'10101260600061','2026-06-24 00:00:00.000','102-201',0.000000,49410.400000,'MT-MATERIAL TAMBAHAN','10101260600061'
'10101260600064','2026-06-24 00:00:00.000','102-101',0.000000,1103818.370000,'TS-SPARE PARTS THERMO KING','10101260600064'
'101BTB260600050','2026-06-24 00:00:00.000','102-110',195000.000000,0.000000,'(LOKAL) ALBERT AL8077','101BTB260600050'
'101KM260600104','2026-06-24 00:00:00.000','102-110',0.000000,2515878.940000,'PT. MITRA ABADI SEJATI (MAS)/FTS-100 12V/023TAM230626/L-300 EURO 4/003138  07121','101KM260600104'
'101KM260600104','2026-06-24 00:00:00.000','102-102',0.000000,90467.500000,'PT. MITRA ABADI SEJATI (MAS)/FTS-100 12V/023TAM230626/L-300 EURO 4/003138  07121','101KM260600104'
'10103260600042','2026-06-24 00:00:00.000','102-001',0.000000,41611969.900000,'TR-UNIT TRUCK THERMO KING','10103260600042'
'101BTB260600051','2026-06-24 00:00:00.000','102-110',13850000.000000,0.000000,'(LOKAL) MULIA JAYA 4935','101BTB260600051'
'101BTB260600047','2026-06-24 00:00:00.000','102-110',4392000.000000,0.000000,'(LOKAL) MULIA JAYA 7964','101BTB260600047'
'101BTB260600048','2026-06-24 00:00:00.000','102-110',495000.000000,0.000000,'(LOKAL) MULIA JAYA 5739','101BTB260600048'
'101BTB260600065','2026-06-24 00:00:00.000','102-101',98411256.030000,0.000000,'(SPARE PARTS THERMO KING) TK.005-290426 INV.1311189217','101BTB260600065'
'101BTB260600071','2026-06-24 00:00:00.000','102-103',375720.000000,0.000000,'(SPARE PART NORDIC) SEJUK SEJAHTERA SANTOSA (3S05.2606030)','101BTB260600071'
'101BTB260600066','2026-06-24 00:00:00.000','102-110',1850000.000000,0.000000,'(LOKAL) ALBERT AL4207','101BTB260600066'
'10203260600042','2026-06-24 00:00:00.000','102-020',0.000000,41611969.900000,'101260500031 KRS. MASTER - H. MUH NAUVAL ','10203260600042'
'10203260600042','2026-06-24 00:00:00.000','102-001',41611969.900000,0.000000,'101260500031 KRS. MASTER - H. MUH NAUVAL ','10203260600042'
'10203260600043','2026-06-24 00:00:00.000','102-020',0.000000,41611969.910000,'101260600004 UNITR ONLY','10203260600043'
'10203260600043','2026-06-24 00:00:00.000','102-001',41611969.910000,0.000000,'101260600004 UNITR ONLY','10203260600043'
'10203260600039','2026-06-24 00:00:00.000','102-020',0.000000,27165189.600000,'101260500022 CARLOSINDO UTAMA ','10203260600039'
'10203260600039','2026-06-24 00:00:00.000','102-001',27165189.600000,0.000000,'101260500022 CARLOSINDO UTAMA ','10203260600039'
'10203260600044','2026-06-24 00:00:00.000','102-020',0.000000,215984724.820000,'101260600035 METRO MOTOR            KE-1','10203260600044'
'10203260600044','2026-06-24 00:00:00.000','102-001',215984724.820000,0.000000,'101260600035 METRO MOTOR            KE-1','10203260600044'
'10203260600046','2026-06-24 00:00:00.000','102-020',0.000000,51744345.400000,'101260600024 PT. MEGA INDO LOGISTIK                                       UNIT KE-6','10203260600046'
'10203260600046','2026-06-24 00:00:00.000','102-001',51744345.400000,0.000000,'101260600024 PT. MEGA INDO LOGISTIK                                       UNIT KE-6','10203260600046'
'10102260600030','2026-06-24 00:00:00.000','102-110',0.000000,32500.000000,'L-LOKAL','10102260600030'
'10102260600030','2026-06-24 00:00:00.000','102-103',0.000000,187860.000000,'NDS-SPARE PART NORDIC','10102260600030'
'101KM260600032','2026-06-24 00:00:00.000','102-110',0.000000,2667500.000000,'KBS2606/024  KBS2606/024','101KM260600032'
'101KM260600032','2026-06-24 00:00:00.000','102-101',0.000000,3306424.500000,'KBS2606/024  KBS2606/024','101KM260600032'
'101KM260600033','2026-06-24 00:00:00.000','102-110',0.000000,10.000000,'RUBAH PULLEY COMPR SV-600 24V KREASI SEJUK SARANA  KBS2606/023','101KM260600033'
'101KM260600058','2026-06-24 00:00:00.000','102-110',0.000000,338854.630000,'SUMBER KARYA ABADI SV-600 12V  07.2606029','101KM260600058'
'1012606FR05002','2026-06-24 00:00:00.000','102-601',0.000000,5484000.000000,'(SPARE PARTS THERMO KING) TK.005-290426 INV.1311189217','1012606FR05002'
'1012606FR05002','2026-06-24 00:00:00.000','102-101',5484000.000000,0.000000,'(Ekspedisi : SPARE PARTS THERMO KING) TK.005-290426 INV.1311189217','1012606FR05002'
'101KM260600106','2026-06-25 00:00:00.000','102-110',0.000000,1093968.220000,'PT. SENTRAS BOX INDONESIA (TRAC KE-4)/SV-400 12V/CIM 1076058/ISUZU TRAGA/J580800  07101','101KM260600106'
'101KM260600106','2026-06-25 00:00:00.000','102-102',0.000000,119902.750000,'PT. SENTRAS BOX INDONESIA (TRAC KE-4)/SV-400 12V/CIM 1076058/ISUZU TRAGA/J580800  07101','101KM260600106'
'101KM260600107','2026-06-25 00:00:00.000','102-110',0.000000,2500197.720000,'PT. MITRA ABADI SEJATI (MAS) ESHAM DIMA KE-2/FTS-100 12V/020TAM190626/L-300 EURO 4/003292  07121','101KM260600107'
'101KM260600107','2026-06-25 00:00:00.000','102-102',0.000000,90467.500000,'PT. MITRA ABADI SEJATI (MAS) ESHAM DIMA KE-2/FTS-100 12V/020TAM190626/L-300 EURO 4/003292  07121','101KM260600107'
'10103260600051','2026-06-25 00:00:00.000','102-001',0.000000,41611969.910000,'TR-UNIT TRUCK THERMO KING','10103260600051'
'10101260600065','2026-06-25 00:00:00.000','102-110',0.000000,40279.660000,'L-LOKAL','10101260600065'
'10101260600065','2026-06-25 00:00:00.000','102-110',0.000000,80559.320000,'L-LOKAL','10101260600065'
'10101260600065','2026-06-25 00:00:00.000','102-103',0.000000,1735014.000000,'NDS-SPARE PART NORDIC','10101260600065'
'10101260600065','2026-06-25 00:00:00.000','102-102',0.000000,130764.000000,'TL-SPARE PARTS THERMO KING LOKAL','10101260600065'
'10101260600065','2026-06-25 00:00:00.000','102-101',0.000000,575230.320000,'TS-SPARE PARTS THERMO KING','10101260600065'
'101KM260600105','2026-06-25 00:00:00.000','102-110',0.000000,2500197.720000,'PT. MITRA ABADI SEJATI (ESHAM DIMA KE-1)/FTS-100 12V/019TAM180626/L-300 EURO 4/003565  07121','101KM260600105'
'101KM260600105','2026-06-25 00:00:00.000','102-102',0.000000,90467.500000,'PT. MITRA ABADI SEJATI (ESHAM DIMA KE-1)/FTS-100 12V/019TAM180626/L-300 EURO 4/003565  07121','101KM260600105'
'10103260600050','2026-06-25 00:00:00.000','102-001',0.000000,41611969.910000,'TR-UNIT TRUCK THERMO KING','10103260600050'
'101260600039','2026-06-25 00:00:00.000','102-020',38464452.490000,0.000000,'CIM1079943 PT. SENTRAS BOX INDONESIA - SUPA MAHKOTA LOGISTIK ','101260600039'
'101260600039','2026-06-25 00:00:00.000','102-001',0.000000,38464452.490000,'CIM1079943 PT. SENTRAS BOX INDONESIA - SUPA MAHKOTA LOGISTIK ','101260600039'
'101260600038','2026-06-25 00:00:00.000','102-020',34649470.030000,0.000000,'CIM1076058 PT. SENTRAS BOX INDONESIA - TRAC                       UNIT KE-4','101260600038'
'101260600038','2026-06-25 00:00:00.000','102-001',0.000000,34649470.030000,'CIM1076058 PT. SENTRAS BOX INDONESIA - TRAC                       UNIT KE-4','101260600038'
'101KP260600003','2026-06-25 00:00:00.000','102-110',90.000000,0.000000,'INTERN, STOCK GUDANG  086','101KP260600003'
'101KP260600005','2026-06-25 00:00:00.000','102-101',2823619.000000,0.000000,'RETURN SPAREPART  092','101KP260600005'
'10203260600050','2026-06-25 00:00:00.000','102-020',0.000000,41611969.910000,'101260600034 CV. KREASI SEJUK SARANA ','10203260600050'
'10203260600050','2026-06-25 00:00:00.000','102-001',41611969.910000,0.000000,'101260600034 CV. KREASI SEJUK SARANA ','10203260600050'
'10203260600051','2026-06-25 00:00:00.000','102-020',0.000000,41611969.910000,'101260600033 CV. KREASI SEJUK SARANA ','10203260600051'
'10203260600051','2026-06-25 00:00:00.000','102-001',41611969.910000,0.000000,'101260600033 CV. KREASI SEJUK SARANA ','10203260600051'
'101KM260600031','2026-06-25 00:00:00.000','102-102',0.000000,140335.330000,'INTERN., MUTASI STOCK SPAREPART 78-1852  KBS2606/026','101KM260600031'
'10102260600031','2026-06-25 00:00:00.000','102-101',0.000000,2564281.970000,'TS-SPARE PARTS THERMO KING','10102260600031'
'101KM260600056','2026-06-25 00:00:00.000','102-102',0.000000,971440.000000,'PT. CIPTA MANUNGGAL T-1080  07.2606031','101KM260600056'
'101KM260600056','2026-06-25 00:00:00.000','102-101',0.000000,882405.480000,'PT. CIPTA MANUNGGAL T-1080  07.2606031','101KM260600056'
'101KM260600057','2026-06-25 00:00:00.000','102-110',0.000000,338854.630000,'GOLDEN KING KAROSERI SV-600 24V  07.2606030','101KM260600057'
'101KM260600057','2026-06-25 00:00:00.000','102-101',0.000000,6778152.540000,'GOLDEN KING KAROSERI SV-600 24V  07.2606030','101KM260600057'
'10103260600052','2026-06-26 00:00:00.000','102-001',0.000000,34649470.030000,'TR-UNIT TRUCK THERMO KING','10103260600052'
'10103260600047','2026-06-26 00:00:00.000','102-001',0.000000,249707668.740000,'TR-UNIT TRUCK THERMO KING','10103260600047'
'10103260600048','2026-06-26 00:00:00.000','102-010',0.000000,6190148.150000,'TYU-TOYO UNIT','10103260600048'
'10103260600049','2026-06-26 00:00:00.000','102-001',0.000000,34649470.030000,'TR-UNIT TRUCK THERMO KING','10103260600049'
'101KM260600113','2026-06-26 00:00:00.000','102-110',0.000000,1055068.660000,'PT. LINTAS BERSAMA LOGISTIK (WINGS CORP) KE-17/NR-450I 12V/701010644BFCZI015/ISUZU TRAGA/J579518  07','101KM260600113'
'101KM260600113','2026-06-26 00:00:00.000','102-102',0.000000,119902.750000,'PT. LINTAS BERSAMA LOGISTIK (WINGS CORP) KE-17/NR-450I 12V/701010644BFCZI015/ISUZU TRAGA/J579518  07','101KM260600113'
'101KM260600114','2026-06-26 00:00:00.000','102-110',0.000000,889029.930000,'PT. SENTRAS BOX INDONESIA/SV-600 12V/CIM 1079943/ISUZU NLR/J088747  07061','101KM260600114'
'101KM260600114','2026-06-26 00:00:00.000','102-102',0.000000,130803.000000,'PT. SENTRAS BOX INDONESIA/SV-600 12V/CIM 1079943/ISUZU NLR/J088747  07061','101KM260600114'
'10101260600067','2026-06-26 00:00:00.000','102-201',0.000000,49410.400000,'MT-MATERIAL TAMBAHAN','10101260600067'
'10101260600068','2026-06-26 00:00:00.000','102-201',0.000000,49410.400000,'MT-MATERIAL TAMBAHAN','10101260600068'
'10101260600069','2026-06-26 00:00:00.000','102-110',0.000000,557240.220000,'L-LOKAL','10101260600069'
'10101260600069','2026-06-26 00:00:00.000','102-102',0.000000,169021.080000,'TL-SPARE PARTS THERMO KING LOKAL','10101260600069'
'10101260600069','2026-06-26 00:00:00.000','102-102',0.000000,130764.000000,'TL-SPARE PARTS THERMO KING LOKAL','10101260600069'
'101BTB260600062','2026-06-26 00:00:00.000','102-102',300000.000000,0.000000,'(SPARE PARTS THERMO KING LOKAL) JAYA DIESEL (08431)','101BTB260600062'
'101BTB260600063','2026-06-26 00:00:00.000','102-001',1558469088.000000,0.000000,'(UNIT TRUCK THERMO KING) SUM.602A-070526 INV.5002079','101BTB260600063'
'10203260600052','2026-06-26 00:00:00.000','102-020',0.000000,34649470.030000,'101260600038 PT. SENTRAS BOX INDONESIA - TRAC                       UNIT KE-4','10203260600052'
'10203260600052','2026-06-26 00:00:00.000','102-001',34649470.030000,0.000000,'101260600038 PT. SENTRAS BOX INDONESIA - TRAC                       UNIT KE-4','10203260600052'
'10203260600047','2026-06-26 00:00:00.000','102-020',0.000000,249707668.740000,'101260600037 PT. SENTRAS BOX INDONESIA - JUMA BERLIAN                  UNIT KE-2','10203260600047'
'10203260600047','2026-06-26 00:00:00.000','102-001',249707668.740000,0.000000,'101260600037 PT. SENTRAS BOX INDONESIA - JUMA BERLIAN                  UNIT KE-2','10203260600047'
'10203260600049','2026-06-26 00:00:00.000','102-020',0.000000,34649470.030000,'101260600029 CV. ULTIMA JAYA ','10203260600049'
'10203260600049','2026-06-26 00:00:00.000','102-001',34649470.030000,0.000000,'101260600029 CV. ULTIMA JAYA ','10203260600049'
'101KM260600030','2026-06-26 00:00:00.000','102-110',0.000000,9.840000,'PERL. UNIT SV-600 12V SENTRA BOX SUPA MAHKOTA  KBS2606/028','101KM260600030'
'101KM260600030','2026-06-26 00:00:00.000','102-101',0.000000,1112889.330000,'PERL. UNIT SV-600 12V SENTRA BOX SUPA MAHKOTA  KBS2606/028','101KM260600030'
'101KM260600055','2026-06-26 00:00:00.000','102-101',0.000000,3596008.400000,'PT. KRISTAL TRANSPORTASI T-1200  07.2606032','101KM260600055'
'1012606FR05003','2026-06-26 00:00:00.000','102-601',0.000000,9090300.000000,'(UNIT TRUCK THERMO KING) SUM.602A-070526 INV.5002079','1012606FR05003'
'1012606FR05003','2026-06-26 00:00:00.000','102-001',9090300.000000,0.000000,'(Ekspedisi : UNIT TRUCK THERMO KING) SUM.602A-070526 INV.5002079','1012606FR05003'
'101BTB260600045','2026-06-27 00:00:00.000','102-110',11400000.000000,0.000000,'(LOKAL) MULIA JAYA 1922','101BTB260600045'
'101BTB260600064','2026-06-27 00:00:00.000','102-001',4142404008.000000,0.000000,'(UNIT TRUCK THERMO KING) SUM.602B - 070526 INV.5002078','101BTB260600064'
'1012606FR05004','2026-06-27 00:00:00.000','102-601',0.000000,24161800.000000,'(UNIT TRUCK THERMO KING) SUM.602B-070526 INV.5002078','1012606FR05004'
'1012606FR05004','2026-06-27 00:00:00.000','102-001',24161800.000000,0.000000,'(Ekspedisi : UNIT TRUCK THERMO KING) SUM.602B-070526 INV.5002078','1012606FR05004'
'101KP260600004','2026-06-28 00:00:00.000','102-110',140.000000,0.000000,'INTERN, MUTASI DARI TL.78-1853  084','101KP260600004'
'101KP260600004','2026-06-28 00:00:00.000','102-102',136996.000000,0.000000,'INTERN, MUTASI DARI TL.78-1853  084','101KP260600004'
'10101260600070','2026-06-29 00:00:00.000','102-110',0.000000,371493.480000,'L-LOKAL','10101260600070'
'10101260600070','2026-06-29 00:00:00.000','102-102',0.000000,43588.000000,'TL-SPARE PARTS THERMO KING LOKAL','10101260600070'
'10101260600070','2026-06-29 00:00:00.000','102-101',0.000000,3575522.140000,'TS-SPARE PARTS THERMO KING','10101260600070'
'10101260600070','2026-06-29 00:00:00.000','102-101',0.000000,1483943.450000,'TS-SPARE PARTS THERMO KING','10101260600070'
'101BTB260600042','2026-06-29 00:00:00.000','102-110',3250000.000000,0.000000,'(LOKAL) NUGROHO TEKNIK (071/VI/2026)','101BTB260600042'
'10101260600071','2026-06-29 00:00:00.000','102-110',0.000000,928733.700000,'L-LOKAL','10101260600071'
'10101260600071','2026-06-29 00:00:00.000','102-101',0.000000,1656617.340000,'TS-SPARE PARTS THERMO KING','10101260600071'
'101BTB260600044','2026-06-29 00:00:00.000','102-110',1295000.000000,0.000000,'(LOKAL) MULIA JAYA 1425 ','101BTB260600044'
'10101260600073','2026-06-29 00:00:00.000','102-201',0.000000,49410.400000,'MT-MATERIAL TAMBAHAN','10101260600073'
'10101260600073','2026-06-29 00:00:00.000','102-110',0.000000,371493.480000,'L-LOKAL','10101260600073'
'10101260600073','2026-06-29 00:00:00.000','102-102',0.000000,43588.000000,'TL-SPARE PARTS THERMO KING LOKAL','10101260600073'
'10101260600074','2026-06-29 00:00:00.000','102-110',0.000000,42912.480000,'L-LOKAL','10101260600074'
'10101260600074','2026-06-29 00:00:00.000','102-101',0.000000,5184069.020000,'TS-SPARE PARTS THERMO KING','10101260600074'
'10101260600074','2026-06-29 00:00:00.000','102-101',0.000000,1439800.230000,'TS-SPARE PARTS THERMO KING','10101260600074'
'10101260600075','2026-06-29 00:00:00.000','102-110',0.000000,302058.610000,'L-LOKAL','10101260600075'
'10101260600075','2026-06-29 00:00:00.000','102-110',0.000000,80503.190000,'L-LOKAL','10101260600075'
'10101260600075','2026-06-29 00:00:00.000','102-110',0.000000,167500.000000,'L-LOKAL','10101260600075'
'10101260600075','2026-06-29 00:00:00.000','102-110',0.000000,959400.720000,'L-LOKAL','10101260600075'
'10101260600075','2026-06-29 00:00:00.000','102-110',0.000000,40279.660000,'L-LOKAL','10101260600075'
'10101260600075','2026-06-29 00:00:00.000','102-110',0.000000,371493.480000,'L-LOKAL','10101260600075'
'10101260600075','2026-06-29 00:00:00.000','102-110',0.000000,34342.900000,'L-LOKAL','10101260600075'
'10101260600075','2026-06-29 00:00:00.000','102-110',0.000000,240091.430000,'L-LOKAL','10101260600075'
'10101260600075','2026-06-29 00:00:00.000','102-110',0.000000,2667500.000000,'L-LOKAL','10101260600075'
'10101260600075','2026-06-29 00:00:00.000','102-102',0.000000,130764.000000,'TL-SPARE PARTS THERMO KING LOKAL','10101260600075'
'10101260600075','2026-06-29 00:00:00.000','102-102',0.000000,770000.000000,'TL-SPARE PARTS THERMO KING LOKAL','10101260600075'
'101BTB260600054','2026-06-29 00:00:00.000','102-110',6720000.000000,0.000000,'(LOKAL) KEMENANGAN K2926','101BTB260600054'
'101BTB260600072','2026-06-29 00:00:00.000','102-103',1850700.000000,0.000000,'(SPARE PART NORDIC) SEJUK SEJAHTERA SANTOSA (3S05.2606034)','101BTB260600072'
'101260600040','2026-06-29 00:00:00.000','102-020',27294433.570000,0.000000,'CIM1096224 PT. SENTRAS BOX INDONESIA -BORNEO AUTO CEMERLANG ','101260600040'
'101260600040','2026-06-29 00:00:00.000','102-001',0.000000,27294433.570000,'CIM1096224 PT. SENTRAS BOX INDONESIA -BORNEO AUTO CEMERLANG ','101260600040'
'101KP260600008','2026-06-29 00:00:00.000','102-103',412500.000000,0.000000,'INTERN,  100A','101KP260600008'
'101KM260600028','2026-06-29 00:00:00.000','102-110',0.000000,841666.670000,'RAKIT CONTROL PANEL LC.01.0022)  KBS2606/030','101KM260600028'
'101KM260600029','2026-06-29 00:00:00.000','102-110',0.000000,376320.430000,'PERL. ESB SV-800 24V SUMBER KREASI SARANA KE - 7  KBS2606/029','101KM260600029'
'10103260600054','2026-06-30 00:00:00.000','102-001',0.000000,38464452.490000,'TR-UNIT TRUCK THERMO KING','10103260600054'
'10103260600056','2026-06-30 00:00:00.000','102-001',0.000000,50595413.020000,'TR-UNIT TRUCK THERMO KING','10103260600056'
'101KM260600120','2026-06-30 00:00:00.000','102-110',0.000000,1093968.220000,'PT. SENTRAS BOX INDONESIA/RV-300 12V/CIM 1096224/ISUZU TRAGA/J582352  07163','101KM260600120'
'101KM260600120','2026-06-30 00:00:00.000','102-102',0.000000,119902.750000,'PT. SENTRAS BOX INDONESIA/RV-300 12V/CIM 1096224/ISUZU TRAGA/J582352  07163','101KM260600120'
'101BTB260600046','2026-06-30 00:00:00.000','102-110',1850000.000000,0.000000,'(LOKAL) MULIA JAYA 6421 ','101BTB260600046'
'101BTB260600052','2026-06-30 00:00:00.000','102-110',2445000.000000,0.000000,'(LOKAL) ALBERT 712','101BTB260600052'
'10101260600078','2026-06-30 00:00:00.000','102-110',0.000000,928733.700000,'L-LOKAL','10101260600078'
'101BTB260600070','2026-06-30 00:00:00.000','102-102',15020000.000000,0.000000,'(SPARE PARTS THERMO KING LOKAL) AMARI INTI ROYAL (AIR926060502)','101BTB260600070'
'101BTB260600058','2026-06-30 00:00:00.000','102-010',11498000.000000,0.000000,'(TOYO UNIT) PT. THERMO ASRI MANDIRI 105/FK-TAM/VI/2026','101BTB260600058'
'101260600041','2026-06-30 00:00:00.000','102-020',215984724.820000,0.000000,'CIM1096174 PT. MITRA KAROSERI INTERNATIONAL         KE-3','101260600041'
'101260600041','2026-06-30 00:00:00.000','102-001',0.000000,215984724.820000,'CIM1096174 PT. MITRA KAROSERI INTERNATIONAL         KE-3','101260600041'
'101BTB260600067','2026-06-30 00:00:00.000','102-110',2825000.000000,0.000000,'(LOKAL) ALBERT AL7942 ','101BTB260600067'
'101KP260600007','2026-06-30 00:00:00.000','102-101',7663420.000000,0.000000,'TRANE INDONESIA  113','101KP260600007'
'10106260600001','2026-06-30 00:00:00.000','102-003',0.000000,19250000.000000,'NR-NORDIC','10106260600001'
'10106260600002','2026-06-30 00:00:00.000','102-003',0.000000,48000000.000000,'NR-NORDIC','10106260600002'
'10106260600003','2026-06-30 00:00:00.000','102-003',0.000000,48000000.000000,'NR-NORDIC','10106260600003'
'10106260600004','2026-06-30 00:00:00.000','102-003',0.000000,31500000.000000,'NR-NORDIC','10106260600004'
'10203260600054','2026-06-30 00:00:00.000','102-020',0.000000,38464452.490000,'101260600039 PT. SENTRAS BOX INDONESIA - SUPA MAHKOTA LOGISTIK ','10203260600054'
'10203260600054','2026-06-30 00:00:00.000','102-001',38464452.490000,0.000000,'101260600039 PT. SENTRAS BOX INDONESIA - SUPA MAHKOTA LOGISTIK ','10203260600054'
'10203260600056','2026-06-30 00:00:00.000','102-020',0.000000,50595413.020000,'101260200069 BAHARI TRANS LOGISTIK   KE-5','10203260600056'
'10203260600056','2026-06-30 00:00:00.000','102-001',50595413.020000,0.000000,'101260200069 BAHARI TRANS LOGISTIK   KE-5','10203260600056'
'101KM260600026','2026-06-30 00:00:00.000','102-110',0.000000,376320.430000,'PERL. ESB SV-800 24V SUMBER KREASI SARANA KE - 6   KBS2606/032','101KM260600026'
'101KM260600027','2026-06-30 00:00:00.000','102-110',0.000000,200648.000000,'KONSINYASI SPAREPART  KBS2606/031','101KM260600027'
'101KM260600027','2026-06-30 00:00:00.000','102-103',0.000000,551099.760000,'KONSINYASI SPAREPART  KBS2606/031','101KM260600027'
'101KM260600027','2026-06-30 00:00:00.000','102-102',0.000000,169021.080000,'KONSINYASI SPAREPART  KBS2606/031','101KM260600027'
'101KM260600027','2026-06-30 00:00:00.000','102-101',0.000000,523455.900000,'KONSINYASI SPAREPART  KBS2606/031','101KM260600027'
'101KM260600052','2026-06-30 00:00:00.000','102-110',0.000000,338854.630000,'HAJJAH KOIDAH SV-600 24V  07.2606035','101KM260600052'
'101KM260600052','2026-06-30 00:00:00.000','102-103',0.000000,275549.880000,'HAJJAH KOIDAH SV-600 24V  07.2606035','101KM260600052'
'101KM260600052','2026-06-30 00:00:00.000','102-101',0.000000,1483943.450000,'HAJJAH KOIDAH SV-600 24V  07.2606035','101KM260600052'
'101KM260600053','2026-06-30 00:00:00.000','102-101',0.000000,405929.530000,'PT. WINSON SINGA LOGISTIK T-1280E  07.2606034','101KM260600053'
'101KM260600054','2026-06-30 00:00:00.000','102-101',0.000000,5355702.930000,'PT. MODERN PRIMA T-1080   07.2606033','101KM260600054'
'10206260600001','2026-06-30 00:00:00.000','102-020',0.000000,19250000.000000,'101260500063 U/ PT. LINTAS MITRA ANUGERAH SEJATI KE - 2 ','10206260600001'
'10206260600001','2026-06-30 00:00:00.000','102-003',19250000.000000,0.000000,'101260500063 U/ PT. LINTAS MITRA ANUGERAH SEJATI KE - 2 ','10206260600001'
'10206260600002','2026-06-30 00:00:00.000','102-020',0.000000,48000000.000000,'101260600027 U/ PT. LINTAS MITRA ANUGERAH SEJATI KE - 3','10206260600002'
'10206260600002','2026-06-30 00:00:00.000','102-003',48000000.000000,0.000000,'101260600027 U/ PT. LINTAS MITRA ANUGERAH SEJATI KE - 3','10206260600002'
'10206260600003','2026-06-30 00:00:00.000','102-020',0.000000,48000000.000000,'101260600028 U/ PT. LINTAS MITRA ANUGERAH SEJATI KE - 4','10206260600003'
'10206260600003','2026-06-30 00:00:00.000','102-003',48000000.000000,0.000000,'101260600028 U/ PT. LINTAS MITRA ANUGERAH SEJATI KE - 4','10206260600003'
'10206260600004','2026-06-30 00:00:00.000','102-020',0.000000,31500000.000000,'101260500064 U/ PT. LINTAS MITRA ANUGERAH SEJATI KE - 1','10206260600004'
'10206260600004','2026-06-30 00:00:00.000','102-003',31500000.000000,0.000000,'101260500064 U/ PT. LINTAS MITRA ANUGERAH SEJATI KE - 1','10206260600004'
